ID,CONF_ID,dft_energy,amoeba_energy,label_e,sample_weight,division
md6n,0,-371.8382907330203,-384.5017,12.663409266979727,1,0
md6n,1,-375.0891351534926,-387.4825,12.393364846507438,1,4
md6n,2,-383.4926932250219,-395.5316,12.038906774978102,1,0
md6n,3,-385.6007126684773,-398.0587,12.457987331522702,1,6
md6n,4,-376.32142548620374,-389.3464,13.02497451379628,1,3
md6n,5,-370.6421976870141,-383.8184,13.176202312985879,1,7
md6n,6,-380.503950318901,-393.8697,13.365749681099032,1,0
md6n,7,-387.28390219426217,-400.6083,13.324397805737817,1,1
md6n,8,-381.68576123724904,-395.344,13.658238762750955,1,5
md6n,9,-372.3715738314208,-386.2726,13.901026168579222,1,6
md6n,10,-373.2244854234361,-386.8516,13.62711457656394,1,9
md6n,11,-380.92112273198086,-393.8858,12.964677268019159,1,0
md6n,12,-384.1617255617585,-397.0832,12.92147443824149,1,8
md6n,13,-377.2691469367066,-390.8848,13.615653063293394,1,7
md6n,14,-370.0884326622311,-384.2363,14.1478673377689,1,6
md6n,15,-377.1723554016222,-391.6108,14.438444598377771,1,9
md6n,16,-385.3827633852976,-399.3313,13.948536614702391,1,4
md6n,17,-382.1368555860092,-395.5254,13.388544413990815,1,9
md6n,18,-373.3771855893445,-386.4819,13.104714410655504,1,5
md6n,19,-372.17989525436434,-384.8818,12.701904745635659,1,4
md6n,20,-378.9355675127495,-391.1188,12.183232487250507,1,0
md6n,21,-382.82264620464514,-394.9981,12.175453795354883,1,4
md6n,22,-378.4838042384123,-391.5082,13.024395761587698,1,9
md6n,23,-370.9338034665656,-384.4051,13.471296533434383,1,6
md6n,24,-374.7289544535997,-388.095,13.3660455464003,1,7
md6n,25,-384.0300507458529,-396.8753,12.845249254147063,1,4
md6n,26,-383.6970619368663,-396.2106,12.513538063133694,1,7
md6n,27,-376.57921726193763,-389.4962,12.916982738062359,1,4
md6n,28,-372.11383162902337,-385.0964,12.98256837097665,1,9
md6n,29,-377.7105964566063,-390.3835,12.672903543393716,1,3
md6n,30,-382.5365857311037,-394.8579,12.321314268896288,1,6
md6n,31,-379.3655423848608,-392.0418,12.676257615139207,1,6
md6n,32,-371.64223903879326,-384.6926,13.050360961206763,1,7
md6n,33,-373.21351152846853,-386.4147,13.201188471531452,1,5
md6n,34,-382.63655999677906,-395.94,13.303440003220942,1,5
md6n,35,-382.9434525474324,-396.0603,13.116847452567583,1,6
md6n,36,-376.3529948868041,-389.5397,13.186705113195899,1,9
md6n,37,-371.7468593884561,-384.5772,12.830340611543932,1,0
md6n,38,-377.01226065788626,-389.3396,12.32733934211376,1,7
md6n,39,-381.73247998428786,-393.7299,11.997420015712123,1,5
md6n,40,-378.28037679160127,-390.6758,12.39542320839871,1,5
md6n,41,-370.77384865750656,-383.7361,12.96225134249346,1,6
md6n,42,-371.25568283857393,-384.2308,12.975117161426056,1,8
md6n,43,-381.0950873293845,-393.8276,12.732512670615506,1,4
md6n,44,-382.929306589431,-395.0605,12.131193410568983,1,9
md6n,45,-376.27294406366764,-388.2872,12.014255936332347,1,3
md6n,46,-371.9678401724893,-384.103,12.135159827510734,1,9
md6n,47,-375.48390483199006,-387.3452,11.861295168009917,1,6
md6n,48,-381.65030001969455,-393.2271,11.576799980305452,1,0
md6n,49,-379.6999707016881,-391.4534,11.753429298311914,1,2
md6n,50,-372.0807122787062,-384.5078,12.427087721293788,1,4
md6n,51,-370.1003396645456,-382.6662,12.565860335454431,1,8
md6n,52,-379.8168764421888,-392.1486,12.331723557811188,1,2
md6n,53,-385.0466163183512,-397.0351,11.988483681648802,1,3
md6n,54,-377.6498076803292,-389.5394,11.889592319670783,1,3
md6n,55,-372.4638730222686,-384.7066,12.242726977731365,1,5
md6n,56,-374.81019942833603,-386.7744,11.96420057166398,1,1
md6n,57,-382.1307750140653,-393.7963,11.665524985934667,1,6
md6n,58,-381.0335857017241,-392.7573,11.723714298275866,1,8
md6n,59,-372.27720636751314,-384.471,12.193793632486859,1,4
md6n,60,-368.26287680522574,-380.4597,12.196823194774254,1,9
md6n,61,-377.5774764851871,-389.467,11.889523514812879,1,3
md6n,62,-386.01073335009954,-397.8463,11.835566649900443,1,2
md6n,63,-378.8080242226512,-390.7572,11.949175777348785,1,0
md6n,64,-370.69132105234,-383.1255,12.434178947659973,1,5
md6n,65,-373.14456072975986,-385.5591,12.414539270240141,1,9
md6n,66,-381.6692696469902,-393.6703,12.00103035300981,1,2
md6n,67,-382.5421799826614,-394.3819,11.83972001733855,1,8
md6n,68,-373.5794697128989,-385.7886,12.209130287101061,1,4
md6n,69,-366.74666455283773,-379.271,12.524335447162287,1,3
md6n,70,-373.625595462981,-385.8901,12.264504537019036,1,8
md6n,71,-385.585888999709,-397.4132,11.82731100029099,1,8
md6n,72,-383.3081475541795,-394.9684,11.660252445820447,1,3
md6n,73,-371.67435249051726,-383.552,11.877647509482756,1,9
md6n,74,-371.56081898876363,-383.7119,12.151081011236386,1,8
md6n,75,-381.0843845187237,-393.0129,11.928515481276293,1,5
md6n,76,-385.4472086621991,-397.372,11.924791337800912,1,4
md6n,77,-377.42714705209886,-389.909,12.481852947901132,1,1
md6n,78,-367.8902789375045,-380.9047,13.0144210624955,1,6
md6n,79,-370.8762658197449,-383.7279,12.851634180255076,1,9
md6n,80,-383.8388515865029,-396.3661,12.527248413497091,1,0
md6n,81,-386.77251354729754,-399.5406,12.768086452702448,1,2
md6n,82,-374.43319393033113,-387.8986,13.465406069668859,1,7
md6n,83,-369.2990941083101,-383.5627,14.263605891689906,1,5
md6n,84,-378.5557997156878,-392.9188,14.363000284312193,1,5
md6n,85,-386.2460006543144,-400.2205,13.974499345685615,1,3
md6n,86,-380.47871123929417,-394.3297,13.850988760705832,1,0
md6n,87,-369.09750589340547,-383.032,13.934494106594514,1,0
md6n,88,-367.7564028165419,-381.3949,13.638497183458128,1,5
md6n,89,-379.9100654423661,-392.9991,13.089034557633909,1,1
md6n,90,-387.87906970137,-400.74,12.860930298630024,1,5
md6n,91,-379.49865545360035,-392.8488,13.350144546399633,1,0
md6n,92,-368.5080662974987,-382.3178,13.809733702501262,1,6
md6n,93,-374.9424534359817,-388.7764,13.833946564018333,1,2
md6n,94,-386.53913065565933,-399.9621,13.422969344340686,1,3
md6n,95,-384.93654165180754,-398.3859,13.449358348192447,1,6
md6n,96,-373.39976402658084,-387.4415,14.04173597341918,1,6
md6n,97,-367.4284002019329,-381.5844,14.155999798067114,1,2
md6n,98,-376.1791808919199,-389.7752,13.5960191080801,1,1
md6n,99,-387.28306572343206,-400.2374,12.95433427656792,1,0
md6n,100,-385.2739079704883,-398.4429,13.168992029511685,1,7
md6n,101,-372.76253264175415,-386.5205,13.757967358245878,1,0
md6n,102,-372.5438159138278,-386.8154,14.271584086172197,1,3
md6n,103,-385.06992580485377,-399.4612,14.391274195146252,1,8
md6n,104,-388.48154079731887,-402.6105,14.12895920268113,1,6
md6n,105,-379.3294511470805,-393.5304,14.20094885291951,1,8
md6n,106,-370.19791244945066,-384.3257,14.127787550549328,1,3
md6n,107,-373.8952967509001,-387.599,13.703703249099874,1,0
md6n,108,-385.15183029261675,-398.3455,13.193669707383265,1,0
md6n,109,-387.82648499082063,-401.174,13.347515009179347,1,6
md6n,110,-377.7258706774982,-391.8633,14.13742932250176,1,2
md6n,111,-371.6434313077403,-386.3111,14.667668692259724,1,9
md6n,112,-381.95892324288826,-396.7636,14.804676757111736,1,1
md6n,113,-389.55947935786116,-404.0109,14.451420642138828,1,5
md6n,114,-383.77178457272487,-398.2488,14.477015427275148,1,6
md6n,115,-373.2917613979745,-387.8315,14.539738602025523,1,9
md6n,116,-372.5758063736084,-386.5438,13.967993626391603,1,5
md6n,117,-382.50307355954305,-395.4921,12.98902644045694,1,3
md6n,118,-388.64889834189194,-401.0242,12.375301658108071,1,6
md6n,119,-382.9215844514232,-395.6387,12.717115548576771,1,8
md6n,120,-373.4518297864265,-386.4592,13.007370213573495,1,9
md6n,121,-378.9459333503943,-392.1269,13.180966649605693,1,1
md6n,122,-389.33623263521105,-402.3562,13.019967364788954,1,5
md6n,123,-388.19344279866783,-401.0963,12.902857201332154,1,7
md6n,124,-378.5932055868553,-391.598,13.004794413144737,1,2
md6n,125,-373.56459960845365,-386.2894,12.724800391546353,1,9
md6n,126,-380.30642334871357,-392.4339,12.127476651286429,1,9
md6n,127,-388.34982582091266,-399.9611,11.611274179087332,1,6
md6n,128,-386.8508267953566,-398.8346,11.983773204643398,1,9
md6n,129,-377.18425801141314,-389.8539,12.669641988586875,1,3
md6n,130,-376.92177308836875,-390.0926,13.170826911631252,1,3
md6n,131,-387.14319939200874,-400.3839,13.240700607991243,1,7
md6n,132,-390.06260746322465,-403.0364,12.973792536775363,1,2
md6n,133,-382.68735316624833,-395.6938,13.006446833751681,1,5
md6n,134,-375.02808721561536,-387.819,12.790912784384659,1,6
md6n,135,-378.11480765059144,-390.2891,12.174292349408574,1,1
md6n,136,-386.34857532146657,-397.8097,11.461124678533452,1,3
md6n,137,-387.87673599167636,-399.3708,11.494064008323619,1,4
md6n,138,-379.86411978760424,-391.9515,12.087380212395772,1,7
md6n,139,-375.7933444457636,-388.3192,12.525855554236443,1,4
md6n,140,-384.2652985973208,-397.0205,12.755201402679234,1,3
md6n,141,-390.0727586925788,-402.7164,12.643641307421206,1,1
md6n,142,-385.73895312142076,-398.4748,12.735846878579252,1,2
md6n,143,-377.2939128737833,-389.8995,12.605587126216676,1,3
md6n,144,-376.92545406205244,-388.9727,12.047245937947537,1,6
md6n,145,-384.4224779296097,-395.6764,11.253922070390274,1,0
md6n,146,-388.4978955904176,-399.3929,10.895004409582384,1,4
md6n,147,-383.15385351289086,-394.4598,11.30594648710911,1,6
md6n,148,-376.5672525287429,-388.3205,11.753247471257055,1,6
md6n,149,-381.83302779417295,-393.9366,12.10357220582705,1,6
md6n,150,-389.42618870381483,-401.4846,12.05841129618517,1,2
md6n,151,-388.5068325879217,-400.6705,12.163667412078325,1,1
md6n,152,-380.6777404685147,-393.0165,12.338759531485323,1,8
md6n,153,-376.869583709219,-388.9618,12.092216290780982,1,1
md6n,154,-382.47210092091956,-393.9684,11.496299079080416,1,8
md6n,155,-388.172955224755,-399.3005,11.127544775244985,1,1
md6n,156,-385.31780480508,-396.9032,11.585395194920011,1,9
md6n,157,-377.7943715515866,-390.0777,12.283328448413386,1,0
md6n,158,-379.66410787770036,-392.5708,12.90669212229966,1,3
md6n,159,-387.10806698964115,-400.1857,13.077633010358852,1,9
md6n,160,-388.7841091766347,-401.8538,13.069690823365306,1,3
md6n,161,-382.9612317881484,-395.9867,13.025468211851603,1,8
md6n,162,-377.3540088790701,-389.9113,12.557291120929904,1,9
md6n,163,-380.5341260198344,-392.4014,11.867273980165635,1,8
md6n,164,-386.66659299682493,-397.962,11.295407003175058,1,9
md6n,165,-386.1207484032529,-397.5279,11.407151596747099,1,1
md6n,166,-379.3704859085817,-391.2771,11.906614091418305,1,2
md6n,167,-378.86733835047124,-391.3369,12.46956164952877,1,3
md6n,168,-385.24767742500836,-397.9839,12.736222574991643,1,2
md6n,169,-388.4234471765253,-401.2162,12.7927528234747,1,3
md6n,170,-385.035582810136,-398.0775,13.041917189863966,1,0
md6n,171,-379.0614886893881,-392.046,12.984511310611879,1,6
md6n,172,-379.77347094801013,-392.2839,12.510429051989888,1,7
md6n,173,-385.6811657255504,-397.5857,11.904534274449588,1,4
md6n,174,-387.1214580531058,-398.9375,11.816041946894188,1,9
md6n,175,-381.3861961209927,-393.6175,12.231303879007328,1,7
md6n,176,-379.08538238765766,-391.8667,12.78131761234232,1,7
md6n,177,-384.36737000149606,-397.5364,13.169029998503959,1,7
md6n,178,-388.04524438954644,-401.3454,13.300155610453544,1,9
md6n,179,-386.3988087519428,-399.9773,13.578491248057219,1,6
md6n,180,-381.0083591721846,-394.5757,13.567340827815372,1,3
md6n,181,-379.4371933590799,-392.5787,13.141506640920113,1,3
md6n,182,-384.1526825151872,-396.8973,12.74461748481275,1,8
md6n,183,-386.7639938440962,-399.551,12.787006155903782,1,3
md6n,184,-382.292748522705,-395.5648,13.272051477295008,1,2
md6n,185,-379.00496007853474,-392.9043,13.899339921465241,1,7
md6n,186,-383.14095127968307,-397.5591,14.418148720316935,1,2
md6n,187,-386.70761960063976,-401.1751,14.467480399360227,1,0
md6n,188,-386.15607031363385,-400.6738,14.51772968636618,1,9
md6n,189,-382.3323531889161,-396.7924,14.460046811083885,1,7
md6n,190,-379.8017703940532,-393.7663,13.96452960594678,1,2
md6n,191,-383.13510853408235,-396.3879,13.252791465917653,1,7
md6n,192,-386.3396320489289,-399.0341,12.694467951071147,1,1
md6n,193,-383.14476905052686,-395.6775,12.532730949473148,1,3
md6n,194,-379.4055718752723,-392.0315,12.625928124727693,1,2
md6n,195,-382.9991340197558,-395.9191,12.919965980244228,1,2
md6n,196,-386.7401854871402,-399.8782,13.138014512859797,1,7
md6n,197,-386.0746283008438,-399.6374,13.562771699156201,1,2
md6n,198,-383.27476527724195,-397.2974,14.022634722758028,1,4
md6n,199,-380.8682499943912,-394.696,13.827750005608834,1,2
md6n,200,-382.9164382418329,-396.1569,13.2404617581671,1,7
md6n,201,-386.1806831383203,-399.042,12.861316861679654,1,9
md6n,202,-384.18859805002825,-397.1465,12.957901949971756,1,8
md6n,203,-379.9064039214294,-393.204,13.29759607857062,1,5
md6n,204,-382.51588731363506,-396.3708,13.854912686364912,1,7
md6n,205,-386.67991691671625,-400.9189,14.238983083283756,1,4
md6n,206,-385.8294275132249,-400.2273,14.3978724867751,1,2
md6n,207,-383.4637267359118,-398.0222,14.558473264088207,1,5
md6n,208,-381.46682739087595,-395.7355,14.268672609124053,1,9
md6n,209,-382.31651797402435,-395.9368,13.620282025975655,1,2
md6n,210,-385.2255238119724,-398.3283,13.102776188027633,1,3
md6n,211,-384.25644631376963,-397.252,12.99555368623038,1,0
md6n,212,-379.8406728764382,-392.9199,13.079227123561793,1,5
md6n,213,-381.6498601351281,-395.0514,13.401539864871893,1,7
md6n,214,-386.849933221007,-400.6541,13.804166778993022,1,9
md6n,215,-386.1071452415111,-400.2615,14.154354758488921,1,1
md6n,216,-382.8552648019988,-397.4843,14.62903519800119,1,6
md6n,217,-381.6335837808059,-396.2864,14.652816219194108,1,3
md6n,218,-382.7386301458049,-396.683,13.944369854195088,1,6
md6n,219,-385.0827872497722,-398.1798,13.097012750227805,1,8
md6n,220,-384.31181340362616,-396.9391,12.627286596373835,1,4
md6n,221,-379.8218500864991,-392.2194,12.397549913500882,1,4
md6n,222,-380.50563518326777,-392.8609,12.355264816732245,1,6
md6n,223,-386.7447010491439,-399.3643,12.61959895085613,1,6
md6n,224,-387.2779433593977,-400.2423,12.964356640602318,1,0
md6n,225,-383.1204875510408,-396.5394,13.41891244895919,1,5
md6n,226,-381.76470136773185,-395.4468,13.68209863226815,1,9
md6n,227,-383.0453011854879,-396.383,13.337698814512066,1,7
md6n,228,-384.90951103097797,-397.6893,12.779788969022036,1,9
md6n,229,-384.56448658020315,-397.1955,12.63101341979683,1,5
md6n,230,-380.47118237431994,-393.3217,12.850517625680084,1,1
md6n,231,-379.0066788285112,-392.1491,13.142421171488763,1,5
md6n,232,-385.155058831524,-398.8115,13.656441168476022,1,1
md6n,233,-387.47622647912857,-401.569,14.092773520871447,1,9
md6n,234,-382.993781986922,-397.468,14.47421801307803,1,8
md6n,235,-380.8100842099974,-395.5109,14.700815790002594,1,9
md6n,236,-382.66282191771256,-396.9045,14.241678082287422,1,5
md6n,237,-384.8427602823196,-398.172,13.329239717680423,1,1
md6n,238,-384.6210308787833,-397.2936,12.672569121216725,1,9
md6n,239,-380.70668311221164,-393.0871,12.380416887788385,1,5
md6n,240,-377.9517385093788,-390.0319,12.080161490621208,1,8
md6n,241,-383.9049930229744,-396.0455,12.140506977025609,1,2
md6n,242,-388.3220390505396,-400.8432,12.521160949460409,1,9
md6n,243,-384.01589098277753,-397.1128,13.096909017222458,1,7
md6n,244,-379.9775566528411,-393.6209,13.643343347158918,1,6
md6n,245,-382.13331078198223,-395.8257,13.692389218017752,1,3
md6n,246,-385.23117453954626,-398.3701,13.13892546045372,1,8
md6n,247,-385.0608005544858,-397.6138,12.552999445514217,1,6
md6n,248,-381.4922283682055,-393.8633,12.371071631794507,1,2
md6n,249,-377.5656541968255,-389.7434,12.177745803174503,1,6
md6n,250,-381.8717959894113,-394.0552,12.183404010588731,1,0
md6n,251,-388.2911473607061,-400.8235,12.532352639293947,1,6
md6n,252,-385.5777614902478,-398.641,13.063238509752239,1,8
md6n,253,-380.08911789069106,-393.7516,13.66248210930894,1,9
md6n,254,-381.1962639042034,-395.0481,13.851836095796557,1,7
md6n,255,-384.8724797833137,-398.1401,13.267620216686339,1,8
md6n,256,-385.24579489494175,-397.7591,12.513305105058237,1,2
md6n,257,-382.20464298121084,-394.5765,12.371857018789171,1,2
md6n,258,-377.37125975638924,-389.8294,12.458140243610785,1,5
md6n,259,-379.11856888154813,-391.7951,12.676531118451862,1,4
md6n,260,-386.6550336350837,-399.9434,13.288366364916271,1,5
md6n,261,-386.35682017534094,-400.3417,13.98487982465906,1,9
md6n,262,-380.3136993271213,-394.8912,14.577500672878728,1,8
md6n,263,-379.90419571383535,-394.6165,14.712304286164624,1,4
md6n,264,-384.4539826966502,-398.6357,14.181717303349785,1,5
md6n,265,-385.94018240083426,-399.2343,13.294117599165759,1,2
md6n,266,-383.1873167386184,-395.9627,12.775383261381592,1,2
md6n,267,-377.9300561563628,-390.3523,12.422243843637204,1,5
md6n,268,-377.50666009914534,-389.5204,12.01373990085466,1,7
md6n,269,-385.23153284767665,-397.2913,12.059767152323332,1,5
md6n,270,-387.1669449979149,-399.63,12.46305500208507,1,5
md6n,271,-381.00535653691384,-394.1986,13.193243463086162,1,4
md6n,272,-378.65841517098664,-392.5303,13.871884829013368,1,1
md6n,273,-383.5303275098394,-397.5142,13.983872490160593,1,5
md6n,274,-386.2648115215468,-399.5972,13.332388478453197,1,0
md6n,275,-384.09681906489084,-396.8903,12.793480935109187,1,5
md6n,276,-379.15772425049965,-391.8322,12.674475749500346,1,0
md6n,277,-376.5252219089877,-389.0792,12.553978091012311,1,6
md6n,278,-382.7776010269126,-395.6632,12.88559897308744,1,8
md6n,279,-386.83183708766796,-400.4834,13.651562912332054,1,3
md6n,280,-381.84397847108806,-396.4288,14.58482152891196,1,9
md6n,281,-377.75142162970116,-392.909,15.157578370298836,1,0
md6n,282,-381.40385111475854,-396.3514,14.947548885241474,1,2
md6n,283,-385.16909058262905,-399.1755,14.006409417370946,1,9
md6n,284,-384.3623467838492,-397.6022,13.239853216150777,1,1
md6n,285,-380.29222216984545,-393.4354,13.14317783015457,1,2
md6n,286,-375.87399077587025,-388.9501,13.076109224129766,1,9
md6n,287,-379.876719560909,-393.1048,13.228080439091002,1,7
md6n,288,-386.1828982487367,-399.8833,13.700401751263314,1,4
md6n,289,-383.3372972761267,-397.6235,14.28620272387326,1,9
md6n,290,-377.85268417333697,-392.7304,14.877715826663007,1,8
md6n,291,-379.95163923482136,-395.2002,15.248560765178638,1,3
md6n,292,-384.6941050457556,-399.6542,14.960094954244425,1,2
md6n,293,-384.60235241604477,-398.7676,14.16524758395525,1,1
md6n,294,-381.0622120804441,-394.6326,13.570387919555913,1,7
md6n,295,-376.0783419174777,-388.9068,12.828458082522275,1,8
md6n,296,-378.0058242238118,-390.2366,12.230775776188182,1,9
md6n,297,-384.8048862886489,-397.0746,12.269713711351073,1,7
md6n,298,-383.6967820673698,-396.5641,12.867317932630215,1,1
md6n,299,-377.9632275900299,-391.7288,13.765572409970105,1,1
md6n,300,-378.734096014612,-393.0229,14.288803985387972,1,0
md6n,301,-383.8965925465536,-397.8477,13.951107453446355,1,6
md6n,302,-384.3620324013823,-397.3604,12.998367598617733,1,7
md6n,303,-382.0108296151674,-394.6344,12.623570384832647,1,9
md6n,304,-377.35391475256677,-389.9962,12.642285247433222,1,6
md6n,305,-375.8767078942568,-388.6265,12.74979210574321,1,6
md6n,306,-381.62695100005203,-394.9044,13.277448999947978,1,5
md6n,307,-383.1070255791253,-397.0639,13.95687442087467,1,0
md6n,308,-378.1833599805264,-392.7444,14.56104001947358,1,2
md6n,309,-377.07358156258033,-391.896,14.822418437419685,1,6
md6n,310,-381.81172633969385,-396.4717,14.65997366030615,1,3
md6n,311,-383.3061558373862,-397.244,13.937844162613828,1,6
md6n,312,-382.26897969903166,-395.6648,13.395820300968353,1,5
md6n,313,-378.7600084124622,-391.7465,12.986491587537841,1,4
md6n,314,-375.50320829464226,-387.8065,12.303291705357765,1,6
md6n,315,-380.26514636834565,-392.2641,11.99895363165433,1,5
md6n,316,-383.50470000137,-395.5973,12.092599998630021,1,6
md6n,317,-378.9270478094055,-391.4582,12.531152190594469,1,8
md6n,318,-376.09456744359943,-389.1505,13.055932556400592,1,1
md6n,319,-381.00198931819375,-394.4244,13.422410681806241,1,0
md6n,320,-383.7123342752481,-396.8204,13.108065724751896,1,9
md6n,321,-381.5082731713609,-394.0449,12.5366268286391,1,9
md6n,322,-379.2335262035583,-391.569,12.335473796441704,1,8
md6n,323,-375.91764225407843,-387.7925,11.874857745921588,1,5
md6n,324,-378.63457983124334,-390.3092,11.674620168756633,1,9
md6n,325,-382.5291434624497,-394.3482,11.819056537550296,1,6
md6n,326,-379.5871764067444,-391.8067,12.219523593255587,1,3
md6n,327,-376.1763181913261,-388.8474,12.671081808673875,1,3
md6n,328,-379.5436429004527,-392.3575,12.813857099547306,1,2
md6n,329,-383.12172813831756,-395.5184,12.396671861682421,1,5
md6n,330,-380.55761999418075,-392.0978,11.540180005819252,1,2
md6n,331,-379.8151495346686,-391.2107,11.395550465331382,1,8
md6n,332,-376.7226478501348,-387.919,11.196352149865163,1,9
md6n,333,-376.26884203080374,-387.3742,11.105357969196234,1,2
md6n,334,-380.55339308686337,-392.0329,11.479506913136618,1,5
md6n,335,-379.7977367597694,-391.8043,12.006563240230605,1,7
md6n,336,-376.22709128040236,-388.7399,12.512808719597615,1,0
md6n,337,-377.86004612070434,-390.4571,12.597053879295686,1,6
md6n,338,-383.20679778657734,-395.703,12.496202213422634,1,9
md6n,339,-381.62308177350434,-393.5688,11.945718226495671,1,0
md6n,340,-379.46730693646685,-391.1745,11.707193063533168,1,3
md6n,341,-377.70713322887275,-389.202,11.49486677112725,1,8
md6n,342,-376.3476930548102,-387.3419,10.99420694518983,1,1
md6n,343,-379.98449754102825,-390.8993,10.914802458971735,1,9
md6n,344,-379.9700660660001,-390.8078,10.837733933999914,1,2
md6n,345,-376.07234856950015,-387.0185,10.946151430499867,1,5
md6n,346,-376.06103393663903,-387.1152,11.05416606336098,1,9
md6n,347,-382.24641443936594,-393.5717,11.325285560634086,1,0
md6n,348,-383.5144565268279,-394.8533,11.338843473172062,1,6
md6n,349,-379.0132375630121,-390.1675,11.154262436987892,1,6
md6n,350,-378.6136774730413,-389.9774,11.363722526958668,1,3
md6n,351,-376.80959563579495,-387.7794,10.96980436420506,1,7
md6n,352,-378.7694135323267,-389.5975,10.828086467673302,1,6
md6n,353,-379.8620854001541,-390.9142,11.05211459984588,1,5
md6n,354,-376.86082115950495,-388.7006,11.839778840495057,1,0
md6n,355,-375.10531612630473,-387.8599,12.754583873695253,1,4
md6n,356,-378.45688782447905,-391.5142,13.057312175520963,1,7
md6n,357,-382.6147923023068,-395.5206,12.905807697693206,1,8
md6n,358,-379.1353585390438,-391.3592,12.22384146095618,1,0
md6n,359,-378.41380424295033,-390.6418,12.227995757049655,1,7
md6n,360,-376.77146812819706,-388.9015,12.130031871802942,1,2
md6n,361,-377.1861574840705,-389.3795,12.193342515929487,1,2
md6n,362,-379.39390583681774,-391.9013,12.507394163182255,1,4
md6n,363,-377.9511612001489,-390.572,12.620838799851128,1,2
md6n,364,-375.83768932246545,-388.4886,12.650910677534569,1,9
md6n,365,-376.6522908014065,-388.9785,12.326209198593517,1,0
md6n,366,-382.37637176044444,-394.8804,12.504028239555566,1,7
md6n,367,-381.9752454055268,-394.7219,12.746654594473227,1,0
md6n,368,-377.93585497630005,-391.0443,13.108445023699971,1,0
md6n,369,-376.53174801288566,-389.8472,13.31545198711433,1,7
md6n,370,-376.3346784975015,-389.0733,12.738621502498518,1,5
md6n,371,-378.8987245180919,-391.0257,12.126975481908062,1,9
md6n,372,-378.7419919729065,-390.3905,11.648508027093499,1,8
md6n,373,-376.5855017746149,-388.6149,12.02939822538508,1,3
md6n,374,-375.0097639236331,-387.7086,12.698836076366888,1,9
md6n,375,-379.3327148266041,-392.6027,13.269985173395924,1,8
md6n,376,-383.6114262747225,-397.0276,13.416173725277531,1,5
md6n,377,-379.5260035944136,-392.4861,12.960096405586398,1,2
md6n,378,-377.1440735259587,-390.0691,12.925026474041317,1,4
md6n,379,-375.5825073609015,-388.2535,12.670992639098472,1,3
md6n,380,-377.2399055981268,-389.9893,12.74939440187319,1,7
md6n,381,-378.19463131522735,-391.2669,13.072268684772666,1,3
md6n,382,-376.9592360629131,-390.5995,13.6402639370869,1,0
md6n,383,-374.3425501109066,-388.332,13.989449889093407,1,6
md6n,384,-374.8312203858153,-388.5042,13.672979614184726,1,5
md6n,385,-382.04754334270524,-395.6106,13.563056657294737,1,0
md6n,386,-382.8088171392668,-396.3214,13.512582860733175,1,2
md6n,387,-379.0632651702448,-393.1674,14.104134829755196,1,9
md6n,388,-375.45839717808997,-390.0276,14.56920282191004,1,0
md6n,389,-376.20136211538926,-390.623,14.421637884610732,1,0
md6n,390,-379.2660720096658,-393.0139,13.747827990334201,1,5
md6n,391,-379.83889388556804,-392.8433,13.004406114431958,1,2
md6n,392,-376.3354333920382,-389.1492,12.813766607961782,1,4
md6n,393,-372.55886297607645,-385.2959,12.737037023923563,1,1
md6n,394,-378.97295079351056,-392.0903,13.11734920648945,1,1
md6n,395,-384.8257403285212,-398.2923,13.46655967147882,1,9
md6n,396,-380.5521073189164,-394.1502,13.598092681083585,1,9
md6n,397,-375.54256070179014,-389.2499,13.707339298209888,1,5
md6n,398,-375.4928317892976,-388.8273,13.334468210702369,1,9
md6n,399,-379.22444236869774,-391.9475,12.723057631302254,1,2
md6n,400,-381.3242972795653,-393.6326,12.30830272043471,1,2
md6n,401,-378.5071978112217,-391.0452,12.538002188778307,1,4
md6n,402,-372.22651673724033,-384.9926,12.76608326275965,1,5
md6n,403,-374.3701881612703,-387.1561,12.785911838729703,1,3
md6n,404,-383.9258928710203,-396.726,12.800107128979676,1,6
md6n,405,-383.8498279913413,-396.6268,12.776972008658731,1,6
md6n,406,-377.0418414793528,-390.3672,13.325358520647228,1,6
md6n,407,-372.8501688057384,-386.482,13.631831194261622,1,4
md6n,408,-376.2982377367805,-389.6521,13.353862263219526,1,7
md6n,409,-381.53917866641103,-394.2824,12.743221333588963,1,3
md6n,410,-381.45622560939813,-394.0067,12.550474390601892,1,4
md6n,411,-374.3545261393045,-387.05,12.695473860695529,1,5
md6n,412,-371.0651670375211,-383.6599,12.594732962478872,1,4
md6n,413,-381.25011994997976,-393.8981,12.647980050020237,1,1
md6n,414,-387.3064574137314,-400.0022,12.695742586268636,1,7
md6n,415,-380.8483434947285,-393.8922,13.043856505271492,1,2
md6n,416,-373.2822991747331,-386.6022,13.31990082526687,1,2
md6n,417,-375.162083818508,-388.2083,13.046216181492014,1,7
md6n,418,-381.73329951238446,-393.9684,12.235100487615512,1,9
md6n,419,-383.6840837750381,-395.293,11.608916224961888,1,9
md6n,420,-376.5932898011893,-388.0438,11.450510198810662,1,6
md6n,421,-369.55432815322393,-380.8747,11.320371846776084,1,8
md6n,422,-377.48605141579924,-389.0412,11.555148584200765,1,6
md6n,423,-387.75305251571797,-399.7336,11.980547484282056,1,0
md6n,424,-384.3023260798222,-396.9206,12.618273920177785,1,4
md6n,425,-374.93858734680816,-388.2948,13.356212653191847,1,8
md6n,426,-373.3227271339183,-386.683,13.360272866081687,1,3
md6n,427,-380.06183061841745,-392.5824,12.520569381582561,1,3
md6n,428,-385.23819261136055,-397.0428,11.804607388639454,1,9
md6n,429,-380.0901953253811,-392.1119,12.021704674618888,1,2
md6n,430,-369.6373401961238,-382.2197,12.582359803876216,1,2
md6n,431,-371.55213425032275,-384.4233,12.871165749677232,1,0
md6n,432,-384.20639360611705,-396.9964,12.790006393882948,1,4
md6n,433,-387.1195962309356,-399.8472,12.727603769064388,1,8
md6n,434,-378.0327199299914,-391.1465,13.113780070008602,1,9
md6n,435,-372.1720538892906,-385.5372,13.365146110709361,1,2
md6n,436,-377.914825233631,-391.0382,13.123374766369011,1,3
md6n,437,-386.0143754181466,-398.6457,12.631324581853391,1,9
md6n,438,-384.5306148453627,-396.9855,12.454885154637282,1,2
md6n,439,-373.84562494192704,-386.1819,12.336275058072943,1,7
md6n,440,-370.3972190381543,-382.4156,12.018380961845708,1,1
md6n,441,-381.7051726316212,-393.7154,12.010227368378764,1,1
md6n,442,-388.6427073282146,-401.0825,12.43979267178537,1,8
md6n,443,-381.77871241108323,-395.1932,13.414487588916757,1,3
md6n,444,-373.47553774170285,-387.7624,14.286862258297162,1,4
md6n,445,-375.86557837688554,-390.0274,14.161821623114463,1,5
md6n,446,-384.650190640927,-397.7521,13.101909359072977,1,8
md6n,447,-387.0537177210844,-399.271,12.217282278915604,1,1
md6n,448,-377.85270488123336,-389.8671,12.014395118766629,1,3
md6n,449,-370.84289295535785,-383.0807,12.237807044642125,1,0
md6n,450,-378.79615800862615,-391.4215,12.62534199137383,1,5
md6n,451,-388.1186912975118,-401.0131,12.894408702488192,1,0
md6n,452,-385.24799055246854,-398.6073,13.359309447531473,1,5
md6n,453,-376.0610452318423,-389.8372,13.77615476815771,1,9
md6n,454,-374.80375929325504,-388.4617,13.657940706744967,1,2
md6n,455,-382.45984941569134,-395.6073,13.147450584308672,1,5
md6n,456,-387.777212905628,-400.8435,13.066287094372,1,9
md6n,457,-381.4612670247852,-394.9857,13.524432975214836,1,3
md6n,458,-372.1884262527689,-386.0293,13.840873747231058,1,1
md6n,459,-375.6251786682971,-389.3406,13.715421331702885,1,5
md6n,460,-386.3156674420659,-399.7523,13.436632557934104,1,2
md6n,461,-388.3662985859279,-401.9749,13.608601414072098,1,1
md6n,462,-380.7642113464819,-395.0215,14.257288653518117,1,4
md6n,463,-376.60305887685723,-391.3256,14.722541123142776,1,6
md6n,464,-381.5289383307231,-395.8796,14.35066166927686,1,5
md6n,465,-388.8437765924155,-402.3838,13.5400234075845,1,1
md6n,466,-386.35522127979107,-399.2035,12.848278720208953,1,6
md6n,467,-376.5437980875365,-388.9353,12.391501912463468,1,8
md6n,468,-375.69972811137245,-387.955,12.255271888627533,1,7
md6n,469,-384.7056298943838,-397.0831,12.377470105616226,1,1
md6n,470,-388.90124709580556,-401.7249,12.823652904194432,1,3
md6n,471,-383.4880044703777,-397.0384,13.550395529622335,1,4
md6n,472,-378.57864296234,-392.6598,14.081157037660034,1,0
md6n,473,-381.04654629331543,-394.9015,13.854953706684569,1,1
md6n,474,-387.9759064171246,-401.3336,13.357693582875413,1,6
md6n,475,-388.48323444687543,-401.7029,13.219665553124571,1,2
md6n,476,-379.8717070111047,-393.1244,13.252692988895262,1,8
md6n,477,-375.9396289495075,-389.1888,13.24917105049252,1,7
md6n,478,-382.1990656723866,-395.245,13.045934327613395,1,1
md6n,479,-387.74067299837674,-400.6738,12.93312700162329,1,1
md6n,480,-385.16678573837555,-398.4172,13.250414261624428,1,6
md6n,481,-380.114015604901,-393.8728,13.758784395098985,1,4
md6n,482,-379.9896563006858,-393.7836,13.793943699314184,1,0
md6n,483,-385.46746468508775,-398.7902,13.32273531491228,1,4
md6n,484,-389.3584828847638,-402.3524,12.993917115236172,1,8
md6n,485,-383.5010359705625,-396.27,12.768964029437484,1,6
md6n,486,-377.39531535223875,-390.0387,12.643384647761252,1,9
md6n,487,-381.0658058301614,-393.6537,12.587894169838592,1,1
md6n,488,-387.3839850191609,-400.0686,12.684614980839115,1,8
md6n,489,-387.17357024848576,-400.3368,13.163229751514223,1,0
md6n,490,-382.52880523456963,-396.3406,13.811794765430363,1,0
md6n,491,-381.1263969407387,-395.2798,14.153403059261336,1,0
md6n,492,-384.3020976663149,-398.1384,13.836302333685069,1,3
md6n,493,-388.9137307797039,-402.3869,13.473169220296143,1,5
md6n,494,-385.6167442939194,-398.6324,13.015655706080622,1,9
md6n,495,-379.20948629543557,-391.6961,12.486613704564434,1,4
md6n,496,-380.4552831533717,-392.5391,12.083816846628338,1,8
md6n,497,-385.48311478448966,-397.3454,11.862285215510326,1,0
md6n,498,-386.51000289647254,-398.6044,12.094397103527456,1,0
md6n,499,-383.78045550580634,-396.461,12.680544494193668,1,7
md6n,500,-382.687663156049,-395.9492,13.261536843951035,1,0
md6n,501,-383.44208956370875,-396.5711,13.129010436291253,1,9
md6n,502,-387.07971357788074,-399.8714,12.791686422119255,1,6
md6n,503,-386.75749158546876,-399.2692,12.511708414531256,1,1
md6n,504,-380.96310252353555,-393.2289,12.265797476464456,1,1
md6n,505,-379.66143468511996,-391.956,12.29456531488006,1,6
md6n,506,-383.02631273280605,-395.41,12.383687267193977,1,2
md6n,507,-384.9928594192478,-397.648,12.655140580752231,1,9
md6n,508,-383.79699855205445,-396.8181,13.021101447945568,1,9
md6n,509,-383.1308590363585,-396.4409,13.310040963641484,1,9
md6n,510,-383.59649028171066,-396.7646,13.168109718289315,1,9
md6n,511,-386.15406102660364,-399.0759,12.921838973396348,1,4
md6n,512,-387.94189600261393,-400.8492,12.907303997386066,1,7
md6n,513,-383.7625959438037,-396.3527,12.59010405619631,1,6
md6n,514,-381.4880642117952,-393.6333,12.145235788204843,1,1
md6n,515,-383.34854790293133,-394.9894,11.64085209706866,1,5
md6n,516,-384.67874799356355,-396.0928,11.414052006436464,1,7
md6n,517,-383.99958011534227,-395.6676,11.668019884657724,1,2
md6n,518,-383.9936739911884,-396.3258,12.3321260088116,1,2
md6n,519,-384.52190312413455,-397.5012,12.97929687586543,1,4
md6n,520,-384.70335328820966,-397.8241,13.120746711790332,1,1
md6n,521,-386.5858148895851,-399.613,13.027185110414905,1,9
md6n,522,-384.8785697679507,-397.3125,12.433930232049306,1,5
md6n,523,-383.1436106670468,-395.0341,11.890489332953223,1,3
md6n,524,-383.5805603128123,-395.2912,11.710639687187722,1,7
md6n,525,-383.3845669769688,-395.2675,11.882933023031171,1,2
md6n,526,-382.6899698828126,-395.0218,12.331830117187394,1,7
md6n,527,-383.3214796316145,-396.0395,12.718020368385453,1,8
md6n,528,-384.7193183975818,-397.6183,12.89898160241819,1,5
md6n,529,-384.0043711541763,-396.6889,12.684528845823706,1,5
md6n,530,-384.8284731346346,-397.5381,12.709626865365408,1,6
md6n,531,-384.51111308965005,-397.2415,12.730386910349921,1,1
md6n,532,-383.2751286053993,-395.8514,12.576271394600724,1,9
md6n,533,-383.66694835947936,-396.0464,12.379451640520642,1,6
md6n,534,-383.01153487235405,-395.1142,12.102665127645935,1,0
md6n,535,-382.3756407111782,-394.4821,12.106459288821782,1,5
md6n,536,-383.34986316396447,-395.6754,12.325536836035553,1,0
md6n,537,-385.47456998072573,-398.2683,12.793730019274278,1,6
md6n,538,-385.1244802692934,-398.2922,13.167719730706608,1,5
md6n,539,-384.76898957919417,-398.2156,13.446610420805825,1,4
md6n,540,-385.04021195138995,-398.4068,13.366588048610026,1,7
md6n,541,-384.42201796479293,-397.1466,12.72458203520705,1,1
md6n,542,-385.11587773464925,-397.3042,12.188322265350735,1,8
md6n,543,-383.5275306978122,-395.3924,11.864869302187799,1,3
md6n,544,-381.46137683901526,-393.4875,12.026123160984753,1,8
md6n,545,-382.01555037276853,-394.4286,12.413049627231487,1,5
md6n,546,-384.93000676257714,-397.8145,12.884493237422873,1,4
md6n,547,-385.8151096175897,-399.0762,13.26109038241026,1,4
md6n,548,-384.32689372383845,-397.801,13.474106276161535,1,0
md6n,549,-384.0182774033244,-397.6199,13.601622596675554,1,0
md6n,550,-384.1022978546882,-397.4053,13.303002145311837,1,2
md6n,551,-385.85814362592464,-398.9027,13.044556374075341,1,6
md6n,552,-384.27990640264903,-397.0879,12.807993597350958,1,5
md6n,553,-380.74999008736347,-393.5541,12.804109912636534,1,2
md6n,554,-380.17954270915874,-393.132,12.952457290841267,1,9
md6n,555,-382.90799007472845,-396.0294,13.121409925271564,1,5
md6n,556,-384.98784875181093,-398.3757,13.387851248189065,1,3
md6n,557,-383.9639971607084,-397.6448,13.680802839291573,1,1
md6n,558,-383.3061068916958,-397.4177,14.111593108304248,1,2
md6n,559,-383.0270902177492,-397.0978,14.070709782250788,1,3
md6n,560,-385.5819601596284,-399.3948,13.812839840371566,1,8
md6n,561,-386.0687121364934,-399.5336,13.46488786350659,1,5
md6n,562,-382.39256904848673,-395.6432,13.250630951513244,1,2
md6n,563,-380.5101852583845,-393.886,13.3758147416155,1,6
md6n,564,-382.2999749279189,-395.8466,13.546625072081099,1,4
md6n,565,-384.98358293885696,-398.8156,13.832017061143063,1,4
md6n,566,-384.9204428826494,-399.0948,14.17435711735061,1,2
md6n,567,-383.7300030743733,-398.3503,14.62029692562669,1,6
md6n,568,-382.14520711659685,-396.7606,14.61539288340316,1,6
md6n,569,-384.16722631445896,-398.4085,14.241273685541046,1,3
md6n,570,-386.71772376667093,-400.4867,13.768976233329056,1,2
md6n,571,-383.4134343195487,-396.725,13.311565680451338,1,1
md6n,572,-379.94991044479104,-393.2529,13.302989555208967,1,8
md6n,573,-380.53169316361056,-394.0046,13.472906836389427,1,5
md6n,574,-383.67877504050716,-397.4793,13.800524959492861,1,7
md6n,575,-384.88694326129877,-399.0486,14.161656738701254,1,1
md6n,576,-383.688126822015,-398.3101,14.621973177984955,1,2
md6n,577,-381.0844723701934,-395.8682,14.783727629806606,1,2
md6n,578,-381.55966122029696,-396.0367,14.477038779703037,1,1
md6n,579,-385.8100531419792,-399.9747,14.164646858020774,1,5
md6n,580,-384.1679655212689,-397.9499,13.781934478731102,1,4
md6n,581,-379.65833227567293,-393.3868,13.72846772432706,1,2
md6n,582,-378.60394102797636,-392.3087,13.704758972023626,1,5
md6n,583,-381.32083216932165,-394.8729,13.552067830678368,1,2
md6n,584,-384.0838233328258,-397.4507,13.36687666717421,1,6
md6n,585,-384.9512009128396,-398.4929,13.541699087160396,1,7
md6n,586,-382.87253324969754,-396.8852,14.012666750302458,1,7
md6n,587,-380.2758265886,-394.3573,14.081473411399998,1,2
md6n,588,-384.774014051705,-398.813,14.038985948294965,1,9
md6n,589,-386.69560027408176,-400.2832,13.587599725918267,1,2
md6n,590,-382.42968061743767,-395.6095,13.179819382562357,1,1
md6n,591,-378.90225049673256,-392.0164,13.114149503267413,1,2
md6n,592,-379.7244655546007,-392.9361,13.211634445399284,1,2
md6n,593,-382.97817455817693,-396.3743,13.396125441823074,1,6
md6n,594,-385.41833002455866,-399.1799,13.761569975441319,1,8
md6n,595,-384.1966741037856,-398.5187,14.322025896214427,1,5
md6n,596,-379.3806685133894,-393.6443,14.263631486610564,1,9
md6n,597,-382.3342928223595,-396.2201,13.885807177640515,1,8
md6n,598,-387.4169939277446,-400.7079,13.290906072255382,1,5
md6n,599,-384.47326607905205,-397.232,12.758733920947975,1,8
md6n,600,-379.1039535461795,-391.7945,12.690546453820502,1,1
md6n,601,-377.98770926508655,-390.6433,12.65559073491346,1,8
md6n,602,-380.8860442954733,-393.2614,12.375355704526669,1,8
md6n,603,-384.4768886942095,-396.5765,12.099611305790518,1,9
md6n,604,-385.139795278332,-397.5624,12.422604721668051,1,0
md6n,605,-379.55575823602413,-392.3514,12.79564176397588,1,9
md6n,606,-378.4775203532384,-391.4478,12.970279646761583,1,4
md6n,607,-385.62866321894046,-398.714,13.085336781059539,1,2
md6n,608,-386.46038254320337,-399.2702,12.809817456796623,1,8
md6n,609,-380.72251769959996,-393.3346,12.612082300400061,1,1
md6n,610,-377.092128875689,-389.5167,12.424571124311,1,7
md6n,611,-379.04754667226285,-391.1267,12.079153327737174,1,6
md6n,612,-384.01489951690445,-395.7608,11.745900483095568,1,7
md6n,613,-387.3655286950387,-399.448,12.082471304961302,1,9
md6n,614,-382.55825992643327,-395.3081,12.749840073566759,1,0
md6n,615,-376.67966341513636,-389.5516,12.871936584863647,1,3
md6n,616,-383.47951488762317,-396.2436,12.764085112376847,1,1
md6n,617,-388.63729191697036,-400.7953,12.158008083029642,1,1
md6n,618,-383.2335447727475,-394.9615,11.727955227252494,1,6
md6n,619,-376.7017668273325,-388.5308,11.829033172667494,1,0
md6n,620,-376.8218766339666,-388.8118,11.989923366033395,1,4
md6n,621,-381.97269896990997,-393.9057,11.933001030090054,1,6
md6n,622,-386.94032478151104,-399.1234,12.183075218488966,1,5
md6n,623,-384.294912676751,-397.251,12.956087323248994,1,9
md6n,624,-376.3394425534055,-389.691,13.351557446594484,1,9
md6n,625,-379.8386479016812,-393.3361,13.497452098318774,1,3
md6n,626,-388.1076163735039,-401.4957,13.388083626496098,1,3
md6n,627,-385.0807792177487,-398.2028,13.122020782251298,1,4
md6n,628,-376.51053315486945,-389.5689,13.058366845130536,1,6
md6n,629,-374.10477527671156,-386.8941,12.789324723288416,1,6
md6n,630,-378.8086536152311,-390.8949,12.086246384768913,1,6
md6n,631,-385.3694865287293,-397.018,11.64851347127069,1,2
md6n,632,-385.80950658084214,-398.0203,12.21079341915788,1,3
md6n,633,-377.2190534409073,-390.1513,12.932246559092675,1,9
md6n,634,-376.0915936736261,-389.3873,13.295706326373875,1,4
md6n,635,-386.9426070353581,-400.4219,13.4792929646419,1,7
md6n,636,-388.7249054905481,-401.9754,13.250494509451869,1,1
md6n,637,-379.13366928215345,-392.2361,13.102430717846573,1,7
md6n,638,-373.2719232968918,-386.3059,13.03397670310818,1,4
md6n,639,-376.7738601962742,-389.4319,12.658039803725785,1,6
md6n,640,-384.0906493866132,-396.3973,12.30665061338675,1,6
md6n,641,-386.7667718307371,-399.6296,12.862828169262855,1,5
md6n,642,-379.2601978884688,-393.167,13.906802111531192,1,1
md6n,643,-373.7911175408105,-388.2179,14.426782459189496,1,6
md6n,644,-383.49315067982525,-398.0431,14.549949320174733,1,8
md6n,645,-390.0162846750888,-404.1784,14.162115324911213,1,4
md6n,646,-381.55959093920677,-395.3121,13.752509060793216,1,2
md6n,647,-372.88938002320265,-386.5965,13.707119976797344,1,7
md6n,648,-374.56409941897994,-388.0109,13.446800581020057,1,1
md6n,649,-381.6595984628458,-394.5246,12.865001537154228,1,6
md6n,650,-385.6358406783213,-398.5866,12.950759321678674,1,8
md6n,651,-380.3452687277217,-394.1438,13.798531272278296,1,3
md6n,652,-372.97396397857966,-387.3466,14.372636021420362,1,9
md6n,653,-379.1886655135269,-393.7697,14.581034486473072,1,7
md6n,654,-389.1003635488497,-403.8189,14.718536451150271,1,2
md6n,655,-383.5502653850983,-398.219,14.668734614901666,1,9
md6n,656,-372.4774059029203,-386.9845,14.507094097079744,1,5
md6n,657,-372.07165542691826,-385.9151,13.84344457308174,1,7
md6n,658,-379.34019286337787,-391.9729,12.632707136622116,1,5
md6n,659,-384.7345173173566,-396.8236,12.08908268264338,1,5
md6n,660,-381.7665769951188,-394.6231,12.85652300488124,1,4
md6n,661,-373.56756333823046,-387.4233,13.855736661769527,1,9
md6n,662,-376.17800180068616,-390.584,14.405998199313842,1,3
md6n,663,-388.3377362131218,-403.0259,14.688163786878192,1,7
md6n,664,-387.4067874775237,-401.8885,14.4817125224763,1,1
md6n,665,-374.7521020425223,-388.7954,14.043297957477648,1,9
md6n,666,-370.98531827260797,-384.5876,13.60228172739204,1,7
md6n,667,-377.6445642067188,-390.4408,12.796235793281198,1,3
md6n,668,-383.5846943487757,-395.859,12.274305651224267,1,6
md6n,669,-381.8537927275688,-394.738,12.884207272431183,1,5
md6n,670,-373.98580502831396,-387.86,13.874194971686052,1,0
md6n,671,-373.9909192348046,-388.3433,14.352380765195392,1,3
md6n,672,-385.62659620103005,-400.1102,14.483603798969966,1,6
md6n,673,-388.94094777103004,-403.4016,14.460652228969934,1,5
md6n,674,-376.8057063287116,-391.0402,14.23449367128842,1,9
md6n,675,-370.3598947432801,-384.2547,13.894805256719906,1,2
md6n,676,-376.0870122231985,-388.9556,12.868587776801519,1,5
md6n,677,-381.8589163467526,-393.4813,11.622383653247368,1,4
md6n,678,-380.59887563914896,-392.1119,11.513024360851034,1,5
md6n,679,-373.71448099943177,-386.0002,12.285719000568236,1,2
md6n,680,-372.19117600161576,-385.0884,12.89722399838422,1,4
md6n,681,-382.176745141601,-395.3732,13.196454858399022,1,7
md6n,682,-389.3598288937472,-402.9188,13.558971106252784,1,9
md6n,683,-379.80327453545374,-393.2808,13.477525464546261,1,4
md6n,684,-370.51880098308925,-383.3922,12.873399016910753,1,7
md6n,685,-375.1163207692225,-386.8277,11.711379230777482,1,6
md6n,686,-382.0164521046619,-392.3255,10.309047895338097,1,3
md6n,687,-381.8006307079322,-391.8613,10.060669292067814,1,2
md6n,688,-374.8588414934454,-385.8176,10.958758506554602,1,4
md6n,689,-370.86207154341383,-382.6884,11.826328456586168,1,5
md6n,690,-379.26777381676607,-391.5405,12.272726183233942,1,4
md6n,691,-389.52671831581705,-402.2528,12.72608168418293,1,1
md6n,692,-383.1674064737928,-396.0732,12.905793526207162,1,2
md6n,693,-370.88231940861607,-383.4337,12.551380591383918,1,1
md6n,694,-373.8303061677256,-385.7513,11.920993832274405,1,4
md6n,695,-382.0816673364662,-392.8599,10.7782326635338,1,0
md6n,696,-382.1872590716091,-392.4633,10.276040928390898,1,9
md6n,697,-374.70552448530987,-385.6394,10.933875514690158,1,4
md6n,698,-369.7813116979278,-381.6303,11.8489883020722,1,2
md6n,699,-376.59660807407636,-388.9331,12.336491925923667,1,1
md6n,700,-387.5106548153026,-400.1583,12.64764518469741,1,1
md6n,701,-384.97653976662275,-397.9323,12.955760233377248,1,4
md6n,702,-371.6278577646049,-384.318,12.690142235395058,1,8
md6n,703,-371.8059676928899,-383.8493,12.04333230711012,1,7
md6n,704,-381.0225126602263,-391.6871,10.664587339773675,1,6
md6n,705,-382.6260586168382,-392.1909,9.56484138316182,1,6
md6n,706,-375.51793532689373,-385.3031,9.785164673106237,1,8
md6n,707,-369.1832105816327,-379.7132,10.529989418367279,1,6
md6n,708,-373.8111256971595,-384.7324,10.921274302840459,1,0
md6n,709,-385.7095806333538,-396.9528,11.243219366646201,1,4
md6n,710,-388.1837013334333,-400.3434,12.159698666566669,1,6
md6n,711,-374.79814558880764,-387.391,12.592854411192377,1,6
md6n,712,-370.3381609344176,-382.5956,12.257439065582389,1,6
md6n,713,-380.5776331706994,-391.7206,11.142966829300576,1,1
md6n,714,-384.9072187369344,-394.822,9.914781263065606,1,4
md6n,715,-377.9449708141176,-387.9296,9.984629185882397,1,0
md6n,716,-369.13122388820966,-380.0287,10.897476111790354,1,5
md6n,717,-371.08883294964403,-382.86,11.771167050355984,1,8
md6n,718,-382.80421498094285,-395.1391,12.33488501905714,1,5
md6n,719,-389.34498577223195,-402.4832,13.13821422776806,1,2
md6n,720,-378.563677476242,-392.044,13.480322523757991,1,6
md6n,721,-369.22850550841497,-382.2746,13.046094491585052,1,8
md6n,722,-378.75430309152495,-391.11,12.355696908475068,1,8
md6n,723,-386.11611926199896,-397.3799,11.26378073800106,1,4
md6n,724,-379.9801696045279,-391.0379,11.057730395472106,1,4
md6n,725,-369.5307030292477,-381.2908,11.760096970752272,1,5
md6n,726,-369.0127424700689,-381.4938,12.48105752993115,1,6
md6n,727,-379.11836117565184,-391.8067,12.688338824348136,1,9
md6n,728,-388.2896250214227,-401.5703,13.28067497857728,1,0
md6n,729,-381.92815015247464,-396.2522,14.324049847525373,1,2
md6n,730,-368.74587187978665,-383.2646,14.518728120213325,1,1
md6n,731,-375.2649521602307,-389.2498,13.984847839769316,1,6
md6n,732,-386.5914392617324,-399.028,12.436560738267644,1,8
md6n,733,-383.46874807104854,-394.744,11.27525192895149,1,3
md6n,734,-371.99369483945924,-383.2736,11.27990516054075,1,4
md6n,735,-368.054185804554,-379.7783,11.72411419544602,1,8
md6n,736,-376.12295411346616,-388.1307,12.007745886533826,1,6
md6n,737,-386.8724758902663,-399.4387,12.566224109733696,1,3
md6n,738,-386.01514411790004,-399.7983,13.783155882099948,1,3
md6n,739,-371.7537456831372,-385.8814,14.127654316862788,1,5
md6n,740,-371.36335853450345,-385.0096,13.64624146549653,1,0
md6n,741,-384.99829114572213,-397.6887,12.690408854277848,1,2
md6n,742,-386.49772001564816,-398.3425,11.844779984351817,1,1
md6n,743,-375.24628311032797,-387.3637,12.117416889672029,1,6
md6n,744,-367.6704684596579,-380.5309,12.860431540342063,1,3
md6n,745,-373.025801952136,-386.3654,13.339598047864001,1,4
md6n,746,-383.85596252914513,-397.4307,13.57473747085487,1,8
md6n,747,-387.55579223717103,-402.0802,14.524407762828957,1,3
md6n,748,-376.05360233568496,-391.4621,15.408497664315064,1,0
md6n,749,-368.43557132226647,-383.7921,15.356528677733536,1,3
md6n,750,-381.24596457875924,-395.9993,14.753335421240763,1,2
md6n,751,-387.8532953556866,-401.2516,13.398304644313384,1,7
md6n,752,-378.14813596166897,-390.7824,12.634264038331025,1,9
md6n,753,-368.1808982713524,-380.8272,12.646301728647586,1,4
md6n,754,-370.9835744222116,-383.8605,12.876925577788427,1,9
md6n,755,-380.5354958742309,-393.5803,13.044804125769133,1,8
md6n,756,-386.85688728690747,-400.692,13.835112713092542,1,8
md6n,757,-380.7351676736019,-395.6343,14.899132326398103,1,8
md6n,758,-369.8085249240911,-384.5594,14.75087507590888,1,3
md6n,759,-377.60162620754,-391.5956,13.993973792459997,1,3
md6n,760,-388.52899310349466,-401.3949,12.86590689650535,1,0
md6n,761,-382.6858345919851,-394.9218,12.23596540801492,1,7
md6n,762,-370.84742546009505,-383.2966,12.44917453990496,1,0
md6n,763,-369.91371066041995,-382.6464,12.732689339580077,1,6
md6n,764,-377.862711155741,-390.4946,12.631888844258981,1,4
md6n,765,-385.29674054944064,-398.1159,12.819159450559368,1,5
md6n,766,-383.8560899136121,-397.693,13.836910086387888,1,3
md6n,767,-373.2000388888532,-387.6458,14.445761111146794,1,1
md6n,768,-373.5493599006748,-387.8173,14.267940099325187,1,8
md6n,769,-386.66936219841875,-400.3439,13.674537801581266,1,4
md6n,770,-386.5473516641205,-399.2947,12.747348335879451,1,1
md6n,771,-374.5720832287441,-386.9009,12.328816771255902,1,5
md6n,772,-370.1841260547291,-382.5331,12.34897394527087,1,0
md6n,773,-376.23240252508947,-388.6938,12.461397474910541,1,9
md6n,774,-382.8865549606061,-395.7289,12.842345039393933,1,0
md6n,775,-384.002892113053,-397.8783,13.875407886947016,1,6
md6n,776,-377.18300550142976,-391.8687,14.685694498570228,1,0
md6n,777,-372.8385561057832,-387.123,14.284443894216793,1,8
md6n,778,-383.17145265828657,-396.6449,13.473447341713438,1,6
md6n,779,-387.978417712125,-400.4688,12.49038228787498,1,5
md6n,780,-378.4426056968209,-390.3315,11.888894303179086,1,2
md6n,781,-372.14896967892116,-383.9613,11.812330321078832,1,8
md6n,782,-376.43291518795684,-388.0852,11.652284812043149,1,4
md6n,783,-382.3466177461946,-393.7254,11.378782253805355,1,2
md6n,784,-384.62021888086974,-396.3238,11.703581119130263,1,6
md6n,785,-380.90821234122933,-393.3849,12.476687658770686,1,0
md6n,786,-375.29631887510436,-387.924,12.627681124895616,1,4
md6n,787,-380.88541866805633,-393.2051,12.319681331943684,1,8
md6n,788,-388.55698193209105,-400.4097,11.852718067908938,1,6
md6n,789,-382.6090907465324,-393.8885,11.279409253467634,1,3
md6n,790,-374.11570775588643,-385.0624,10.946692244113592,1,5
md6n,791,-376.21707747585435,-386.9933,10.776222524145624,1,9
md6n,792,-381.8342614787701,-392.5668,10.732538521229912,1,2
md6n,793,-384.32575479324805,-395.7138,11.38804520675194,1,7
md6n,794,-382.7154587116118,-395.393,12.67754128838817,1,5
md6n,795,-378.2949086681664,-391.807,13.51209133183363,1,2
md6n,796,-379.4684678299604,-392.8245,13.356032170039612,1,9
md6n,797,-387.4534008028559,-400.3669,12.913499197144063,1,6
md6n,798,-385.5684429667035,-397.8497,12.28125703329647,1,0
md6n,799,-376.6448228049719,-388.4316,11.786777195028094,1,4
md6n,800,-376.5278630984685,-388.2019,11.674036901531508,1,0
md6n,801,-381.408598227929,-392.9459,11.537301772070975,1,2
md6n,802,-383.4431613507258,-395.1498,11.706638649274225,1,1
md6n,803,-382.5360586227136,-394.9539,12.41784137728638,1,1
md6n,804,-380.163814171123,-393.2373,13.073485828876983,1,9
md6n,805,-380.1975014178343,-393.2171,13.019598582165713,1,5
md6n,806,-386.62845858669004,-399.3541,12.725641413309972,1,1
md6n,807,-387.512123188726,-399.8253,12.313176811274047,1,0
md6n,808,-379.5768513572463,-391.2907,11.713848642753703,1,1
md6n,809,-377.72419899084474,-389.0626,11.338401009155234,1,7
md6n,810,-382.29771212681885,-393.346,11.048287873181152,1,2
md6n,811,-384.1656154962025,-395.2996,11.133984503797478,1,5
md6n,812,-382.94546183446255,-394.9025,11.957038165537426,1,8
md6n,813,-381.117856529641,-394.0792,12.961343470358997,1,4
md6n,814,-380.8026488440231,-394.1098,13.307151155976896,1,0
md6n,815,-385.22767177867274,-398.3302,13.102528221327248,1,3
md6n,816,-388.1748873280154,-401.1091,12.934212671984596,1,6
md6n,817,-381.9793687737903,-394.6213,12.641931226209692,1,5
md6n,818,-377.9709246276178,-390.3839,12.412975372382164,1,2
md6n,819,-382.0974077973512,-394.3507,12.253292202648822,1,0
md6n,820,-384.50768437502956,-396.6696,12.161915624970447,1,2
md6n,821,-382.99518196176535,-395.6861,12.690918038234656,1,2
md6n,822,-381.09955269054836,-394.7153,13.615747309451649,1,8
md6n,823,-381.28340872791733,-395.5784,14.294991272082655,1,7
md6n,824,-384.58597566018557,-399.0518,14.465824339814446,1,8
md6n,825,-387.9046633242297,-402.4079,14.503236675770268,1,4
md6n,826,-383.1846052679047,-397.2603,14.075694732095258,1,8
md6n,827,-378.2103542057328,-391.5372,13.326845794267172,1,4
md6n,828,-382.1612167791358,-394.9608,12.799583220864179,1,8
md6n,829,-385.2527979066753,-397.7931,12.54030209332467,1,6
md6n,830,-383.3085397479196,-396.3398,13.031260252080415,1,1
md6n,831,-380.74234513298273,-394.7079,13.96555486701726,1,8
md6n,832,-381.4788981732805,-396.0672,14.588301826719487,1,8
md6n,833,-385.22443570958245,-399.6637,14.439264290417555,1,5
md6n,834,-388.7124337293564,-402.7377,14.025266270643613,1,5
md6n,835,-385.1882779558748,-398.8338,13.645522044125187,1,7
md6n,836,-379.07824320641004,-392.2916,13.21335679358998,1,3
md6n,837,-381.7619836219846,-394.7328,12.9708163780154,1,8
md6n,838,-385.78601197884973,-398.4843,12.69828802115029,1,4
md6n,839,-384.1769803299035,-397.0419,12.864919670096526,1,0
md6n,840,-380.5086792343312,-394.0733,13.564620765668792,1,4
md6n,841,-380.19272355671364,-394.4427,14.249976443286357,1,3
md6n,842,-384.1841684569842,-398.7712,14.587031543015826,1,4
md6n,843,-388.44882807360455,-403.2928,14.843971926395454,1,6
md6n,844,-386.5728367277569,-401.6996,15.126763272243068,1,6
md6n,845,-379.71106821610243,-394.513,14.801931783897544,1,3
md6n,846,-380.6402655712638,-394.7386,14.098334428736223,1,9
md6n,847,-386.0758701431273,-399.4388,13.36292985687271,1,5
md6n,848,-385.43471995827383,-398.6167,13.181980041726149,1,2
md6n,849,-380.66441843113347,-394.5665,13.90208156886655,1,6
md6n,850,-378.735232435189,-393.575,14.839767564810984,1,3
md6n,851,-382.7957611663081,-398.1448,15.34903883369185,1,0
md6n,852,-388.168809893731,-403.4207,15.251890106269002,1,6
md6n,853,-387.7748283677339,-402.6892,14.914371632266125,1,1
md6n,854,-380.61052724488343,-394.8193,14.20877275511657,1,6
md6n,855,-379.77233640994325,-393.2992,13.526863590056735,1,8
md6n,856,-386.35935029558493,-399.4389,13.079549704415058,1,3
md6n,857,-387.2857909993624,-400.1821,12.896309000637586,1,7
md6n,858,-382.10433488017895,-395.4749,13.370565119821038,1,8
md6n,859,-378.32402826966677,-392.2127,13.888671730333215,1,5
md6n,860,-381.746668612946,-395.711,13.964331387054017,1,0
md6n,861,-388.3110739407618,-402.0355,13.724426059238226,1,6
md6n,862,-389.3317308784241,-403.1098,13.778069121575925,1,4
md6n,863,-381.9768587337967,-395.8793,13.902441266203311,1,8
md6n,864,-378.3156510112985,-391.9147,13.599048988701497,1,3
md6n,865,-384.96991577105865,-397.9187,12.94878422894135,1,5
md6n,866,-388.29754608027974,-400.5109,12.213353919720248,1,1
md6n,867,-383.6650664570588,-395.9759,12.310833542941225,1,6
md6n,868,-377.92514149808204,-390.8788,12.953658501917971,1,0
md6n,869,-379.3850981064335,-392.9232,13.538101893566534,1,2
md6n,870,-386.60246210239035,-400.4048,13.802337897609675,1,5
md6n,871,-390.12471150039215,-404.1039,13.979188499607858,1,6
md6n,872,-384.25585457181967,-398.2471,13.99124542818032,1,3
md6n,873,-377.60520426953053,-390.9793,13.374095730469492,1,7
md6n,874,-383.01180281914395,-395.6576,12.64579718085605,1,2
md6n,875,-389.0823370690975,-401.0638,11.981462930902524,1,4
md6n,876,-385.7088213462936,-397.7417,12.032878653706405,1,6
md6n,877,-378.359780651921,-391.072,12.712219348078975,1,7
md6n,878,-377.66269924583713,-390.8937,13.231000754162892,1,5
md6n,879,-385.22696520246575,-398.4621,13.235134797534272,1,7
md6n,880,-390.92147287007754,-403.9362,13.014727129922449,1,6
md6n,881,-386.5313903197686,-399.4635,12.932109680231406,1,9
md6n,882,-378.10654899150035,-390.6143,12.507751008499667,1,1
md6n,883,-381.76038598158414,-393.7064,11.946014018415838,1,2
md6n,884,-389.8154149589551,-401.0884,11.272985041044876,1,2
md6n,885,-388.1458775407451,-399.1953,11.049422459254856,1,2
md6n,886,-379.918415717947,-391.4554,11.53698428205297,1,7
md6n,887,-376.6755751874892,-388.6452,11.969624812510801,1,6
md6n,888,-383.226965330493,-395.2379,12.010934669507037,1,4
md6n,889,-390.41561886128034,-402.3191,11.903481138719656,1,1
md6n,890,-388.44861848519815,-400.6838,12.235181514801866,1,8
md6n,891,-379.1253623047326,-391.5465,12.421137695267362,1,9
md6n,892,-378.728927214758,-390.9172,12.188272785241963,1,8
md6n,893,-388.1171507604882,-399.8472,11.7300492395118,1,1
md6n,894,-389.89561010943476,-401.3249,11.429289890565258,1,4
md6n,895,-381.93021026784805,-393.7973,11.867089732151953,1,2
md6n,896,-375.92045600883915,-388.389,12.468543991160857,1,1
md6n,897,-380.59968700955915,-393.345,12.74531299044088,1,5
md6n,898,-389.0014748755508,-401.7227,12.721225124449177,1,5
md6n,899,-389.86262755642036,-402.8517,12.98907244357963,1,8
md6n,900,-381.042675184115,-394.1972,13.154524815884997,1,1
md6n,901,-376.8995479392359,-389.5948,12.695252060764119,1,3
md6n,902,-386.15864059466384,-398.2125,12.05385940533614,1,0
md6n,903,-391.112162491417,-402.6046,11.49243750858301,1,5
md6n,904,-384.16413143505235,-395.8614,11.697268564947649,1,0
md6n,905,-376.3970693067026,-388.7215,12.324430693297415,1,4
md6n,906,-379.30157025034674,-392.0163,12.714729749653259,1,6
md6n,907,-388.05906592474173,-400.7013,12.642234075258273,1,6
md6n,908,-390.9437231196303,-403.6092,12.665476880369681,1,2
md6n,909,-383.63025847735463,-396.5221,12.891841522645393,1,0
md6n,910,-376.82840775803413,-389.5522,12.723792241965896,1,1
md6n,911,-383.9157491718492,-396.4061,12.490350828150781,1,1
md6n,912,-391.32012997314825,-403.5668,12.246670026851746,1,2
md6n,913,-386.24177688451385,-398.6464,12.404623115486174,1,7
md6n,914,-376.99185277761404,-389.828,12.836147222385932,1,2
md6n,915,-377.343624216039,-390.2998,12.956175783960987,1,2
md6n,916,-385.58100822703796,-398.2289,12.647891772962055,1,2
md6n,917,-390.26862903633616,-402.9272,12.658570963663863,1,9
md6n,918,-385.3982980227964,-398.8587,13.460401977203617,1,0
md6n,919,-376.9190961307682,-390.9118,13.992703869231832,1,9
md6n,920,-380.50545508794755,-394.4347,13.929244912052468,1,5
md6n,921,-390.1125716919042,-403.5727,13.460128308095818,1,9
md6n,922,-388.25534289510193,-401.3645,13.109157104898088,1,4
md6n,923,-378.561927978458,-391.888,13.326072021541961,1,4
md6n,924,-376.38259641602434,-390.128,13.745403583975644,1,6
md6n,925,-383.6483841036371,-397.6373,13.988915896362869,1,2
md6n,926,-389.36092640868753,-403.5717,14.210773591312488,1,1
md6n,927,-386.7364034844162,-401.489,14.752596515583775,1,2
md6n,928,-378.44700579706426,-393.2356,14.788594202935712,1,0
md6n,929,-378.9365646261529,-393.1198,14.183235373847083,1,8
md6n,930,-388.75850865109527,-402.3884,13.62989134890472,1,7
md6n,931,-389.60077641847937,-403.0112,13.410423581520604,1,0
md6n,932,-380.2559539744043,-393.9622,13.706246025595703,1,3
md6n,933,-376.30330864496835,-390.3955,14.092191355031673,1,3
md6n,934,-382.5933728760539,-396.626,14.0326271239461,1,6
md6n,935,-388.59391277807566,-402.2416,13.647687221924343,1,5
md6n,936,-387.3129966954853,-401.1378,13.824803304514717,1,6
md6n,937,-379.7592076457383,-394.0059,14.246692354261711,1,9
md6n,938,-377.63329538217397,-391.9847,14.351404617826006,1,8
md6n,939,-386.1673730237884,-400.4905,14.323126976211597,1,9
md6n,940,-389.4176194272771,-403.5932,14.175580572722936,1,5
md6n,941,-381.2077103140551,-395.3418,14.1340896859449,1,4
md6n,942,-375.4793114588559,-389.612,14.132688541144148,1,6
md6n,943,-380.34560758310516,-394.2696,13.923992416894862,1,5
md6n,944,-386.65125727989,-400.3339,13.682642720110039,1,1
md6n,945,-386.83939670059243,-400.9842,14.144803299407556,1,4
md6n,946,-380.84909776176187,-395.7983,14.949202238238115,1,9
md6n,947,-377.01028839398253,-392.0297,15.019411606017457,1,3
md6n,948,-383.5726260763846,-398.0678,14.495173923615368,1,6
md6n,949,-389.0787006487234,-402.9761,13.89739935127659,1,8
md6n,950,-382.8009117682792,-396.3622,13.561288231720766,1,4
md6n,951,-375.6729302968591,-389.2595,13.586569703140924,1,2
md6n,952,-379.0524538003606,-392.7688,13.716346199639418,1,6
md6n,953,-385.7022657493095,-399.3942,13.691934250690508,1,7
md6n,954,-386.4813382396194,-400.3859,13.904561760380602,1,2
md6n,955,-381.37523289372496,-395.692,14.316767106275051,1,3
md6n,956,-377.3664197717222,-391.4887,14.122280228277816,1,9
md6n,957,-382.7539181719135,-396.3179,13.563981828086526,1,6
md6n,958,-389.05514266832046,-402.2074,13.15225733167955,1,2
md6n,959,-383.88656179927216,-396.8419,12.955338200727851,1,6
md6n,960,-376.03314676472905,-388.968,12.934853235270964,1,5
md6n,961,-378.2345064380992,-391.0181,12.78359356190083,1,5
md6n,962,-384.82239193518734,-397.1872,12.364808064812678,1,9
md6n,963,-385.62045225053305,-397.8994,12.278947749466965,1,0
md6n,964,-380.9758867846841,-393.8703,12.894413215315865,1,0
md6n,965,-376.80028777995057,-390.1938,13.393512220049445,1,7
md6n,966,-380.58839810476394,-394.0093,13.420901895236057,1,0
md6n,967,-387.1807219799433,-400.4715,13.290778020056678,1,7
md6n,968,-384.10079559579776,-397.2254,13.124604404202216,1,6
md6n,969,-375.94834067073566,-388.8689,12.920559329264336,1,5
md6n,970,-376.35249225133055,-388.9597,12.607207748669452,1,7
md6n,971,-383.28736881556694,-395.5622,12.274831184433083,1,8
md6n,972,-385.35242390427413,-397.714,12.361576095725866,1,1
md6n,973,-380.96652308046964,-394.1246,13.158076919530345,1,8
md6n,974,-376.07190805743033,-389.7938,13.721891942569641,1,8
md6n,975,-378.97199823327406,-392.397,13.425001766725927,1,8
md6n,976,-386.5656134602024,-399.309,12.743386539797598,1,2
md6n,977,-385.4533068043798,-397.6308,12.17749319562023,1,0
md6n,978,-376.21674113048437,-388.0757,11.858958869515618,1,2
md6n,979,-375.1585653699077,-387.0128,11.854234630092321,1,1
md6n,980,-382.57754581884853,-394.4663,11.888754181151455,1,7
md6n,981,-385.44180517366146,-397.4684,12.02659482633851,1,6
md6n,982,-380.6212871587784,-393.1912,12.569912841221594,1,6
md6n,983,-375.5040805335921,-388.4586,12.954519466407874,1,4
md6n,984,-378.30858085599164,-391.0224,12.713819144008369,1,3
md6n,985,-386.0913696401524,-398.3899,12.298530359847632,1,5
md6n,986,-386.10260269657743,-398.3757,12.27309730342256,1,8
md6n,987,-376.30207245035774,-388.6716,12.369527549642271,1,0
md6n,988,-373.35337095735485,-385.648,12.29462904264517,1,3
md6n,989,-380.4199756757108,-392.1712,11.751224324289183,1,7
md6n,990,-384.96030043542703,-396.1703,11.209999564572968,1,1
md6n,991,-380.83075815454947,-392.3102,11.479441845450538,1,8
md6n,992,-374.1825745939512,-386.4523,12.269725406048792,1,1
md6n,993,-374.8174678767034,-387.5589,12.74143212329659,1,8
md6n,994,-383.30147210276886,-396.0787,12.777227897231171,1,1
md6n,995,-387.15443307607984,-400.0565,12.902066923920188,1,3
md6n,996,-378.4746865180847,-391.4512,12.976513481915276,1,4
md6n,997,-371.6291661229584,-384.4394,12.810233877041583,1,6
md6n,998,-378.1081202764742,-390.6685,12.560379723525784,1,5
md6n,999,-385.1778242667603,-397.5758,12.397975733239718,1,6
md6n,1000,-382.4171228872863,-395.4077,12.990577112713652,1,7
md6n,1001,-374.4334932527173,-388.3987,13.965206747282707,1,8
md6n,1002,-372.95151794583717,-387.3014,14.349882054162833,1,2
md6n,1003,-381.6097923667261,-395.4974,13.887607633273944,1,8
md6n,1004,-388.1275667989728,-401.3491,13.221533201027228,1,7
md6n,1005,-381.3313705722463,-394.156,12.824629427753678,1,9
md6n,1006,-371.30824684122695,-383.7989,12.490653158773057,1,7
md6n,1007,-376.3825047996772,-388.792,12.409495200322795,1,9
md6n,1008,-385.44921355670573,-397.6299,12.180686443294292,1,1
md6n,1009,-384.5791138382784,-396.9661,12.386986161721609,1,7
md6n,1010,-375.79290205118366,-388.8972,13.104297948816338,1,5
md6n,1011,-371.2508911722366,-384.7709,13.520008827763377,1,6
md6n,1012,-378.5023496690109,-391.8152,13.312850330989079,1,1
md6n,1013,-387.0945115187257,-400.0898,12.995288481274315,1,9
md6n,1014,-384.36075102595885,-397.7983,13.437548974041135,1,9
md6n,1015,-371.8845551627726,-385.7038,13.819244837227416,1,7
md6n,1016,-371.6635329630893,-385.4931,13.829567036910703,1,0
md6n,1017,-382.5252874134727,-395.8482,13.322912586527309,1,2
md6n,1018,-385.6762008664298,-398.6573,12.98109913357024,1,0
md6n,1019,-378.170915829768,-391.7972,13.626284170231997,1,9
md6n,1020,-370.35535533600597,-384.7392,14.383844663994012,1,6
md6n,1021,-374.4019244796203,-389.0455,14.643575520379727,1,4
md6n,1022,-384.48860869852405,-398.7398,14.251191301475956,1,3
md6n,1023,-387.1196138011725,-401.1085,13.988886198827515,1,3
md6n,1024,-376.6307232827902,-390.3269,13.696176717209823,1,5
md6n,1025,-369.5970145209857,-382.6876,13.090585479014294,1,4
md6n,1026,-379.7079068207685,-392.5766,12.868693179231457,1,2
md6n,1027,-387.134220351494,-400.0014,12.86717964850601,1,6
md6n,1028,-381.76385736686143,-395.4845,13.720642633138596,1,8
md6n,1029,-371.633848602569,-386.3405,14.706651397431017,1,9
md6n,1030,-372.0150816353946,-387.0342,15.01911836460539,1,8
md6n,1031,-381.9713046427396,-396.3551,14.383795357260396,1,5
md6n,1032,-387.68675357419,-401.3177,13.63094642581001,1,7
md6n,1033,-380.91946296803394,-394.5381,13.618637031966045,1,2
md6n,1034,-369.7745992235333,-383.3248,13.550200776466681,1,0
md6n,1035,-376.06961764589687,-389.685,13.615382354103133,1,3
md6n,1036,-386.62414445540634,-399.8836,13.259455544593663,1,4
md6n,1037,-384.42160882831934,-397.5636,13.141991171680672,1,0
md6n,1038,-374.0313258587327,-387.4714,13.440074141267303,1,3
md6n,1039,-370.25190654739384,-383.6584,13.406493452606128,1,0
md6n,1040,-377.7413576243133,-390.7224,12.981042375686684,1,7
md6n,1041,-384.9646490796811,-397.5403,12.575650920318878,1,6
md6n,1042,-383.6989576446462,-396.8337,13.134742355353808,1,4
md6n,1043,-372.69869793190355,-386.2515,13.552802068096469,1,0
md6n,1044,-370.50482131533414,-383.8417,13.336878684665862,1,3
md6n,1045,-382.62606238200107,-395.6254,12.999337617998947,1,6
md6n,1046,-386.7665484372567,-399.5865,12.819951562743313,1,4
md6n,1047,-378.9200906061309,-392.5213,13.601209393869112,1,9
md6n,1048,-370.82589182694574,-385.2778,14.451908173054278,1,0
md6n,1049,-374.3823273422549,-389.1312,14.748872657745096,1,1
md6n,1050,-382.5640116830475,-396.6568,14.092788316952465,1,0
md6n,1051,-385.530888375812,-398.9009,13.370011624187953,1,2
md6n,1052,-377.86221040263484,-390.7522,12.889989597365172,1,4
md6n,1053,-369.5612640212415,-381.7458,12.184535978758447,1,3
md6n,1054,-378.83635755416134,-390.9231,12.086742445838638,1,6
md6n,1055,-387.12345792744287,-399.1471,12.023642072557152,1,3
md6n,1056,-381.9732850643297,-394.3589,12.385614935670333,1,5
md6n,1057,-372.9072552730747,-385.6631,12.755844726925261,1,6
md6n,1058,-373.863397280106,-386.4431,12.579702719893987,1,0
md6n,1059,-380.65223218696855,-392.3823,11.73006781303144,1,9
md6n,1060,-384.71652409556805,-395.8453,11.128775904431961,1,8
md6n,1061,-381.2525979868738,-392.7618,11.509202013126185,1,0
md6n,1062,-371.54500761928506,-383.3031,11.758092380714913,1,5
md6n,1063,-373.84391246712687,-385.7299,11.885987532873116,1,7
md6n,1064,-384.0008608632624,-395.8399,11.839039136737597,1,6
md6n,1065,-383.76572659118744,-395.6371,11.87137340881253,1,5
md6n,1066,-375.7531072495985,-388.1274,12.374292750401537,1,6
md6n,1067,-372.2090606640383,-384.8822,12.673139335961707,1,9
md6n,1068,-376.71857029018753,-389.1731,12.454529709812448,1,7
md6n,1069,-382.1474410521141,-394.0422,11.894758947885862,1,7
md6n,1070,-383.02667919862284,-394.8512,11.824520801377162,1,5
md6n,1071,-375.4810553091096,-387.2378,11.7567446908904,1,3
md6n,1072,-371.337063982967,-382.6927,11.35563601703302,1,6
md6n,1073,-380.97809499242084,-392.2065,11.22840500757917,1,1
md6n,1074,-385.77619646750486,-396.9372,11.161003532495158,1,8
md6n,1075,-379.8440971985351,-391.4918,11.647702801464902,1,9
md6n,1076,-373.63712093911255,-385.8087,12.171579060887439,1,8
md6n,1077,-376.12491947469016,-388.3856,12.260680525309851,1,3
md6n,1078,-381.1801161893549,-392.9139,11.733783810645093,1,9
md6n,1079,-383.39833140878727,-394.7977,11.399368591212749,1,7
md6n,1080,-378.6527594233858,-390.0235,11.370740576614196,1,7
md6n,1081,-372.3672402473901,-383.4496,11.082359752609875,1,3
md6n,1082,-378.315331608662,-389.4304,11.115068391338013,1,5
md6n,1083,-384.85360177250794,-396.1015,11.247898227492044,1,0
md6n,1084,-381.9383823306188,-393.6187,11.680317669381168,1,0
md6n,1085,-376.3111795029855,-388.5056,12.194420497014505,1,7
md6n,1086,-376.36264473554877,-388.5826,12.219955264451244,1,7
md6n,1087,-379.66888699382775,-391.2558,11.586913006172267,1,8
md6n,1088,-382.376235590645,-393.4152,11.038964409355003,1,5
md6n,1089,-380.3204481971389,-391.4213,11.100851802861087,1,7
md6n,1090,-373.55207513640863,-384.7162,11.164124863591383,1,7
md6n,1091,-374.8187668223637,-386.1129,11.294133177636297,1,4
md6n,1092,-382.15206266332774,-393.5541,11.402037336672265,1,1
md6n,1093,-382.69385856239256,-394.2542,11.560341437607462,1,4
md6n,1094,-377.7150825255238,-389.7433,12.02821747447615,1,1
md6n,1095,-375.80307649830496,-388.1964,12.393323501695022,1,5
md6n,1096,-378.9415043848536,-391.4018,12.460295615146379,1,4
md6n,1097,-382.2757536694692,-394.7451,12.469346330530755,1,1
md6n,1098,-382.0557398782499,-394.8569,12.801160121750115,1,3
md6n,1099,-376.5487290610474,-389.3762,12.827470938952558,1,2
md6n,1100,-375.0394633443769,-387.4442,12.40473665562314,1,5
md6n,1101,-381.64605554199767,-393.7452,12.099144458002343,1,3
md6n,1102,-383.8052496809625,-395.9125,12.107250319037519,1,0
md6n,1103,-379.7183900028265,-392.4859,12.767509997173534,1,4
md6n,1104,-377.1828059532199,-390.7395,13.556694046780137,1,5
md6n,1105,-379.25718521300155,-393.0549,13.797714786998426,1,0
md6n,1106,-381.95016320333036,-395.3091,13.358936796669639,1,9
md6n,1107,-382.4034055186482,-395.285,12.88159448135184,1,9
md6n,1108,-378.30658976684435,-390.7796,12.473010233155662,1,1
md6n,1109,-376.10713897882476,-388.3394,12.232261021175248,1,5
md6n,1110,-381.32832526617614,-393.8915,12.563174733823871,1,9
md6n,1111,-383.6208113143367,-396.7768,13.15598868566326,1,5
md6n,1112,-379.83211740511706,-393.7181,13.885982594882933,1,3
md6n,1113,-377.35845227733085,-391.7396,14.38114772266914,1,6
md6n,1114,-379.0287395700506,-393.2609,14.232160429949374,1,8
md6n,1115,-381.19915296022384,-394.9621,13.76294703977618,1,2
md6n,1116,-381.4638266381153,-395.28,13.816173361884694,1,5
md6n,1117,-377.97474616362445,-392.2583,14.283553836375575,1,4
md6n,1118,-374.9032604164003,-389.3238,14.420539583599691,1,7
md6n,1119,-379.24309886853314,-393.5085,14.265401131466888,1,0
md6n,1120,-383.68140116976457,-397.7357,14.054298830235439,1,4
md6n,1121,-380.8092320514406,-394.9545,14.145267948559422,1,8
md6n,1122,-377.6261549459196,-392.3145,14.6883450540804,1,2
md6n,1123,-379.2653911612394,-394.4308,15.165408838760584,1,6
md6n,1124,-381.8069829915435,-397.0286,15.221617008456462,1,0
md6n,1125,-382.38530436528225,-397.502,15.116695634717757,1,0
md6n,1126,-379.5312715407979,-394.4034,14.872128459202088,1,3
md6n,1127,-375.5095950913666,-389.6654,14.1558049086334,1,3
md6n,1128,-378.95759562382864,-392.5049,13.547304376171383,1,8
md6n,1129,-384.6481236230166,-398.1905,13.542376376983384,1,1
md6n,1130,-381.75749065038735,-395.8175,14.060009349612642,1,9
md6n,1131,-377.1808776149797,-392.1497,14.968822385020303,1,8
md6n,1132,-379.5321739001946,-395.227,15.694826099805368,1,9
md6n,1133,-382.97994225384383,-398.5757,15.595757746156153,1,8
md6n,1134,-383.09543421442714,-398.3296,15.234165785572884,1,6
md6n,1135,-379.5199443578695,-394.6084,15.088455642130498,1,2
md6n,1136,-375.15095618364677,-389.9804,14.829443816353205,1,0
md6n,1137,-378.10614675756375,-392.5568,14.45065324243626,1,1
md6n,1138,-384.5358438862531,-398.7528,14.216956113746903,1,7
md6n,1139,-382.5930735536677,-396.9047,14.311626446332298,1,5
md6n,1140,-375.59338461920964,-390.1633,14.569915380790349,1,4
md6n,1141,-377.2997838573208,-392.1334,14.833616142679205,1,8
md6n,1142,-382.468288797606,-397.0337,14.565411202393989,1,8
md6n,1143,-383.3217965242376,-397.5755,14.253703475762393,1,6
md6n,1144,-380.18238407449553,-394.5865,14.40411592550447,1,4
md6n,1145,-375.1470882119632,-389.4684,14.32131178803678,1,1
md6n,1146,-375.6460145104292,-389.2991,13.653085489570799,1,6
md6n,1147,-383.61470313195946,-396.6195,13.004796868040557,1,8
md6n,1148,-385.843884088673,-398.7609,12.917015911326985,1,1
md6n,1149,-378.0658913635158,-391.3536,13.287708636484183,1,5
md6n,1150,-376.10594921989116,-390.1251,14.019150780108816,1,6
md6n,1151,-382.72763491558027,-397.2683,14.540665084419743,1,4
md6n,1152,-385.51592602737355,-399.9966,14.480673972626448,1,5
md6n,1153,-382.12551334271467,-396.5469,14.421386657285325,1,3
md6n,1154,-375.82969986517105,-389.8762,14.046500134828932,1,8
md6n,1155,-374.6854937385543,-387.791,13.105506261445669,1,3
md6n,1156,-382.98539343320783,-395.1668,12.181406566792191,1,4
md6n,1157,-387.37339390538295,-399.2025,11.829106094617032,1,7
md6n,1158,-379.5870628274941,-391.6711,12.08403717250593,1,6
md6n,1159,-374.1578657602513,-386.797,12.639134239748728,1,9
md6n,1160,-381.8259281460653,-394.9479,13.121971853934724,1,4
md6n,1161,-386.7539034832817,-399.5796,12.825696516718324,1,2
md6n,1162,-383.55805717669296,-396.1948,12.636742823307031,1,4
md6n,1163,-376.57547667486364,-389.1775,12.602023325136372,1,1
md6n,1164,-372.9962681939925,-385.0983,12.102031806007517,1,8
md6n,1165,-379.375479005639,-390.7882,11.412720994360996,1,4
md6n,1166,-386.3787008215601,-397.5494,11.170699178439918,1,9
md6n,1167,-382.14950116748753,-393.9342,11.784698832512447,1,8
md6n,1168,-373.18306097820823,-385.6746,12.491539021791766,1,5
md6n,1169,-377.7029784851556,-390.7052,13.002221514844393,1,3
md6n,1170,-386.3596991911649,-399.1902,12.830500808835097,1,0
md6n,1171,-386.0064518492761,-398.5286,12.522148150723865,1,9
md6n,1172,-379.23052482315165,-391.8139,12.583375176848335,1,1
md6n,1173,-373.43327431563137,-385.6095,12.17622568436866,1,1
md6n,1174,-377.34388400514257,-388.5708,11.22691599485745,1,1
md6n,1175,-386.36095734867854,-396.7453,10.384342651321447,1,0
md6n,1176,-385.73587079236677,-396.0306,10.294729207633225,1,1
md6n,1177,-375.4069664584971,-386.0622,10.655233541502923,1,4
md6n,1178,-375.246655223675,-386.5891,11.342444776324953,1,7
md6n,1179,-385.8895969371186,-397.9272,12.03760306288143,1,3
md6n,1180,-388.0925900190089,-400.3594,12.26680998099107,1,7
md6n,1181,-381.56383980942724,-394.1841,12.620260190572765,1,0
md6n,1182,-374.49834390107225,-386.9767,12.478356098927748,1,8
md6n,1183,-375.8757515690001,-387.5167,11.640948430999913,1,8
md6n,1184,-384.8166696715166,-395.6731,10.856430328483384,1,1
md6n,1185,-386.90829729860394,-397.7889,10.880602701396072,1,4
md6n,1186,-377.9978234713142,-389.7722,11.77437652868582,1,5
md6n,1187,-373.0370130458007,-385.725,12.687986954199346,1,2
md6n,1188,-382.4418448986995,-395.6285,13.18665510130046,1,1
md6n,1189,-388.309274242138,-401.0792,12.76992575786204,1,0
md6n,1190,-383.6445920607166,-396.0257,12.381107939283368,1,0
md6n,1191,-375.6918158378479,-387.8081,12.116284162152112,1,4
md6n,1192,-373.86352717472914,-385.2573,11.393772825270844,1,4
md6n,1193,-381.7187331227063,-392.3929,10.674166877293715,1,3
md6n,1194,-386.76822890895727,-397.2865,10.51827109104272,1,3
md6n,1195,-381.0926977711781,-392.3933,11.300602228821901,1,7
md6n,1196,-373.2791189540129,-385.404,12.124881045987081,1,5
md6n,1197,-379.20980946309226,-392.0673,12.857490536907733,1,8
md6n,1198,-388.4085820922497,-401.7452,13.336617907750338,1,4
md6n,1199,-386.47815299887225,-400.2439,13.76574700112775,1,0
md6n,1200,-378.70531464084905,-393.0353,14.329985359150953,1,8
md6n,1201,-374.3681073381432,-388.4416,14.07349266185679,1,2
md6n,1202,-379.8175673308117,-392.9913,13.173732669188325,1,3
md6n,1203,-386.48060970050926,-398.8669,12.386290299490724,1,3
md6n,1204,-383.49870414337903,-395.9157,12.416995856620986,1,6
md6n,1205,-374.9855658829505,-387.9719,12.986334117049523,1,9
md6n,1206,-376.7854816814192,-390.5251,13.739618318580824,1,8
md6n,1207,-386.9016695380197,-401.2517,14.350030461980339,1,1
md6n,1208,-388.1065332912836,-402.5322,14.425666708716392,1,2
md6n,1209,-381.2377529828485,-395.687,14.449247017151492,1,0
md6n,1210,-375.19400148718495,-389.1098,13.915798512815059,1,9
md6n,1211,-378.40670522220336,-391.3978,12.991094777796661,1,0
md6n,1212,-385.40746280630435,-397.8222,12.414737193695657,1,6
md6n,1213,-384.0131086034704,-396.7776,12.764491396529593,1,3
md6n,1214,-375.95452101671316,-389.8687,13.914178983286831,1,0
md6n,1215,-374.2899478301204,-389.202,14.912052169879587,1,2
md6n,1216,-383.4311602220507,-398.9294,15.498239777949266,1,4
md6n,1217,-387.8090653132418,-403.3305,15.521434686758198,1,3
md6n,1218,-382.66730610426265,-398.2249,15.557593895737341,1,3
md6n,1219,-376.21866131103815,-391.5848,15.366138688961826,1,7
md6n,1220,-377.02690234868146,-391.5577,14.53079765131855,1,1
md6n,1221,-383.89040216052234,-397.4463,13.555897839477666,1,1
md6n,1222,-385.11364066147246,-398.1564,13.04275933852756,1,1
md6n,1223,-378.8338048435109,-392.1544,13.320595156489105,1,9
md6n,1224,-374.72654356027897,-388.4221,13.695556439721031,1,5
md6n,1225,-381.4453270156903,-395.5519,14.106572984309707,1,2
md6n,1226,-388.0152694918297,-402.4661,14.45083050817027,1,4
md6n,1227,-384.9669890644083,-399.8323,14.865310935591651,1,5
md6n,1228,-378.53287238287146,-393.726,15.193127617128539,1,8
md6n,1229,-376.807793427015,-391.5115,14.703706572985027,1,7
md6n,1230,-383.0067482260436,-396.9129,13.906151773956367,1,5
md6n,1231,-385.88247846376737,-399.2559,13.373421536232627,1,2
md6n,1232,-380.281701964661,-393.9028,13.621098035339003,1,7
md6n,1233,-374.90768122425465,-389.164,14.256318775745342,1,4
md6n,1234,-379.8711623323351,-394.8517,14.980537667664919,1,9
md6n,1235,-387.19556698411134,-402.7121,15.516533015888683,1,3
md6n,1236,-385.35921669995525,-401.0203,15.661083300044766,1,3
md6n,1237,-378.98642782579213,-394.4239,15.437472174207869,1,8
md6n,1238,-376.3143534485294,-390.689,14.374646551470619,1,6
md6n,1239,-381.52425710611925,-394.5227,12.998442893880735,1,7
md6n,1240,-385.05386154880875,-397.0451,11.991238451191236,1,1
md6n,1241,-380.4922472574626,-392.4548,11.962552742537355,1,1
md6n,1242,-374.4795430740363,-387.0203,12.540756925963706,1,9
md6n,1243,-377.3242743177099,-390.3482,13.023925682290098,1,2
md6n,1244,-385.7456467707143,-399.0613,13.315653229285715,1,7
md6n,1245,-386.46213204113,-399.8701,13.40796795886996,1,2
md6n,1246,-380.849799317942,-394.5336,13.683800682058006,1,4
md6n,1247,-377.1083261637313,-390.6902,13.581873836268699,1,2
md6n,1248,-380.2785694347672,-393.1565,12.877930565232816,1,1
md6n,1249,-385.1831593568606,-397.2986,12.115440643139436,1,4
md6n,1250,-382.5584707698464,-394.3538,11.795329230153584,1,4
md6n,1251,-375.7087435475104,-387.6243,11.915556452489625,1,0
md6n,1252,-376.12245210535326,-388.1505,12.028047894646761,1,0
md6n,1253,-384.7253079805391,-397.0275,12.302192019460847,1,1
md6n,1254,-387.05862233916866,-399.6787,12.620077660831328,1,1
md6n,1255,-381.797799382792,-394.8706,13.072800617208031,1,6
md6n,1256,-377.75018982747144,-390.8049,13.05471017252853,1,1
md6n,1257,-379.95940404362864,-392.0788,12.119395956371363,1,7
md6n,1258,-385.39414704409944,-396.4205,11.026352955900563,1,4
md6n,1259,-383.5680076028305,-393.992,10.423992397169513,1,7
md6n,1260,-376.0494431994443,-386.6234,10.57395680055572,1,5
md6n,1261,-374.530385189196,-385.5716,11.041214810803979,1,1
md6n,1262,-382.69294804530944,-394.407,11.714051954690547,1,3
md6n,1263,-387.05733343370485,-399.418,12.360666566295151,1,4
md6n,1264,-381.6938322709795,-394.4972,12.803367729020522,1,1
md6n,1265,-376.9492680665387,-389.8036,12.85433193346131,1,3
md6n,1266,-378.3271011861703,-390.3291,12.001998813829687,1,1
md6n,1267,-384.1725475991999,-395.123,10.950452400800089,1,8
md6n,1268,-384.4472877924926,-394.8401,10.392812207507404,1,7
md6n,1269,-377.5273428287445,-388.0912,10.563857171255506,1,3
md6n,1270,-373.4756500659464,-384.3068,10.831149934053599,1,3
md6n,1271,-380.5619083975412,-391.4766,10.914691602458845,1,2
md6n,1272,-388.1447084895652,-399.1358,10.991091510434842,1,9
md6n,1273,-384.1887084917617,-395.3405,11.151791508238318,1,9
md6n,1274,-378.0560865198708,-389.7031,11.647013480129203,1,2
md6n,1275,-378.1680474815012,-389.8429,11.674852518498767,1,3
md6n,1276,-383.773126189042,-394.9102,11.137073810957986,1,4
md6n,1277,-385.67998726182,-396.2813,10.601312738180013,1,8
md6n,1278,-379.3174738638185,-389.7333,10.415826136181465,1,6
md6n,1279,-373.33839417619635,-383.6916,10.353205823803648,1,5
md6n,1280,-378.6125523476676,-389.0414,10.428847652332422,1,0
md6n,1281,-387.88021051461317,-398.8676,10.987389485386814,1,9
md6n,1282,-386.245076959518,-398.1469,11.901823040482043,1,9
md6n,1283,-378.81894038659595,-391.7534,12.934459613404044,1,5
md6n,1284,-377.6003592648366,-390.8001,13.199740735163402,1,7
md6n,1285,-382.7316792175639,-395.1021,12.3704207824361,1,6
md6n,1286,-386.0067831746192,-397.4316,11.424816825380788,1,7
md6n,1287,-380.87589243875846,-391.9412,11.065307561241525,1,4
md6n,1288,-373.27011167556145,-384.5049,11.234788324438568,1,7
md6n,1289,-375.1537937838207,-386.6979,11.54410621617933,1,7
md6n,1290,-385.2811400232325,-397.3089,12.02775997676747,1,9
md6n,1291,-387.86286739315807,-400.547,12.684132606841956,1,0
md6n,1292,-380.0649367928847,-393.3537,13.288763207115323,1,8
md6n,1293,-376.7881780919094,-390.3576,13.56942190809059,1,9
md6n,1294,-381.8937983725671,-395.0312,13.137401627432894,1,2
md6n,1295,-386.94256059968114,-399.4486,12.506039400318855,1,7
md6n,1296,-383.5823612665855,-395.8825,12.300138733414485,1,0
md6n,1297,-375.1680194356053,-387.5831,12.415080564394714,1,9
md6n,1298,-373.72412080812256,-386.1055,12.381379191877443,1,7
md6n,1299,-383.04327997575115,-395.4423,12.399020024248841,1,8
md6n,1300,-389.16735149649054,-402.0377,12.870348503509433,1,9
md6n,1301,-382.9766497088801,-396.7102,13.733550291119911,1,1
md6n,1302,-377.05602508784136,-391.766,14.709974912158657,1,9
md6n,1303,-380.57362589184225,-395.6053,15.031674108157745,1,0
md6n,1304,-386.3941520002554,-400.9114,14.517247999744598,1,2
md6n,1305,-385.361123075435,-399.3035,13.942376924564996,1,2
md6n,1306,-377.85691108079703,-391.5312,13.67428891920298,1,0
md6n,1307,-373.4712022750194,-386.9608,13.489597724980626,1,5
md6n,1308,-379.99924779104686,-393.5144,13.515152208953168,1,9
md6n,1309,-388.29396362562295,-402.3594,14.065436374377043,1,5
md6n,1310,-385.40647385058736,-400.5156,15.109126149412646,1,2
md6n,1311,-377.12251416488607,-393.1651,16.042585835113925,1,0
md6n,1312,-378.28478881440844,-394.5599,16.275111185591584,1,9
md6n,1313,-385.02135715835135,-400.5586,15.537242841648663,1,8
md6n,1314,-386.10058023183393,-400.7499,14.649319768166094,1,6
md6n,1315,-379.5785544193533,-393.8583,14.279745580646704,1,6
md6n,1316,-373.01316829336423,-387.0949,14.081731706635765,1,4
md6n,1317,-376.4637755021941,-390.4166,13.95282449780592,1,1
md6n,1318,-385.94170222996155,-400.0871,14.145397770038471,1,1
md6n,1319,-387.9210074496286,-402.8469,14.92589255037143,1,0
md6n,1320,-379.7677850799625,-395.4865,15.718714920037485,1,7
md6n,1321,-377.4140722536112,-393.5646,16.150527746388775,1,6
md6n,1322,-383.9978055169957,-399.9185,15.920694483004297,1,4
md6n,1323,-387.01252733717945,-402.2003,15.187772662820578,1,9
md6n,1324,-382.6311276426586,-397.4355,14.804372357341379,1,7
md6n,1325,-375.34750235580367,-389.8865,14.538997644196343,1,1
md6n,1326,-374.64509527231263,-388.787,14.141904727687347,1,1
md6n,1327,-382.7448675951592,-396.6195,13.874632404840838,1,5
md6n,1328,-388.2883894543155,-402.461,14.172610545684506,1,8
md6n,1329,-382.85488578597204,-397.7868,14.931914214027984,1,2
md6n,1330,-377.46773188883714,-393.2424,15.774668111162839,1,3
md6n,1331,-382.31721513768093,-398.5605,16.243284862319058,1,3
md6n,1332,-386.7669161580803,-402.5167,15.749783841919736,1,9
md6n,1333,-384.7100318771371,-399.7524,15.04236812286291,1,1
md6n,1334,-377.77508126664776,-392.1152,14.340118733352256,1,3
md6n,1335,-373.83444208619915,-387.423,13.588557913800855,1,5
md6n,1336,-379.2303604155582,-392.4827,13.252339584441813,1,7
md6n,1337,-386.2291984464661,-399.9753,13.74610155353389,1,9
md6n,1338,-384.0921654507203,-399.0521,14.959934549279694,1,6
md6n,1339,-377.06303939463544,-392.9564,15.893360605364535,1,0
md6n,1340,-379.9848263562152,-396.1256,16.140773643784826,1,1
md6n,1341,-385.7069199909834,-400.9473,15.240380009016576,1,3
md6n,1342,-385.6450506424995,-399.7476,14.102549357500493,1,7
md6n,1343,-380.49044630383213,-393.9041,13.413653696167898,1,8
md6n,1344,-374.8255188300409,-387.6516,12.826081169959082,1,6
md6n,1345,-376.9016607653199,-389.2893,12.387639234680137,1,9
md6n,1346,-384.38924688255236,-396.6746,12.285353117447642,1,7
md6n,1347,-386.42990689252315,-399.1953,12.765393107476825,1,8
md6n,1348,-379.73418380192544,-393.0222,13.288016198074558,1,1
md6n,1349,-378.74665813728694,-392.5493,13.802641862713074,1,0
md6n,1350,-384.19501622234884,-398.0598,13.864783777651155,1,5
md6n,1351,-386.0107546853566,-399.3951,13.38434531464344,1,3
md6n,1352,-383.4289062059977,-396.45,13.021093794002297,1,5
md6n,1353,-377.1791845930692,-389.509,12.329815406930834,1,2
md6n,1354,-375.80225257768484,-387.342,11.539747422315145,1,8
md6n,1355,-381.9107674980223,-393.0685,11.157732501977648,1,5
md6n,1356,-386.17930826403955,-397.8172,11.637891735960466,1,2
md6n,1357,-381.75620488244033,-394.3955,12.639295117559698,1,5
md6n,1358,-379.00702019390815,-392.7235,13.716479806091854,1,6
md6n,1359,-383.34369787821043,-397.5056,14.16190212178958,1,8
md6n,1360,-385.10141802168437,-398.4715,13.370081978315625,1,0
md6n,1361,-383.93471189660784,-396.3117,12.376988103392137,1,5
md6n,1362,-378.9772071937714,-390.31,11.33279280622861,1,1
md6n,1363,-375.5949458641296,-386.1185,10.52355413587037,1,3
md6n,1364,-379.2575585814981,-389.592,10.33444141850191,1,0
md6n,1365,-384.44272642231533,-395.3759,10.93317357768467,1,9
md6n,1366,-382.81476405156735,-394.8012,11.986435948432643,1,0
md6n,1367,-379.13065786169295,-391.9258,12.795142138307028,1,6
md6n,1368,-382.7656438237583,-395.9692,13.203556176241705,1,2
md6n,1369,-385.30679953465886,-398.0045,12.697700465341143,1,3
md6n,1370,-385.40874543673453,-397.6161,12.207354563265483,1,6
md6n,1371,-382.4540995415872,-394.283,11.828900458412818,1,8
md6n,1372,-377.58299480812445,-388.7376,11.154605191875532,1,3
md6n,1373,-378.49710619540053,-389.0636,10.566493804599475,1,8
md6n,1374,-383.3791867061983,-393.8009,10.421713293801702,1,9
md6n,1375,-383.8507221931942,-394.7428,10.892077806805787,1,9
md6n,1376,-380.47944354342445,-392.065,11.585556456575546,1,3
md6n,1377,-383.0020249582863,-395.5404,12.538375041713664,1,3
md6n,1378,-385.2860239335631,-398.1173,12.831276066436885,1,2
md6n,1379,-385.1669589311588,-397.7987,12.631741068841222,1,2
md6n,1380,-384.3986030567265,-396.6715,12.272896943273508,1,2
md6n,1381,-380.11849414377815,-391.5626,11.444105856221825,1,3
md6n,1382,-378.8868978370641,-389.7463,10.859402162935908,1,2
md6n,1383,-382.1832492827385,-393.0938,10.910550717261515,1,8
md6n,1384,-383.4608138344782,-395.1926,11.73178616552184,1,9
md6n,1385,-380.6461277697542,-393.4796,12.833472230245832,1,3
md6n,1386,-382.29988393893245,-396.3435,14.043616061067553,1,6
md6n,1387,-385.0368334374666,-399.6559,14.619066562533362,1,1
md6n,1388,-383.83970562756986,-398.1171,14.277394372430138,1,5
md6n,1389,-384.2734405395021,-398.0859,13.812459460497905,1,9
md6n,1390,-382.156906413015,-395.058,12.901093586984985,1,8
md6n,1391,-380.1777517957247,-392.192,12.014248204275304,1,2
md6n,1392,-381.9741924437533,-393.6027,11.628507556246745,1,1
md6n,1393,-383.3229473775346,-395.2892,11.96625262246539,1,5
md6n,1394,-381.39613964445056,-394.0466,12.650460355549455,1,0
md6n,1395,-383.07757402477847,-396.5549,13.477325975221504,1,5
md6n,1396,-387.2772844738744,-401.4625,14.185215526125603,1,4
md6n,1397,-384.96605721206816,-399.138,14.171942787931812,1,5
md6n,1398,-384.073148132741,-398.2776,14.204451867259024,1,9
md6n,1399,-383.9258571030432,-397.8223,13.896442896956785,1,6
md6n,1400,-381.9903696515452,-395.1935,13.20313034845475,1,1
md6n,1401,-382.18770962387543,-395.0411,12.853390376124537,1,9
md6n,1402,-382.94831825988007,-396.0172,13.068881740119934,1,4
md6n,1403,-381.59196920020395,-395.2618,13.669830799796046,1,9
md6n,1404,-382.7595080310904,-397.1755,14.415991968909623,1,5
md6n,1405,-387.98829911203643,-403.362,15.373700887963594,1,5
md6n,1406,-386.3499094077433,-402.1252,15.775290592256681,1,8
md6n,1407,-383.59713598952067,-399.4812,15.884064010479335,1,4
md6n,1408,-384.5612210181694,-400.0718,15.510578981830577,1,5
md6n,1409,-383.75606983976314,-398.0971,14.341030160236869,1,6
md6n,1410,-383.3113058119966,-396.6789,13.367594188003409,1,9
md6n,1411,-382.74667796162555,-395.8172,13.070522038374463,1,5
md6n,1412,-380.3861930473468,-393.8468,13.460606952653166,1,8
md6n,1413,-380.8460217077415,-395.0236,14.177578292258488,1,6
md6n,1414,-387.72375219125126,-402.9887,15.26494780874873,1,8
md6n,1415,-388.63940474305434,-404.5974,15.957995256945651,1,8
md6n,1416,-383.0287474716826,-398.9562,15.927452528317417,1,9
md6n,1417,-383.38267315184163,-398.905,15.522326848158343,1,2
md6n,1418,-385.42852643458303,-399.8356,14.407073565416965,1,1
md6n,1419,-385.6727928597056,-399.0201,13.34730714029439,1,5
md6n,1420,-384.1027458969411,-397.0842,12.981454103058923,1,9
md6n,1421,-380.93449246004576,-394.17,13.235507539954256,1,9
md6n,1422,-380.3130655420179,-393.8962,13.583134457982112,1,3
md6n,1423,-387.0150235719564,-401.046,14.030976428043573,1,5
md6n,1424,-390.8460819361452,-405.3414,14.495318063854825,1,3
md6n,1425,-384.5484003613977,-399.1913,14.64289963860233,1,2
md6n,1426,-382.3459908637709,-397.2128,14.866809136229108,1,9
md6n,1427,-385.5820768765382,-400.0238,14.44172312346177,1,7
md6n,1428,-387.1620127693973,-400.5559,13.39388723060273,1,0
md6n,1429,-385.7082214467999,-398.3582,12.649978553200128,1,3
md6n,1430,-381.70812443869147,-394.1964,12.488275561308512,1,7
md6n,1431,-379.4178246355072,-392.0958,12.677975364492795,1,8
md6n,1432,-385.20289705640624,-398.4313,13.228402943593778,1,6
md6n,1433,-391.99511863473583,-406.2487,14.253581365264154,1,3
md6n,1434,-387.018103390997,-402.0401,15.021996609002997,1,7
md6n,1435,-380.7373049727451,-395.9613,15.223995027254887,1,9
md6n,1436,-383.6310893005118,-398.1591,14.52801069948822,1,4
md6n,1437,-387.67777955355945,-400.674,12.996220446440532,1,2
md6n,1438,-387.111643796625,-398.9356,11.823956203375019,1,3
md6n,1439,-382.21845259384224,-393.7134,11.494947406157735,1,9
md6n,1440,-378.26969029631323,-389.8809,11.611209703686768,1,5
md6n,1441,-382.7307994485737,-394.5664,11.835600551426296,1,4
md6n,1442,-391.91900355421694,-404.2385,12.319496445783045,1,7
md6n,1443,-390.706730790548,-403.5308,12.824069209451977,1,7
md6n,1444,-381.87259041708796,-394.9191,13.046509582912051,1,3
md6n,1445,-382.1775320392373,-395.1411,12.963567960762703,1,6
md6n,1446,-388.1336862764106,-400.2442,12.110513723589406,1,1
md6n,1447,-389.3069724713877,-400.3273,11.020327528612256,1,8
md6n,1448,-384.2546723429264,-394.7831,10.528427657073564,1,5
md6n,1449,-378.3971356947453,-388.932,10.5348643052547,1,4
md6n,1450,-380.08590252949716,-390.7425,10.656597470502845,1,2
md6n,1451,-389.84492047916194,-400.9891,11.144179520838065,1,4
md6n,1452,-392.66306224157915,-404.6994,12.03633775842087,1,2
md6n,1453,-384.0908765452565,-396.8947,12.803823454743508,1,8
md6n,1454,-380.82952635231976,-393.9268,13.097273647680254,1,8
md6n,1455,-387.0335363719521,-399.5112,12.477663628047878,1,5
md6n,1456,-390.50882041152494,-401.7808,11.271979588475062,1,7
md6n,1457,-386.3876698218784,-396.9446,10.556930178121604,1,3
md6n,1458,-379.32829150873636,-389.7694,10.441108491263662,1,1
md6n,1459,-378.1790439667326,-388.6789,10.499856033267406,1,4
md6n,1460,-386.91275450222406,-397.8074,10.894645497775912,1,4
md6n,1461,-392.98144701040036,-404.798,11.816552989599643,1,7
md6n,1462,-386.4483017206023,-399.3587,12.910398279397725,1,7
md6n,1463,-379.22836367873794,-392.7399,13.511536321262042,1,0
md6n,1464,-384.2956274106444,-397.6041,13.308472589355631,1,7
md6n,1465,-390.87770593010896,-403.0572,12.179494069891064,1,4
md6n,1466,-388.9235726466181,-400.0559,11.132327353381925,1,4
md6n,1467,-381.29732878228214,-392.0408,10.743471217717854,1,0
md6n,1468,-377.36121834140783,-387.9959,10.634681658592172,1,9
md6n,1469,-384.29489196885464,-395.1075,10.812608031145373,1,2
md6n,1470,-392.9761150579596,-404.4788,11.50268494204039,1,7
md6n,1471,-390.10469204883987,-402.73,12.625307951160153,1,2
md6n,1472,-380.76771159719925,-394.1249,13.357188402800773,1,1
md6n,1473,-382.2431532698557,-395.6269,13.383746730144253,1,6
md6n,1474,-390.06167623838786,-402.6399,12.57822376161215,1,8
md6n,1475,-390.46510053487935,-402.0918,11.626699465120623,1,0
md6n,1476,-383.45470627974703,-394.8844,11.429693720252999,1,6
md6n,1477,-377.45382438468226,-389.0271,11.573275615317755,1,9
md6n,1478,-381.40487834860875,-393.2331,11.828221651391232,1,2
md6n,1479,-390.83078700749957,-403.2789,12.448112992500455,1,9
md6n,1480,-391.72302590610025,-405.3252,13.602174093899748,1,9
md6n,1481,-382.9820644927636,-397.7645,14.782435507236414,1,5
md6n,1482,-380.5767075933929,-396.0088,15.432092406607126,1,8
md6n,1483,-387.9704031544107,-403.1676,15.197196845589303,1,3
md6n,1484,-391.07652745357586,-405.2394,14.162872546424126,1,5
md6n,1485,-385.6224866379832,-398.9718,13.349313362016801,1,6
md6n,1486,-378.0136342132893,-390.8723,12.858665786710674,1,3
md6n,1487,-378.6283059862659,-391.2645,12.636194013734098,1,0
md6n,1488,-387.67336690324885,-400.6937,13.02033309675113,1,5
md6n,1489,-391.86819971719046,-406.0803,14.212100282809558,1,1
md6n,1490,-385.30643369634544,-400.9864,15.679966303654567,1,4
md6n,1491,-379.9934596388095,-396.3782,16.384740361190495,1,2
md6n,1492,-386.3000593858174,-402.3899,16.089840614182606,1,9
md6n,1493,-391.91930726912665,-406.8374,14.918092730873354,1,9
md6n,1494,-388.4153874381408,-402.4134,13.998012561859241,1,2
md6n,1495,-380.3790701813293,-394.0928,13.713729818670686,1,7
md6n,1496,-378.10336186824316,-391.7677,13.664338131756836,1,6
md6n,1497,-385.28564993770595,-399.1833,13.89765006229402,1,5
md6n,1498,-391.1956307341134,-405.7789,14.5832692658866,1,5
md6n,1499,-387.3251653694134,-402.9916,15.666434630586593,1,1
md6n,1500,-380.5512275499261,-396.9514,16.400172450073853,1,5
md6n,1501,-383.88889676397247,-400.4913,16.602403236027556,1,7
md6n,1502,-390.4470050290437,-406.4519,16.004894970956343,1,6
md6n,1503,-389.84115604667477,-405.0197,15.178543953325232,1,4
md6n,1504,-383.10683293345244,-397.7723,14.665467066547535,1,3
md6n,1505,-378.3052839185043,-392.5061,14.200816081495702,1,7
md6n,1506,-382.83587913554993,-396.8914,14.055520864450045,1,2
md6n,1507,-389.68988283853975,-404.2585,14.568617161460281,1,7
md6n,1508,-388.7095842064759,-404.5796,15.870015793524146,1,8
md6n,1509,-381.963480220542,-399.0848,17.121319779457963,1,5
md6n,1510,-382.26518514595506,-399.8985,17.633314854044954,1,5
md6n,1511,-388.6309967365932,-405.6992,17.068203263406815,1,9
md6n,1512,-389.9847453949352,-405.8083,15.823554605064771,1,0
md6n,1513,-384.6628173971618,-399.4733,14.810482602838192,1,3
md6n,1514,-378.8949701258013,-392.9409,14.045929874198691,1,3
md6n,1515,-381.32128083893525,-395.0251,13.703819161064757,1,3
md6n,1516,-387.9495302892948,-401.8808,13.931269710705237,1,7
md6n,1517,-389.13795202549363,-403.9447,14.80674797450638,1,5
md6n,1518,-383.79631833113143,-399.5179,15.721581668868566,1,9
md6n,1519,-382.3478765312117,-398.4588,16.110923468788314,1,9
md6n,1520,-387.8587992459039,-403.6295,15.770700754096083,1,0
md6n,1521,-390.32206653294577,-405.0774,14.755333467054243,1,3
md6n,1522,-386.6486098152328,-400.5497,13.901090184767156,1,1
md6n,1523,-380.59998570444196,-393.7932,13.19321429555805,1,3
md6n,1524,-380.30993363962745,-392.9894,12.679466360372544,1,4
md6n,1525,-385.6219149764262,-398.2619,12.639985023573843,1,4
md6n,1526,-388.1435576362682,-401.5064,13.362842363731772,1,2
md6n,1527,-384.59181464062345,-399.111,14.519185359376536,1,3
md6n,1528,-382.18667172232534,-397.5056,15.318928277674672,1,1
md6n,1529,-386.2407596907174,-401.6155,15.374740309282572,1,6
md6n,1530,-389.35174907496963,-403.9338,14.582050925030387,1,1
md6n,1531,-387.54899881384387,-401.2466,13.697601186156135,1,7
md6n,1532,-382.2004298791102,-395.0501,12.849670120889812,1,7
md6n,1533,-379.9995615460104,-392.1142,12.114638453989585,1,9
md6n,1534,-383.78121730302274,-395.6569,11.875682696977265,1,7
md6n,1535,-386.71766791830083,-399.0298,12.31213208169919,1,2
md6n,1536,-384.5518259383587,-397.8258,13.273974061641297,1,1
md6n,1537,-381.80841936201006,-395.9066,14.09818063798997,1,7
md6n,1538,-384.85081123551436,-399.3665,14.515688764485617,1,3
md6n,1539,-388.37932443843977,-402.5237,14.144375561560253,1,7
md6n,1540,-387.4280945796758,-400.6577,13.229605420324162,1,2
md6n,1541,-383.4667695319685,-395.6094,12.142630468031484,1,9
md6n,1542,-381.02700563182356,-392.0566,11.029594368176447,1,2
md6n,1543,-383.49948225582557,-393.9093,10.409817744174404,1,3
md6n,1544,-385.9404691728678,-396.5249,10.584430827132223,1,9
md6n,1545,-384.53415964938966,-396.1086,11.57444035061036,1,7
md6n,1546,-382.1162506675405,-394.7488,12.632549332459519,1,9
md6n,1547,-384.5111262673634,-397.6641,13.15297373263661,1,8
md6n,1548,-387.81143918357867,-400.5903,12.778860816421343,1,1
md6n,1549,-386.6100945064184,-398.4807,11.870605493581593,1,3
md6n,1550,-383.5661777836172,-394.7147,11.148522216382787,1,0
md6n,1551,-381.1189747524777,-391.5824,10.46342524752231,1,6
md6n,1552,-382.23053843632755,-392.3411,10.110561563672434,1,1
md6n,1553,-383.955281046814,-394.2787,10.323418953186035,1,8
md6n,1554,-383.36059734993614,-394.5147,11.154102650063862,1,5
md6n,1555,-381.76166798451095,-393.824,12.062332015489062,1,1
md6n,1556,-383.50084144237957,-396.1847,12.683858557620454,1,5
md6n,1557,-386.8258782526608,-399.8314,13.005521747339174,1,9
md6n,1558,-385.9047952293901,-398.7672,12.862404770609885,1,8
md6n,1559,-383.0637499794271,-395.4322,12.368450020572936,1,0
md6n,1560,-380.93218761579226,-392.2487,11.316512384207726,1,0
md6n,1561,-381.67627767860796,-391.9109,10.234622321392067,1,9
md6n,1562,-382.9095337494116,-392.7318,9.822266250588427,1,3
md6n,1563,-381.9255064528377,-392.3322,10.40669354716232,1,2
md6n,1564,-380.1908818149364,-391.8195,11.628618185063601,1,9
md6n,1565,-382.03412404130387,-394.8133,12.779175958696158,1,0
md6n,1566,-386.8547851283807,-400.2783,13.423514871619318,1,7
md6n,1567,-386.82389281104383,-400.003,13.179107188956152,1,6
md6n,1568,-382.52544052600564,-394.8318,12.306359473994348,1,4
md6n,1569,-381.0813825109563,-392.391,11.309617489043717,1,4
md6n,1570,-382.8022502472222,-393.3184,10.516149752777778,1,5
md6n,1571,-383.1523725892575,-393.5029,10.35052741074253,1,2
md6n,1572,-380.8312218843864,-391.8375,11.006278115613554,1,4
md6n,1573,-378.9311190943192,-390.9773,12.046180905680842,1,6
md6n,1574,-380.59941467024566,-393.3251,12.725685329754356,1,9
md6n,1575,-385.47594360014244,-398.4499,12.97395639985757,1,8
md6n,1576,-386.4322399747134,-399.3787,12.94646002528657,1,5
md6n,1577,-381.9702140303362,-394.7558,12.785585969663828,1,4
md6n,1578,-380.21938896673316,-392.7627,12.543311033266832,1,3
md6n,1579,-382.2045112040777,-394.1326,11.92808879592235,1,1
md6n,1580,-382.9609362310677,-394.3168,11.355863768932295,1,7
md6n,1581,-380.47415300663374,-391.9484,11.47424699336625,1,5
md6n,1582,-378.07528518831975,-390.4621,12.386814811680267,1,5
md6n,1583,-378.62853565492264,-392.0892,13.460664345077362,1,1
md6n,1584,-383.4057573622111,-397.777,14.371242637788896,1,0
md6n,1585,-386.7203216581343,-401.7459,15.025578341865696,1,8
md6n,1586,-382.74075489473813,-397.797,15.056245105261894,1,2
md6n,1587,-378.3621244018111,-392.6713,14.309175598188858,1,2
md6n,1588,-381.0548375828668,-394.2324,13.177562417133174,1,9
md6n,1589,-383.9430383267756,-396.1417,12.198661673224422,1,8
md6n,1590,-381.2351939970217,-393.257,12.02180600297828,1,9
md6n,1591,-377.6098547461842,-390.3337,12.723845253815796,1,5
md6n,1592,-377.47333304307455,-391.0004,13.527066956925466,1,2
md6n,1593,-382.4116873956491,-396.4626,14.050912604350913,1,4
md6n,1594,-387.5144192477897,-401.9167,14.402280752210288,1,8
md6n,1595,-385.03080557637605,-399.5734,14.542594423623939,1,0
md6n,1596,-378.2600661754919,-392.4386,14.178533824508122,1,2
md6n,1597,-379.8915407196638,-393.5058,13.614259280336228,1,5
md6n,1598,-384.32177449732086,-397.1437,12.821925502679164,1,8
md6n,1599,-381.9040895365982,-394.1399,12.235810463401833,1,2
md6n,1600,-377.34559459743264,-389.9619,12.616305402567377,1,3
md6n,1601,-375.76835699757385,-389.2459,13.47754300242616,1,6
md6n,1602,-379.2620289626888,-393.5167,14.254671037311198,1,6
md6n,1603,-385.2334718536167,-400.0286,14.795128146383263,1,1
md6n,1604,-385.8234994263106,-400.9651,15.141600573689402,1,4
md6n,1605,-379.38859835715084,-394.3685,14.979901642849143,1,4
md6n,1606,-377.9177274673648,-392.196,14.278272532635242,1,6
md6n,1607,-383.26716550353154,-396.5871,13.319934496468477,1,6
md6n,1608,-382.8830340019923,-395.308,12.424965998007679,1,4
md6n,1609,-378.16391595569394,-390.6381,12.474184044306071,1,8
md6n,1610,-375.21532239441103,-388.2796,13.064277605588984,1,6
md6n,1611,-376.89216089144867,-390.4502,13.558039108551327,1,7
md6n,1612,-383.06263865927,-397.1229,14.060261340729994,1,0
md6n,1613,-386.2156040699141,-400.9568,14.741195930085894,1,5
md6n,1614,-381.09728298676856,-396.309,15.211717013231464,1,5
md6n,1615,-376.37494016658314,-391.2089,14.833959833416884,1,3
md6n,1616,-382.240224053192,-396.2979,14.057675946808047,1,8
md6n,1617,-384.69687675750555,-397.4975,12.800623242494453,1,2
md6n,1618,-380.12025932943163,-392.2011,12.080840670568364,1,2
md6n,1619,-375.75298363000906,-387.9874,12.234416369990925,1,2
md6n,1620,-375.6588546199479,-388.3449,12.686045380052121,1,0
md6n,1621,-381.354183698309,-394.6212,13.267016301691001,1,0
md6n,1622,-385.9876139991137,-399.694,13.706386000886312,1,8
md6n,1623,-383.01213665435785,-396.8921,13.879963345642182,1,0
md6n,1624,-376.2881705937332,-389.4821,13.193929406266818,1,7
md6n,1625,-379.9113072846496,-392.202,12.290692715350417,1,8
md6n,1626,-384.42566442536355,-395.7248,11.299135574636466,1,1
md6n,1627,-381.07836105029935,-392.036,10.957638949700652,1,8
md6n,1628,-376.37581366053973,-388.0793,11.703486339460255,1,0
md6n,1629,-374.22402790461916,-386.6311,12.40707209538084,1,6
md6n,1630,-378.09646616086894,-390.8554,12.758933839131032,1,1
md6n,1631,-383.9535434717366,-396.8542,12.900656528263369,1,8
md6n,1632,-384.14320083905625,-397.4579,13.314699160943746,1,8
md6n,1633,-377.72182135548763,-391.2949,13.57307864451235,1,5
md6n,1634,-377.347620199693,-390.8449,13.497279800307012,1,8
md6n,1635,-382.92666477230415,-395.8608,12.934135227695833,1,1
md6n,1636,-382.0276939464194,-393.8227,11.795006053580607,1,4
md6n,1637,-378.04946817183696,-389.2296,11.180131828163042,1,8
md6n,1638,-374.4624553491612,-385.3394,10.876944650838823,1,0
md6n,1639,-376.2509579957419,-387.2755,11.024542004258137,1,8
md6n,1640,-382.4969716521995,-394.1396,11.642628347800496,1,4
md6n,1641,-384.917198028512,-397.4682,12.551001971488006,1,5
md6n,1642,-379.85032021516935,-392.9234,13.073079784830668,1,9
md6n,1643,-377.00664820844554,-389.6121,12.605451791554458,1,0
md6n,1644,-383.3064903002461,-395.0386,11.732109699753892,1,0
md6n,1645,-383.96530928422476,-394.5859,10.620590715775222,1,7
md6n,1646,-379.8916511613973,-390.5335,10.641848838602698,1,1
md6n,1647,-375.45395503469325,-386.8413,11.387344965306738,1,4
md6n,1648,-375.02643121668865,-387.0606,12.034168783311372,1,2
md6n,1649,-380.29291933350197,-392.6928,12.399880666498007,1,5
md6n,1650,-383.8817845656548,-396.444,12.562215434345205,1,0
md6n,1651,-380.7426965385762,-393.479,12.736303461423802,1,3
md6n,1652,-376.481808884626,-389.0354,12.55359111537399,1,3
md6n,1653,-381.06823429386174,-393.4982,12.429965706138262,1,8
md6n,1654,-383.24005581656473,-395.1286,11.888544183435272,1,7
md6n,1655,-380.9189584500503,-392.4791,11.56014154994972,1,4
md6n,1656,-377.2376929978666,-388.7628,11.525107002133439,1,1
md6n,1657,-374.4475802246891,-385.8421,11.394519775310926,1,1
md6n,1658,-378.0730255247365,-389.7403,11.667274475263469,1,6
md6n,1659,-382.9555195646741,-395.3564,12.400880435325917,1,3
md6n,1660,-381.88031130008903,-395.4425,13.562188699910962,1,5
md6n,1661,-376.7347274175865,-390.9858,14.251072582413485,1,0
md6n,1662,-379.4348841223029,-393.7603,14.325415877697083,1,7
md6n,1663,-383.8148512115201,-397.3937,13.578848788479945,1,4
md6n,1664,-381.7442539544624,-394.3669,12.622646045537579,1,4
md6n,1665,-378.6194091494052,-391.18,12.560590850594792,1,2
md6n,1666,-375.33650712557903,-388.0726,12.73609287442099,1,3
md6n,1667,-377.623875202086,-390.7784,13.15452479791395,1,8
md6n,1668,-382.7343680978711,-396.3588,13.62443190212889,1,3
md6n,1669,-382.7239972401994,-396.9035,14.179502759800584,1,6
md6n,1670,-377.6009535168,-391.9664,14.365446483200003,1,2
md6n,1671,-379.03045455486426,-393.208,14.177545445135763,1,1
md6n,1672,-384.65418787958765,-398.4287,13.77451212041234,1,5
md6n,1673,-382.179087008981,-395.2756,13.096512991018983,1,9
md6n,1674,-379.3778980566462,-392.6015,13.223601943353799,1,4
md6n,1675,-376.2843590980657,-389.6239,13.3395409019343,1,8
md6n,1676,-376.43309904843994,-389.8677,13.434600951560071,1,7
md6n,1677,-381.13808117693344,-395.0152,13.877118823066553,1,7
md6n,1678,-382.42219003059665,-397.1272,14.705009969403363,1,9
md6n,1679,-377.8164498635055,-393.3206,15.504150136494502,1,4
md6n,1680,-377.0666262418158,-392.8059,15.739273758184197,1,6
md6n,1681,-383.89860120608046,-399.5751,15.676498793919563,1,0
md6n,1682,-383.25739831037373,-398.2133,14.955901689626273,1,3
md6n,1683,-379.50861152726816,-394.1762,14.667588472731836,1,9
md6n,1684,-377.049456313144,-391.6888,14.639343686856023,1,2
md6n,1685,-376.11713772314937,-390.4821,14.364962276850633,1,8
md6n,1686,-380.4989666345368,-394.8424,14.34343336546317,1,0
md6n,1687,-383.10923190420925,-397.7322,14.622968095790725,1,7
md6n,1688,-378.9118733626899,-394.089,15.177126637310096,1,2
md6n,1689,-375.81293468044925,-391.242,15.429065319550773,1,4
md6n,1690,-383.3370544297567,-398.9518,15.614745570243315,1,6
md6n,1691,-386.2145555006641,-401.4426,15.228044499335908,1,8
md6n,1692,-380.3197027152953,-394.9523,14.632597284704673,1,6
md6n,1693,-377.8692159243819,-392.3316,14.462384075618104,1,6
md6n,1694,-377.3087434450886,-391.2839,13.975156554911393,1,4
md6n,1695,-381.01400048706535,-394.9215,13.907499512934635,1,0
md6n,1696,-383.8651229201295,-398.4005,14.5353770798705,1,0
md6n,1697,-379.6074575299103,-395.1771,15.569642470089718,1,5
md6n,1698,-374.538293070197,-390.5325,15.994206929803,1,7
md6n,1699,-381.0581759361468,-396.7842,15.726024063853174,1,7
md6n,1700,-387.5860633194718,-402.5009,14.914836680528197,1,1
md6n,1701,-381.5788636537661,-395.5195,13.940636346233873,1,2
md6n,1702,-377.1240107762462,-391.124,13.9999892237538,1,0
md6n,1703,-376.5428756477468,-390.6098,14.066924352253181,1,8
md6n,1704,-379.6302530857361,-393.5747,13.944446914263892,1,7
md6n,1705,-383.5905032087668,-397.6091,14.018596791233222,1,0
md6n,1706,-381.0421480757249,-395.3902,14.348051924275069,1,6
md6n,1707,-374.64783874598317,-389.1945,14.54666125401684,1,2
md6n,1708,-377.77707172843435,-392.2665,14.489428271565657,1,1
md6n,1709,-387.43024505638965,-401.9602,14.529954943610335,1,9
md6n,1710,-384.76082316395366,-399.0546,14.293776836046334,1,5
md6n,1711,-377.28964580582266,-391.4681,14.178454194177334,1,0
md6n,1712,-376.52516543311424,-390.271,13.745834566885776,1,2
md6n,1713,-379.76241171187166,-392.445,12.68258828812833,1,5
md6n,1714,-384.73880760322714,-396.9828,12.243992396772853,1,9
md6n,1715,-383.355810076265,-396.0799,12.724089923734994,1,2
md6n,1716,-375.6763527363033,-389.2234,13.547047263696754,1,1
md6n,1717,-375.4808645460895,-389.3386,13.857735453910493,1,8
md6n,1718,-386.73514595426326,-400.3905,13.655354045736715,1,2
md6n,1719,-389.1320678641001,-402.0047,12.872632135899892,1,0
md6n,1720,-379.4287037763254,-391.4821,12.05339622367461,1,4
md6n,1721,-375.65477768750395,-387.4864,11.831622312496052,1,6
md6n,1722,-379.3430386212382,-390.9239,11.580861378761824,1,1
md6n,1723,-385.08030607521863,-396.6421,11.561793924781398,1,6
md6n,1724,-384.82343611177106,-396.8514,12.027963888228953,1,4
md6n,1725,-377.1470479234353,-389.7352,12.588152076564711,1,9
md6n,1726,-373.5819025692654,-386.126,12.544097430734553,1,8
md6n,1727,-383.2438158565283,-395.4184,12.174584143471748,1,5
md6n,1728,-389.98146477267807,-401.8461,11.864635227321912,1,8
md6n,1729,-382.26598208364516,-394.1165,11.850517916354818,1,5
md6n,1730,-375.2068623046,-387.4281,12.221237695399964,1,6
md6n,1731,-377.45759634720974,-389.3906,11.933003652790262,1,1
md6n,1732,-383.84899779568747,-394.8795,11.03050220431254,1,3
md6n,1733,-386.25759515652936,-396.9366,10.679004843470636,1,5
md6n,1734,-380.15697368461554,-391.2887,11.13172631538447,1,1
md6n,1735,-373.6007479494682,-385.2631,11.662352050531808,1,7
md6n,1736,-379.7753013947268,-391.752,11.976698605273214,1,0
md6n,1737,-389.8392308459514,-401.9219,12.082669154048574,1,2
md6n,1738,-386.9006077910564,-398.8929,11.992292208943581,1,8
md6n,1739,-377.05752358171156,-388.7919,11.734376418288434,1,0
md6n,1740,-376.39911122419306,-387.6626,11.263488775806934,1,6
md6n,1741,-383.592990658354,-394.2012,10.608209341645988,1,3
md6n,1742,-388.0312628392812,-398.5091,10.477837160718764,1,9
md6n,1743,-383.1676355149462,-394.2532,11.085564485053794,1,7
md6n,1744,-374.886827184525,-386.551,11.664172815475013,1,6
md6n,1745,-377.6575015804003,-389.4951,11.837598419599658,1,7
md6n,1746,-388.49984149903736,-400.2017,11.701858500962658,1,9
md6n,1747,-389.77505037818037,-401.3438,11.56874962181962,1,6
md6n,1748,-379.90495186337876,-391.5396,11.634648136621252,1,9
md6n,1749,-375.70722936591335,-387.4575,11.750270634086633,1,5
md6n,1750,-381.9445658141131,-393.4268,11.48223418588691,1,7
md6n,1751,-387.6693502118413,-398.8067,11.137349788158701,1,7
md6n,1752,-385.0426316299005,-396.5953,11.552668370099525,1,2
md6n,1753,-376.8692950545327,-389.1732,12.303904945467309,1,3
md6n,1754,-375.9721214172583,-388.6816,12.709478582741724,1,9
md6n,1755,-385.2936318648173,-398.0063,12.712668135182696,1,6
md6n,1756,-390.0981320593323,-402.7314,12.633267940667736,1,4
md6n,1757,-383.54660072664484,-396.3276,12.780999273355178,1,4
md6n,1758,-376.6692185112116,-389.5072,12.837981488788387,1,5
md6n,1759,-380.0578616175509,-392.6108,12.5529383824491,1,5
md6n,1760,-387.05786242460505,-399.1173,12.059437575394952,1,5
md6n,1761,-387.53664376941924,-399.5801,12.043456230580773,1,4
md6n,1762,-380.438957225713,-392.8663,12.427342774287013,1,2
md6n,1763,-376.3580532449247,-389.02,12.661946755075292,1,4
md6n,1764,-383.32964792922246,-396.1663,12.836652070777518,1,8
md6n,1765,-390.3696713241511,-403.403,13.033328675848907,1,6
md6n,1766,-387.20312659703575,-400.6369,13.433773402964277,1,2
md6n,1767,-378.9747969278113,-392.5577,13.582903072188685,1,2
md6n,1768,-379.6635180184032,-393.0025,13.338981981596817,1,6
md6n,1769,-386.8892780981146,-399.6951,12.805821901885452,1,6
md6n,1770,-388.8335011162539,-401.4786,12.645098883746073,1,1
md6n,1771,-382.9181670318632,-396.1643,13.246132968136806,1,7
md6n,1772,-377.5258983007343,-391.4912,13.965301699265694,1,7
md6n,1773,-381.7764991833196,-396.1559,14.379400816680402,1,0
md6n,1774,-388.6027230184734,-402.8631,14.260376981526576,1,8
md6n,1775,-388.113781659258,-402.1712,14.057418340742004,1,9
md6n,1776,-381.2726023782027,-395.1362,13.863597621797282,1,2
md6n,1777,-379.37024306221167,-393.0096,13.639356937788307,1,5
md6n,1778,-384.8356292586157,-398.2734,13.43777074138427,1,9
md6n,1779,-388.1522166467858,-401.5915,13.439283353214194,1,7
md6n,1780,-384.78774648056657,-398.6883,13.900553519433458,1,8
md6n,1781,-378.98235465836837,-393.1781,14.195745341631607,1,3
md6n,1782,-380.40367484847206,-394.58,14.17632515152792,1,1
md6n,1783,-386.7817555145753,-400.8517,14.069944485424685,1,9
md6n,1784,-388.69520920732117,-403.0431,14.347890792678811,1,4
md6n,1785,-383.79094621804734,-398.699,14.908053781952674,1,3
md6n,1786,-380.0234238688264,-395.1052,15.081776131173626,1,8
md6n,1787,-383.91005012608827,-398.6105,14.700449873911737,1,7
md6n,1788,-388.2468897079706,-402.202,13.955110292029417,1,4
md6n,1789,-386.8405720269487,-400.4582,13.617627973051299,1,3
md6n,1790,-381.4490632102407,-395.1545,13.70543678975929,1,9
md6n,1791,-380.88739657963293,-394.9589,14.071503420367094,1,5
md6n,1792,-385.8062435288219,-400.2348,14.428556471178126,1,2
md6n,1793,-388.4240596263717,-403.0108,14.586740373628345,1,2
md6n,1794,-385.4213194821161,-399.9678,14.546480517883936,1,1
md6n,1795,-381.66415293048607,-395.7688,14.10464706951393,1,7
md6n,1796,-383.9801806436767,-397.6062,13.626019356323297,1,1
md6n,1797,-387.44969284638495,-400.7704,13.320707153615047,1,1
md6n,1798,-386.8076911303353,-400.4134,13.605708869664738,1,6
md6n,1799,-382.6692670729631,-396.8432,14.173932927036901,1,2
md6n,1800,-381.06677407812475,-395.5157,14.44892592187523,1,8
md6n,1801,-384.3060346639392,-398.6292,14.32316533606081,1,4
md6n,1802,-386.87091213533284,-400.9254,14.05448786466718,1,2
md6n,1803,-385.3470191605871,-399.392,14.044980839412915,1,7
md6n,1804,-382.206274507221,-396.2903,14.084025492779006,1,5
md6n,1805,-383.1896058951451,-397.1971,14.007494104854857,1,2
md6n,1806,-386.0458996379341,-399.6766,13.630700362065909,1,3
md6n,1807,-386.3257289372976,-399.5641,13.238371062702413,1,9
md6n,1808,-383.9477164138626,-396.9695,13.02178358613736,1,8
md6n,1809,-382.0418122938447,-394.8927,12.850887706155277,1,3
md6n,1810,-383.97775343498313,-396.8924,12.91464656501688,1,3
md6n,1811,-386.1530601481801,-399.3048,13.151739851819912,1,6
md6n,1812,-385.6022833259477,-399.1247,13.522416674052295,1,4
md6n,1813,-383.47295364296616,-397.1025,13.62954635703386,1,3
md6n,1814,-384.0150438442476,-397.3884,13.37335615575239,1,7
md6n,1815,-386.43354896057025,-399.393,12.959451039429723,1,9
md6n,1816,-386.15882006248074,-398.8061,12.647279937519272,1,3
md6n,1817,-384.5847438579559,-397.3663,12.78155614204411,1,4
md6n,1818,-383.29685174670465,-396.3005,13.003648253295353,1,3
md6n,1819,-384.49981728217523,-397.7202,13.220382717824748,1,6
md6n,1820,-385.7103010149202,-399.0357,13.3253989850798,1,4
md6n,1821,-384.8840724031612,-398.2446,13.360527596838779,1,7
md6n,1822,-383.19027984074916,-396.3562,13.165920159250845,1,0
md6n,1823,-384.22498547239263,-397.0221,12.797114527607391,1,8
md6n,1824,-386.74966088809487,-399.2285,12.478839111905131,1,3
md6n,1825,-385.3494099736575,-397.5531,12.203690026342485,1,3
md6n,1826,-383.6530483855075,-395.971,12.317951614492529,1,5
md6n,1827,-383.4282780685673,-395.8715,12.443221931432731,1,6
md6n,1828,-384.58390864213254,-397.0951,12.51119135786746,1,5
md6n,1829,-385.03064493394544,-397.657,12.626355066054543,1,6
md6n,1830,-383.88161011786485,-396.7335,12.85188988213514,1,9
md6n,1831,-382.64943587441746,-395.6815,13.032064125582565,1,0
md6n,1832,-383.8176750064773,-396.7981,12.98042499352266,1,5
md6n,1833,-386.6454936005692,-399.5578,12.912306399430804,1,4
md6n,1834,-385.33794975858916,-398.0961,12.758150241410817,1,3
md6n,1835,-383.06050261513354,-395.8247,12.764197384866463,1,8
md6n,1836,-383.75961589879677,-396.5561,12.796484101203248,1,4
md6n,1837,-385.4679986960149,-398.1476,12.679601303985123,1,6
md6n,1838,-385.82237681095035,-398.5114,12.689023189049635,1,9
md6n,1839,-384.2210465921155,-397.1404,12.9193534078845,1,4
md6n,1840,-382.56512363085056,-395.724,13.158876369149425,1,7
md6n,1841,-383.5269333081893,-396.5695,13.042566691810691,1,3
md6n,1842,-387.46084307150994,-400.3179,12.857056928490067,1,3
md6n,1843,-387.0651208327759,-399.7232,12.658079167224116,1,0
md6n,1844,-382.5813912001257,-395.0968,12.515408799874251,1,5
md6n,1845,-382.8508634468915,-395.5223,12.671436553108492,1,3
md6n,1846,-385.9556567974394,-398.8339,12.878243202560611,1,0
md6n,1847,-386.62931890279066,-399.9115,13.282181097209332,1,8
md6n,1848,-383.9869646543107,-397.7842,13.797235345689273,1,3
md6n,1849,-381.4055598245385,-395.4816,14.076040175461515,1,8
md6n,1850,-382.1423092753866,-395.9305,13.7881907246134,1,4
md6n,1851,-386.77319251307114,-400.106,13.332807486928857,1,6
md6n,1852,-387.7640314305698,-400.8654,13.101368569430235,1,4
md6n,1853,-382.1489200932374,-395.2386,13.089679906762626,1,6
md6n,1854,-381.1913743461999,-394.6714,13.480025653800112,1,8
md6n,1855,-385.2533256425688,-398.9588,13.705474357431171,1,1
md6n,1856,-386.99120266479053,-400.614,13.622797335209441,1,3
md6n,1857,-384.47321713321895,-398.0374,13.564182866781039,1,8
md6n,1858,-381.4908089406151,-395.1468,13.65599105938486,1,7
md6n,1859,-381.35364905973586,-394.9806,13.626950940264123,1,7
md6n,1860,-385.5648429418099,-399.0935,13.528657058190106,1,6
md6n,1861,-388.83896484582783,-402.5704,13.731435154172175,1,4
md6n,1862,-384.1501655725139,-398.0521,13.901934427486083,1,0
md6n,1863,-380.5401080726087,-394.5366,13.996491927391332,1,7
md6n,1864,-384.5260271197588,-398.4203,13.894272880241203,1,5
md6n,1865,-388.1865533664699,-401.9181,13.731546633530058,1,7
md6n,1866,-386.29994266890765,-400.3002,14.00025733109237,1,7
md6n,1867,-382.2199090445591,-396.8355,14.61559095544095,1,1
md6n,1868,-380.5555843518666,-395.3981,14.842515648133372,1,2
md6n,1869,-384.1480533739333,-398.6274,14.479346626066729,1,7
md6n,1870,-389.31990357003554,-403.4406,14.120696429964482,1,3
md6n,1871,-386.1410728247217,-400.0299,13.888827175278323,1,0
md6n,1872,-379.6371946012839,-393.5221,13.884905398716114,1,9
md6n,1873,-382.3545852407286,-396.6876,14.33301475927135,1,8
md6n,1874,-387.6394261424677,-402.3702,14.730773857532313,1,2
md6n,1875,-386.747483428451,-401.7112,14.963716571549014,1,6
md6n,1876,-382.33279621099933,-397.4557,15.122903789000645,1,8
md6n,1877,-379.7209973068403,-394.634,14.91300269315974,1,9
md6n,1878,-382.10527238019205,-396.3879,14.282627619807954,1,4
md6n,1879,-387.9315056920526,-401.805,13.873494307947396,1,0
md6n,1880,-387.4404910397505,-401.4428,14.00230896024948,1,4
md6n,1881,-380.329468025943,-394.6927,14.363231974056987,1,7
md6n,1882,-380.058961015144,-394.7516,14.69263898485599,1,2
md6n,1883,-386.10108474996025,-400.5995,14.498415250039727,1,1
md6n,1884,-387.6636317131907,-401.6887,14.0250682868093,1,5
md6n,1885,-383.9215398342427,-397.8963,13.974760165757289,1,8
md6n,1886,-380.2893619792651,-394.5122,14.222838020734912,1,3
md6n,1887,-380.690263685553,-394.853,14.162736314446988,1,4
md6n,1888,-386.22554759337197,-400.1837,13.958152406628017,1,2
md6n,1889,-388.99757615591705,-402.9386,13.941023844082963,1,7
md6n,1890,-383.1501047681305,-397.0622,13.9120952318695,1,6
md6n,1891,-379.3058536335376,-393.1643,13.85844636646243,1,9
md6n,1892,-384.6972036901824,-398.6777,13.980496309817624,1,3
md6n,1893,-388.2678272066463,-402.3513,14.083472793353678,1,2
md6n,1894,-385.401365291627,-399.769,14.367634708373032,1,6
md6n,1895,-380.9965826919966,-395.6415,14.644917308003414,1,3
md6n,1896,-379.5937847145817,-393.9249,14.331115285418264,1,4
md6n,1897,-384.15685671165136,-397.7779,13.62104328834863,1,4
md6n,1898,-388.5897228938848,-401.7009,13.111177106115179,1,1
md6n,1899,-384.80211896956513,-397.8393,13.037181030434851,1,3
md6n,1900,-378.9184760228543,-392.1689,13.250423977145715,1,5
md6n,1901,-382.12215114416415,-395.736,13.61384885583584,1,5
md6n,1902,-387.2209315658177,-400.7987,13.577768434182303,1,1
md6n,1903,-386.3142580545294,-399.6689,13.354641945470632,1,0
md6n,1904,-382.10776735996234,-395.4004,13.292632640037652,1,0
md6n,1905,-379.26269726090527,-392.2602,12.997502739094728,1,3
md6n,1906,-381.9848030102782,-394.4491,12.464296989721788,1,2
md6n,1907,-387.1811097811599,-399.2967,12.115590218840111,1,1
md6n,1908,-386.51223243946635,-398.7616,12.249367560533642,1,9
md6n,1909,-380.4282606902285,-392.9029,12.474639309771476,1,1
md6n,1910,-380.32444041577264,-392.8959,12.571459584227341,1,4
md6n,1911,-385.8163953855367,-398.2179,12.401504614463306,1,3
md6n,1912,-387.16649695580475,-399.2174,12.050903044195252,1,1
md6n,1913,-384.25521325653324,-396.2895,12.034286743466737,1,4
md6n,1914,-380.546782896516,-392.6016,12.054817103484027,1,3
md6n,1915,-380.8325628732002,-392.6822,11.849637126799848,1,7
md6n,1916,-385.66707436105503,-397.2361,11.569025638944993,1,2
md6n,1917,-387.4992906092477,-398.9864,11.487109390752323,1,8
md6n,1918,-382.7722370713722,-394.3545,11.582262928627756,1,0
md6n,1919,-379.85805615853656,-391.617,11.758943841463463,1,3
md6n,1920,-384.0453268493976,-396.0632,12.017873150602384,1,0
md6n,1921,-386.79100940455965,-398.8741,12.083090595440353,1,1
md6n,1922,-385.05987560468265,-397.4014,12.341524395317379,1,2
md6n,1923,-380.7361685521682,-393.2178,12.48163144783183,1,5
md6n,1924,-379.4836805549519,-391.6436,12.159919445048104,1,8
md6n,1925,-383.54607612826817,-395.1091,11.563023871731843,1,6
md6n,1926,-386.4533042303528,-397.5898,11.13649576964724,1,1
md6n,1927,-383.71090606246804,-394.9032,11.192293937531986,1,9
md6n,1928,-379.6658410603969,-391.0381,11.372258939603114,1,1
md6n,1929,-382.05202690160934,-393.6573,11.605273098390683,1,2
md6n,1930,-385.5624546387529,-397.0751,11.51264536124711,1,9
md6n,1931,-385.851414208654,-397.2359,11.384485791346037,1,1
md6n,1932,-382.5740430579751,-393.8518,11.27775694202495,1,8
md6n,1933,-379.47559069597787,-390.517,11.041409304022125,1,1
md6n,1934,-381.5199473673591,-392.3772,10.857252632640893,1,4
md6n,1935,-384.99021069958394,-395.8206,10.830389300416073,1,1
md6n,1936,-384.8675017464798,-396.1249,11.25739825352025,1,6
md6n,1937,-381.1773601654744,-392.9508,11.773439834525618,1,4
md6n,1938,-381.15729302309575,-393.325,12.167706976904242,1,9
md6n,1939,-384.2477791455657,-396.347,12.099220854434293,1,3
md6n,1940,-386.20478454248615,-398.0442,11.839415457513837,1,7
md6n,1941,-384.7608131238998,-396.6268,11.86598687610018,1,6
md6n,1942,-380.68801406216625,-392.5708,11.882785937833773,1,8
md6n,1943,-380.8877724580002,-392.7688,11.8810275419998,1,3
md6n,1944,-383.7982573370715,-395.4697,11.671442662928484,1,2
md6n,1945,-384.66697527839574,-396.3001,11.633124721604247,1,3
md6n,1946,-381.7624937876412,-393.4697,11.707206212358813,1,4
md6n,1947,-380.48790426073884,-392.4228,11.934895739261151,1,0
md6n,1948,-382.6922546468158,-395.0091,12.316845353184192,1,4
md6n,1949,-384.5770800783316,-397.3391,12.762019921668355,1,8
md6n,1950,-384.70785002482705,-398.0728,13.36494997517292,1,8
md6n,1951,-381.0938574096649,-394.5648,13.470942590335085,1,9
md6n,1952,-380.1638235836735,-393.429,13.265176416326483,1,1
md6n,1953,-382.2914106714081,-395.1296,12.838189328591909,1,3
md6n,1954,-383.5603306454929,-396.2054,12.645069354507086,1,0
md6n,1955,-382.24615088524223,-395.1767,12.930549114757753,1,2
md6n,1956,-380.6989666217341,-394.145,13.446033378265895,1,6
md6n,1957,-381.6832863378718,-395.5363,13.853013662128205,1,8
md6n,1958,-383.02433670388217,-396.6299,13.60556329611785,1,5
md6n,1959,-384.9844181546803,-398.2236,13.23918184531965,1,4
md6n,1960,-382.86832328511366,-395.6489,12.780576714886365,1,1
md6n,1961,-380.3625359204137,-392.9336,12.571064079586336,1,2
md6n,1962,-381.53084219604676,-394.2016,12.670757803953222,1,9
md6n,1963,-382.8001110655689,-395.7523,12.952188934431092,1,3
md6n,1964,-382.51035204796426,-396.0059,13.495547952035736,1,5
md6n,1965,-381.14680419350753,-394.9701,13.823295806492467,1,7
md6n,1966,-381.9542652361942,-395.9822,14.027934763805774,1,0
md6n,1967,-382.7537318015596,-396.7655,14.011768198440393,1,7
md6n,1968,-384.3308495469917,-398.6733,14.342450453008269,1,6
md6n,1969,-383.83513986486906,-398.7018,14.866660135130928,1,1
md6n,1970,-380.77380032682953,-395.8612,15.087399673170466,1,8
md6n,1971,-381.10380281577557,-396.2432,15.139397184224435,1,2
md6n,1972,-381.59334470198803,-396.3443,14.750955298011945,1,8
md6n,1973,-381.15173140199823,-395.5469,14.39516859800176,1,1
md6n,1974,-380.3262733725028,-394.5071,14.180826627497197,1,9
md6n,1975,-381.42849719755134,-395.8049,14.376402802448638,1,1
md6n,1976,-382.00003142299647,-396.6083,14.608268577003514,1,9
md6n,1977,-382.5497132403019,-397.2652,14.71548675969808,1,6
md6n,1978,-383.9246177707732,-398.7229,14.7982822292268,1,1
md6n,1979,-381.77441522253304,-396.1829,14.408484777466981,1,3
md6n,1980,-381.72254148099955,-395.8972,14.174658519000445,1,6
md6n,1981,-381.8602284701263,-395.8673,14.007071529873713,1,4
md6n,1982,-380.8976168349279,-395.0911,14.19348316507211,1,8
md6n,1983,-379.81265392753767,-394.3295,14.516846072462329,1,1
md6n,1984,-380.6812626821352,-395.3297,14.648437317864818,1,7
md6n,1985,-382.241529901532,-396.8189,14.577370098468009,1,2
md6n,1986,-381.79120864519155,-396.0242,14.232991354808462,1,6
md6n,1987,-383.2162669124984,-397.5055,14.2892330875016,1,6
md6n,1988,-382.4306739656782,-396.6923,14.261626034321807,1,0
md6n,1989,-381.94454134119655,-396.2191,14.274558658803471,1,3
md6n,1990,-382.6923745012424,-396.9685,14.276125498757608,1,4
md6n,1991,-381.64459909128084,-395.747,14.102400908719176,1,1
md6n,1992,-379.94175218723694,-393.8078,13.866047812763043,1,7
md6n,1993,-380.1970489832006,-393.7491,13.552051016799396,1,5
md6n,1994,-382.7776142046259,-396.3485,13.570885795374124,1,8
md6n,1995,-382.44159577729584,-396.0905,13.648904222704175,1,7
md6n,1996,-382.01814010654545,-396.0709,14.05275989345455,1,9
md6n,1997,-381.8397465437438,-396.2889,14.449153456256226,1,7
md6n,1998,-381.29572737671884,-395.7409,14.445172623281167,1,7
md6n,1999,-382.6657442318393,-396.9833,14.317555768160673,1,7
md6n,2000,-381.6431715061468,-395.6225,13.979328493853188,1,3
md6n,2001,-379.1421952605311,-392.9471,13.804904739468896,1,7
md6n,2002,-378.59541002942916,-392.1753,13.579889970570832,1,8
md6n,2003,-382.0746216542185,-395.4943,13.419678345781506,1,8
md6n,2004,-383.6497934911736,-396.9039,13.254106508826396,1,2
md6n,2005,-381.7050973305042,-394.9005,13.19540266949582,1,5
md6n,2006,-381.38992290284995,-394.7587,13.36877709715003,1,5
md6n,2007,-381.27679791006653,-394.3735,13.096702089933444,1,6
md6n,2008,-383.15004515459754,-395.9507,12.800654845402448,1,1
md6n,2009,-382.9282034268177,-395.5158,12.587596573182338,1,7
md6n,2010,-379.8048357803737,-392.4127,12.607864219626265,1,6
md6n,2011,-377.4041506930564,-389.9674,12.56324930694359,1,6
md6n,2012,-380.2029494596815,-392.6522,12.449250540318474,1,9
md6n,2013,-384.3230489700647,-396.7905,12.467451029935319,1,9
md6n,2014,-383.0110353743973,-395.4964,12.485364625602699,1,8
md6n,2015,-381.08335226484655,-393.9059,12.822547735153421,1,1
md6n,2016,-380.5714572172455,-393.5658,12.99434278275453,1,0
md6n,2017,-382.91051015491865,-395.9434,13.032889845081343,1,4
md6n,2018,-384.5407315616038,-397.6008,13.060068438396172,1,6
md6n,2019,-381.45542553419114,-394.5612,13.10577446580885,1,1
md6n,2020,-376.76161684858977,-389.81,13.048383151410235,1,5
md6n,2021,-377.69825458989493,-390.4438,12.74554541010508,1,0
md6n,2022,-383.4640442560382,-395.9493,12.485255743961773,1,0
md6n,2023,-384.0760710742284,-396.4834,12.407328925771594,1,0
md6n,2024,-379.85646228315625,-392.6939,12.837437716843738,1,4
md6n,2025,-378.44024123917717,-391.8956,13.455358760822833,1,6
md6n,2026,-381.56814515552117,-395.1623,13.594154844478851,1,5
md6n,2027,-385.0237115759413,-398.4274,13.403688424058657,1,0
md6n,2028,-383.04584460910814,-396.2347,13.188855390891831,1,3
md6n,2029,-377.30678435889826,-390.2633,12.95651564110176,1,2
md6n,2030,-376.185690053227,-388.7395,12.553809946773015,1,9
md6n,2031,-382.31146275342064,-394.526,12.214537246579368,1,3
md6n,2032,-385.9123209567049,-398.0755,12.163179043295088,1,5
md6n,2033,-381.64167928731024,-394.096,12.454320712689764,1,1
md6n,2034,-377.8357275982344,-390.6991,12.86337240176556,1,8
md6n,2035,-379.6397347618671,-392.4281,12.788365238132883,1,0
md6n,2036,-384.7692035599814,-397.2932,12.523996440018607,1,8
md6n,2037,-385.5086161633561,-398.0827,12.574083836643865,1,6
md6n,2038,-379.4236949915413,-392.3279,12.904205008458689,1,3
md6n,2039,-374.84601644415017,-387.8701,13.024083555849813,1,3
md6n,2040,-379.8157149211919,-392.6346,12.81888507880808,1,5
md6n,2041,-386.78259386791547,-399.3513,12.568706132084515,1,6
md6n,2042,-384.87790774491054,-397.5666,12.68869225508945,1,8
md6n,2043,-378.4288274597858,-391.7793,13.350472540214184,1,5
md6n,2044,-377.97085936669725,-392.0212,14.050340633302767,1,2
md6n,2045,-383.76636602382115,-398.0725,14.306133976178842,1,9
md6n,2046,-386.6695573541051,-400.9699,14.300342645894887,1,3
md6n,2047,-381.0008089719533,-395.1484,14.14759102804669,1,7
md6n,2048,-373.95896579815053,-387.6457,13.686734201849447,1,5
md6n,2049,-376.9497970574389,-390.0785,13.12870294256112,1,1
md6n,2050,-385.34188173618656,-398.146,12.80411826381345,1,6
md6n,2051,-386.2085483474699,-399.3385,13.12995165253011,1,3
md6n,2052,-379.22753285543814,-393.2067,13.97916714456187,1,7
md6n,2053,-376.84278714971236,-391.5253,14.682512850287651,1,1
md6n,2054,-382.4430126948727,-397.0257,14.582687305127251,1,5
md6n,2055,-387.78525068125214,-401.9667,14.181449318747866,1,8
md6n,2056,-384.5494006123179,-398.685,14.135599387682078,1,8
md6n,2057,-375.69354713789164,-389.8617,14.168152862108343,1,3
md6n,2058,-374.852526232818,-388.8386,13.986073767182006,1,0
md6n,2059,-383.1000771608978,-396.6091,13.509022839102215,1,5
md6n,2060,-387.4558819774095,-400.6964,13.240518022590493,1,5
md6n,2061,-381.82236953682167,-395.3351,13.512730463178343,1,8
md6n,2062,-376.3367028447551,-390.3676,14.030897155244872,1,9
md6n,2063,-380.122608726852,-394.3848,14.262191273148005,1,7
md6n,2064,-387.4792523324518,-401.717,14.237747667548206,1,7
md6n,2065,-387.49361352624715,-401.8984,14.404786473752836,1,3
md6n,2066,-378.27763582794415,-392.6228,14.345164172055831,1,6
md6n,2067,-373.9464513661593,-387.8403,13.893848633840719,1,3
md6n,2068,-381.0701808299848,-394.3662,13.2960191700152,1,0
md6n,2069,-387.6656591979611,-400.7249,13.059240802038914,1,3
md6n,2070,-383.8651743759761,-397.4901,13.624925624023888,1,4
md6n,2071,-376.6193766468295,-391.2348,14.615423353170513,1,2
md6n,2072,-377.9843062783893,-393.2945,15.310193721610744,1,3
md6n,2073,-385.11968672030326,-400.3796,15.259913279696718,1,5
md6n,2074,-388.0273634921441,-403.1037,15.076336507855899,1,7
md6n,2075,-380.6296631622826,-395.4578,14.828136837717409,1,6
md6n,2076,-373.8116502955362,-388.2181,14.406449704463796,1,1
md6n,2077,-378.55889271258434,-392.3491,13.790207287415683,1,2
md6n,2078,-386.38145935545407,-399.4923,13.110840644545931,1,2
md6n,2079,-385.54915017175125,-398.5167,12.967549828248764,1,4
md6n,2080,-378.7020346460952,-392.0243,13.322265353904754,1,3
md6n,2081,-377.95014086897834,-391.6527,13.702559131021644,1,9
md6n,2082,-383.8237311055046,-397.4046,13.580868894495438,1,1
md6n,2083,-388.59914307397275,-402.1492,13.550056926027253,1,6
md6n,2084,-383.7204216242087,-397.3817,13.661278375791312,1,5
md6n,2085,-374.97381073816223,-388.3213,13.34748926183778,1,3
md6n,2086,-376.4471998256284,-389.1436,12.696400174371604,1,2
md6n,2087,-384.4184342551294,-396.4444,12.025965744870575,1,0
md6n,2088,-386.0671571667497,-398.0475,11.98034283325029,1,6
md6n,2089,-380.19097217641956,-392.7656,12.574627823580443,1,6
md6n,2090,-377.8636543031417,-391.1658,13.302145696858304,1,0
md6n,2091,-382.3725389292346,-395.8749,13.502361070765403,1,7
md6n,2092,-387.81405715529235,-401.2823,13.468242844707675,1,2
md6n,2093,-386.44555510941495,-400.006,13.560444890585018,1,7
md6n,2094,-377.60249719134043,-390.8602,13.257702808659587,1,2
md6n,2095,-375.4492035289992,-388.1801,12.73089647100079,1,2
md6n,2096,-381.982578487454,-394.0542,12.07162151254596,1,2
md6n,2097,-384.9331920033243,-396.5668,11.633607996675721,1,1
md6n,2098,-380.3333755306239,-392.0868,11.753424469376057,1,4
md6n,2099,-377.53472611136885,-389.8491,12.314373888631167,1,9
md6n,2100,-380.9650346267959,-393.7047,12.739665373204105,1,6
md6n,2101,-385.38378183395804,-398.1839,12.800118166041955,1,9
md6n,2102,-386.73248154687263,-399.7789,13.046418453127387,1,6
md6n,2103,-380.2462175291967,-393.082,12.83578247080328,1,5
md6n,2104,-376.309790195842,-388.4654,12.155609804157962,1,3
md6n,2105,-380.85098593935874,-392.1388,11.287814060641267,1,5
md6n,2106,-384.2482453855588,-394.9417,10.693454614441237,1,4
md6n,2107,-380.7477818796267,-391.4946,10.746818120373291,1,2
md6n,2108,-377.94311087445743,-389.194,11.250889125542585,1,6
md6n,2109,-381.1200546971812,-392.844,11.723945302818777,1,6
md6n,2110,-383.62189000389077,-395.2479,11.626009996109246,1,3
md6n,2111,-385.5415685959237,-397.3586,11.817031404076317,1,4
md6n,2112,-382.5378953444639,-394.4952,11.95730465553612,1,9
md6n,2113,-377.7084547649395,-389.3491,11.640645235060504,1,1
md6n,2114,-379.8065865333071,-391.0391,11.232513466692922,1,0
md6n,2115,-383.3473951671242,-394.2076,10.860204832875809,1,8
md6n,2116,-381.1137883823868,-391.9057,10.79191161761321,1,3
md6n,2117,-378.31308826045154,-389.3829,11.06981173954847,1,7
md6n,2118,-381.4783183540371,-393.2179,11.739581645962858,1,8
md6n,2119,-383.25840107145007,-395.4786,12.220198928549905,1,5
md6n,2120,-383.51636603982456,-396.3586,12.842233960175463,1,2
md6n,2121,-382.96730420254846,-396.3631,13.395795797451512,1,7
md6n,2122,-379.0321977776146,-392.0102,12.978002222385385,1,8
md6n,2123,-379.3643689411574,-391.5412,12.176831058842595,1,3
md6n,2124,-381.99520963621234,-393.4268,11.431590363787677,1,2
md6n,2125,-379.96106443507887,-391.061,11.099935564921111,1,6
md6n,2126,-377.1751930019388,-388.3956,11.220406998061208,1,1
md6n,2127,-381.46440708486205,-393.3149,11.850492915137977,1,0
md6n,2128,-384.71862311643537,-397.0827,12.364076883564621,1,6
md6n,2129,-382.26830951830516,-394.739,12.470690481694817,1,6
md6n,2130,-382.4978984845127,-395.1847,12.686801515487332,1,3
md6n,2131,-381.52616536396647,-393.8332,12.307034636033507,1,4
md6n,2132,-381.1057518617694,-392.8436,11.73784813823056,1,7
md6n,2133,-382.12570473323814,-393.5313,11.40559526676185,1,0
md6n,2134,-379.7263976578611,-391.0524,11.32600234213885,1,4
md6n,2135,-376.21384579928764,-387.5508,11.336954200712341,1,4
md6n,2136,-379.97570173335055,-391.5117,11.535998266649472,1,6
md6n,2137,-385.40896506533744,-397.4125,12.003534934662582,1,8
md6n,2138,-382.1437042300604,-394.5888,12.445095769939599,1,2
md6n,2139,-380.77119239516963,-394.2463,13.475107604830384,1,2
md6n,2140,-382.17673698405724,-396.3078,14.131063015942743,1,7
md6n,2141,-382.3789075282187,-396.1969,13.817992471781338,1,2
md6n,2142,-382.8545676383423,-396.1125,13.257932361657708,1,5
md6n,2143,-380.35704771792314,-393.1631,12.806052282076848,1,4
md6n,2144,-375.9560377084663,-388.5337,12.577662291533727,1,3
md6n,2145,-378.248433395001,-390.9649,12.716466604999027,1,7
md6n,2146,-385.3969902919463,-398.9197,13.522709708053696,1,5
md6n,2147,-383.2220475345527,-397.5922,14.37015246544729,1,7
md6n,2148,-378.072672236633,-393.1806,15.107927763367002,1,0
md6n,2149,-380.3192320827787,-395.7146,15.395367917221336,1,0
md6n,2150,-383.22488387971987,-398.0183,14.793416120280142,1,2
md6n,2151,-384.1972796508096,-398.4662,14.26892034919041,1,1
md6n,2152,-381.3330140209631,-395.4742,14.14118597903689,1,2
md6n,2153,-375.8691896969824,-389.9591,14.089910303017575,1,3
md6n,2154,-376.6262265460301,-390.5351,13.908873453969875,1,3
md6n,2155,-385.31016800838574,-399.3015,13.991331991614231,1,9
md6n,2156,-386.40209564937624,-400.6864,14.284304350623756,1,0
md6n,2157,-378.61828465153485,-393.3662,14.747915348465142,1,9
md6n,2158,-378.30556065048404,-393.8646,15.559039349515956,1,1
md6n,2159,-382.92345003861357,-398.6361,15.712649961386433,1,0
md6n,2160,-385.0617292693091,-400.2762,15.214470730690891,1,9
md6n,2161,-382.42104105966706,-397.0609,14.639858940332942,1,3
md6n,2162,-376.3672537965524,-390.4883,14.121046203447577,1,8
md6n,2163,-374.92917532440663,-388.5412,13.612024675593375,1,1
md6n,2164,-383.1163183746036,-396.688,13.571681625396366,1,6
md6n,2165,-387.83777640577193,-402.1073,14.269523594228076,1,9
md6n,2166,-380.7816944026139,-396.1407,15.359005597386101,1,0
md6n,2167,-376.5311587810918,-392.9379,16.406741218908223,1,6
md6n,2168,-381.37512558950834,-397.9237,16.548574410491653,1,9
md6n,2169,-385.5714393269406,-401.3247,15.753260673059401,1,6
md6n,2170,-384.1066797570486,-399.2309,15.124220242951424,1,3
md6n,2171,-377.6798152085063,-392.5637,14.8838847914937,1,5
md6n,2172,-373.4103858884517,-388.029,14.618614111548311,1,6
md6n,2173,-379.62479688634517,-394.0972,14.47240311365482,1,8
md6n,2174,-387.4863507255527,-402.2438,14.75744927444731,1,5
md6n,2175,-383.63471128830855,-398.9542,15.319488711691463,1,2
md6n,2176,-376.2544500889156,-392.1224,15.867949911084452,1,2
md6n,2177,-379.3451658800422,-395.513,16.167834119957774,1,4
md6n,2178,-385.8788081576409,-401.6433,15.76449184235912,1,8
md6n,2179,-386.62695444514685,-401.7099,15.082945554853154,1,6
md6n,2180,-380.44196990118024,-394.9626,14.520630098819765,1,5
md6n,2181,-374.0412461642808,-387.8841,13.842853835719211,1,8
md6n,2182,-377.8428655244753,-391.0706,13.227734475524699,1,6
md6n,2183,-386.83007001950443,-399.9068,13.076729980495543,1,8
md6n,2184,-386.14662942564956,-399.7614,13.614770574350416,1,2
md6n,2185,-377.62513461460645,-392.143,14.51786538539352,1,5
md6n,2186,-376.9075693994872,-392.0521,15.14453060051278,1,3
md6n,2187,-384.0387361117971,-398.9059,14.867163888202867,1,9
md6n,2188,-387.4567993970296,-401.4688,14.012000602970375,1,9
md6n,2189,-383.18799633189536,-396.6906,13.502603668104655,1,8
md6n,2190,-375.7715321981245,-388.9701,13.198567801875527,1,2
md6n,2191,-375.7074621720869,-388.5178,12.810337827913145,1,8
md6n,2192,-384.308343900859,-396.9108,12.602456099141023,1,2
md6n,2193,-387.6416989836216,-400.5494,12.907701016378383,1,3
md6n,2194,-380.8420709047578,-394.5188,13.676729095242194,1,2
md6n,2195,-376.0008933781854,-390.2962,14.295306621814575,1,4
md6n,2196,-381.19223968261275,-395.5802,14.38796031738724,1,2
md6n,2197,-386.8407339245287,-400.633,13.792266075471275,1,9
md6n,2198,-385.3705865536831,-398.5283,13.157713446316905,1,8
md6n,2199,-377.8194041805892,-390.4134,12.59399581941085,1,5
md6n,2200,-374.53414711166965,-386.4678,11.933652888330357,1,2
md6n,2201,-382.0240029325392,-393.5946,11.570597067460824,1,6
md6n,2202,-388.02331856265704,-399.7157,11.692381437342988,1,0
md6n,2203,-384.0266672120453,-396.4629,12.43623278795468,1,0
md6n,2204,-377.4299714745594,-390.5805,13.150528525440563,1,2
md6n,2205,-379.96644972587626,-393.3229,13.356450274123745,1,1
md6n,2206,-386.6066795970146,-399.3881,12.781420402985418,1,7
md6n,2207,-387.62895802063315,-399.689,12.060041979366872,1,3
md6n,2208,-380.9867747106921,-392.6523,11.665525289307936,1,9
md6n,2209,-374.9340950027143,-386.2108,11.27670499728572,1,8
md6n,2210,-379.48851928461227,-390.421,10.932480715387726,1,6
md6n,2211,-386.62117382309253,-397.3639,10.742726176907468,1,6
md6n,2212,-385.90807145898106,-397.1192,11.211128541018923,1,3
md6n,2213,-379.46033216281273,-391.5018,12.04146783718727,1,6
md6n,2214,-378.78136885297096,-391.4826,12.701231147029034,1,0
md6n,2215,-384.7796434438792,-397.5794,12.799756556120826,1,4
md6n,2216,-388.27563092094755,-400.7243,12.448669079052479,1,0
md6n,2217,-384.394381169436,-396.5232,12.128818830564,1,6
md6n,2218,-376.71761333742745,-388.3699,11.652286662572521,1,9
md6n,2219,-377.38894110572437,-388.6454,11.256458894275625,1,4
md6n,2220,-384.60965412251846,-395.8243,11.21464587748153,1,0
md6n,2221,-386.4917053322709,-398.3611,11.869394667729125,1,0
md6n,2222,-381.29723402827545,-394.3397,13.042465971724539,1,5
md6n,2223,-378.17993126590585,-392.0701,13.890168734094175,1,3
md6n,2224,-382.54851595118527,-396.4502,13.90168404881473,1,1
md6n,2225,-387.79748147872664,-400.9489,13.151418521273342,1,6
md6n,2226,-387.16862421475145,-399.7204,12.551775785248537,1,1
md6n,2227,-379.614759236384,-391.7069,12.092140763616044,1,4
md6n,2228,-377.2712315248539,-389.108,11.83676847514613,1,5
md6n,2229,-383.5061125264233,-395.269,11.762887473576711,1,0
md6n,2230,-386.97967342363876,-398.9111,11.931426576361218,1,7
md6n,2231,-383.5180540417081,-396.065,12.546945958291872,1,0
md6n,2232,-379.3036165605035,-392.4116,13.107983439496536,1,1
md6n,2233,-381.6644986884065,-395.0715,13.40700131159349,1,2
md6n,2234,-386.56158045342204,-399.8154,13.253819546577972,1,3
md6n,2235,-388.1228391385493,-401.267,13.1441608614507,1,0
md6n,2236,-382.2169327645723,-395.1364,12.919467235427703,1,9
md6n,2237,-377.1119613292414,-389.6013,12.48933867075857,1,1
md6n,2238,-381.3168029275614,-393.5267,12.209897072438594,1,6
md6n,2239,-386.0505482320777,-398.3154,12.264851767922323,1,3
md6n,2240,-384.7612247703869,-397.8897,13.128475229613116,1,4
md6n,2241,-380.4998708764436,-394.8297,14.329829123556408,1,0
md6n,2242,-380.59025114174443,-395.73,15.139748858255587,1,6
md6n,2243,-384.38223634077843,-399.3204,14.938163659221573,1,3
md6n,2244,-387.8583875992742,-402.1442,14.285812400725831,1,1
md6n,2245,-385.08288702394844,-398.8853,13.802412976051528,1,3
md6n,2246,-378.26019544246896,-391.6468,13.38660455753103,1,9
md6n,2247,-379.55795765857107,-392.9379,13.379942341428944,1,6
md6n,2248,-384.6140730478627,-398.1697,13.555626952137288,1,4
md6n,2249,-385.0443133567505,-399.1146,14.070286643249517,1,8
md6n,2250,-381.58893958186053,-396.2569,14.667960418139444,1,7
md6n,2251,-380.93018272142825,-395.9032,14.973017278571774,1,0
md6n,2252,-384.1117356051557,-398.9314,14.819664394844324,1,0
md6n,2253,-387.60609469373065,-402.1479,14.541805306269339,1,2
md6n,2254,-387.23469097760926,-401.7543,14.519609022390739,1,7
md6n,2255,-380.67150929419404,-394.7835,14.111990705805965,1,0
md6n,2256,-379.64385561997454,-393.3194,13.675544380025428,1,1
md6n,2257,-384.0098417864299,-397.2789,13.269058213570133,1,8
md6n,2258,-385.1811086541803,-398.3751,13.193991345819654,1,7
md6n,2259,-382.38932795936955,-396.0335,13.644172040630451,1,5
md6n,2260,-381.03558808621733,-395.273,14.237411913782694,1,6
md6n,2261,-383.2250909581128,-397.712,14.486909041887202,1,3
md6n,2262,-385.9656542867573,-400.0531,14.087445713242687,1,2
md6n,2263,-387.77487480341085,-401.5379,13.763025196589126,1,5
md6n,2264,-383.1787995454305,-396.518,13.339200454569493,1,5
md6n,2265,-379.80636941486034,-392.8376,13.031230585139667,1,6
md6n,2266,-382.89660453327383,-395.8984,13.00179546672615,1,7
md6n,2267,-384.84213088973974,-398.0257,13.183569110260237,1,4
md6n,2268,-382.82554216334523,-396.5613,13.735757836654784,1,3
md6n,2269,-380.8888254197737,-395.1157,14.226874580226308,1,1
md6n,2270,-382.5550960210859,-396.9613,14.406203978914107,1,7
md6n,2271,-384.8028318209485,-398.8932,14.090368179051495,1,5
md6n,2272,-387.0024884322115,-400.9615,13.95901156778848,1,1
md6n,2273,-384.86333508019874,-398.7239,13.860564919801277,1,6
md6n,2274,-380.58936070505433,-394.0046,13.41523929494565,1,0
md6n,2275,-382.5329562132666,-395.5675,13.034543786733423,1,5
md6n,2276,-384.96775211663146,-397.6405,12.672747883368515,1,6
md6n,2277,-383.7210961974588,-396.3704,12.649303802541226,1,2
md6n,2278,-381.8567407694762,-394.7198,12.863059230523845,1,4
md6n,2279,-383.3624805075061,-396.5115,13.149019492493892,1,3
md6n,2280,-385.2040146517396,-398.3069,13.102885348260372,1,2
md6n,2281,-386.21241255399065,-399.1039,12.891487446009364,1,8
md6n,2282,-385.7632183056767,-398.5296,12.766381694323343,1,1
md6n,2283,-382.0832668595194,-394.4188,12.33553314048055,1,0
md6n,2284,-382.5895124345533,-394.6582,12.068687565446737,1,5
md6n,2285,-384.52241328964845,-396.4191,11.89668671035156,1,7
md6n,2286,-383.4911520604949,-395.4699,11.97874793950507,1,4
md6n,2287,-381.38905756657977,-393.5806,12.191542433420238,1,0
md6n,2288,-382.66681852886984,-395.0265,12.359681471130159,1,2
md6n,2289,-385.3455401196065,-397.7432,12.397659880393519,1,8
md6n,2290,-385.6337504425011,-397.9662,12.332449557498933,1,4
md6n,2291,-385.43620276441726,-397.9861,12.549897235582762,1,7
md6n,2292,-382.72120607570247,-395.1252,12.403993924297538,1,5
md6n,2293,-382.1491303090045,-394.1665,12.017369690995508,1,6
md6n,2294,-384.113289947396,-395.8007,11.68741005260398,1,6
md6n,2295,-383.7353820901371,-395.3807,11.64531790986291,1,8
md6n,2296,-381.4323331661353,-393.3662,11.93386683386467,1,7
md6n,2297,-381.95600343891766,-394.2792,12.32319656108234,1,9
md6n,2298,-385.29885086551116,-397.948,12.649149134488823,1,7
md6n,2299,-385.8951077300156,-398.4905,12.595392269984416,1,2
md6n,2300,-385.21168658890764,-397.7778,12.566113411092374,1,2
md6n,2301,-383.8167657445436,-396.2409,12.424134255456408,1,3
md6n,2302,-383.2806023751698,-395.4187,12.138097624830209,1,6
md6n,2303,-384.9363678315209,-396.9436,12.007232168479106,1,9
md6n,2304,-384.47166090846855,-396.4538,11.982139091531451,1,0
md6n,2305,-381.7161603318055,-393.7238,12.007639668194486,1,4
md6n,2306,-381.5872063993067,-393.5309,11.94369360069328,1,3
md6n,2307,-385.47654287227545,-397.4137,11.93715712772456,1,0
md6n,2308,-386.83858219266546,-398.8859,12.047317807334537,1,2
md6n,2309,-384.60833258645164,-397.0745,12.466167413548362,1,1
md6n,2310,-383.18842429375525,-396.1547,12.966275706244744,1,5
md6n,2311,-383.3040348536158,-396.2191,12.915065146384222,1,0
md6n,2312,-384.9361111799342,-397.504,12.567888820065832,1,2
md6n,2313,-384.6948304473488,-397.0163,12.321469552651195,1,2
md6n,2314,-381.84642262265777,-394.2298,12.383377377342242,1,4
md6n,2315,-380.56206778510773,-393.1604,12.598332214892253,1,0
md6n,2316,-384.17384089732997,-397.1488,12.974959102670027,1,2
md6n,2317,-387.0045861980721,-400.3991,13.394513801927872,1,6
md6n,2318,-384.77978526120893,-398.4851,13.70531473879106,1,1
md6n,2319,-382.49843877061613,-396.4034,13.904961229383844,1,6
md6n,2320,-382.7304951061606,-396.4663,13.735804893839372,1,3
md6n,2321,-384.79092105361383,-398.2586,13.467678946386172,1,2
md6n,2322,-385.3234956932972,-398.7809,13.457404306702756,1,1
md6n,2323,-382.5757116071117,-396.2605,13.684788392888265,1,0
md6n,2324,-380.16087679677287,-393.9695,13.808623203227114,1,0
md6n,2325,-383.40497234722756,-397.2457,13.840727652772443,1,2
md6n,2326,-387.8671959571618,-401.7728,13.905604042838206,1,9
md6n,2327,-386.52977385398185,-400.6746,14.144826146018147,1,6
md6n,2328,-382.843593116014,-397.5197,14.676106883985995,1,0
md6n,2329,-382.87087662326746,-397.943,15.07212337673252,1,0
md6n,2330,-385.5115830306498,-400.4512,14.939616969350197,1,7
md6n,2331,-386.2027564302124,-400.7547,14.551943569787625,1,3
md6n,2332,-383.21656309722505,-397.4802,14.263636902774977,1,5
md6n,2333,-379.91809192278697,-393.9473,14.029208077213013,1,9
md6n,2334,-382.23732307446494,-396.1992,13.96187692553508,1,2
md6n,2335,-387.3668615263087,-401.5783,14.211438473691317,1,8
md6n,2336,-387.2531818147018,-402.0512,14.79801818529819,1,8
md6n,2337,-382.8411552396206,-398.2833,15.442144760379392,1,7
md6n,2338,-381.9377309751359,-397.6214,15.683669024864116,1,7
md6n,2339,-384.97203298980884,-400.3115,15.339467010191186,1,3
md6n,2340,-386.5385031455896,-401.4606,14.922096854410427,1,8
md6n,2341,-384.1154241088797,-399.0678,14.952375891120255,1,0
md6n,2342,-379.8135293038617,-394.9589,15.145370696138343,1,6
md6n,2343,-380.1954676580302,-395.4373,15.241832341969769,1,1
md6n,2344,-385.60403533388785,-400.9474,15.343364666112166,1,8
md6n,2345,-387.4861925929929,-403.0193,15.533107407007094,1,6
md6n,2346,-383.66833829412616,-399.5072,15.838861705873853,1,1
md6n,2347,-381.49738273533944,-397.5644,16.067017264660535,1,9
md6n,2348,-384.52624988587854,-400.4823,15.956050114121467,1,4
md6n,2349,-387.28076778185823,-402.7775,15.496732218141744,1,4
md6n,2350,-385.63784055265836,-400.7516,15.113759447341636,1,7
md6n,2351,-380.90357817994845,-395.6777,14.774121820051562,1,6
md6n,2352,-379.99343893091316,-394.4232,14.429761069086851,1,8
md6n,2353,-385.34973376881754,-399.7039,14.354166231182433,1,6
md6n,2354,-388.2566807465415,-402.8688,14.612119253458502,1,5
md6n,2355,-384.54900841857784,-399.7275,15.178491581422179,1,9
md6n,2356,-381.24375072349227,-396.9175,15.673749276507749,1,7
md6n,2357,-384.12846188424083,-399.8336,15.705138115759155,1,6
md6n,2358,-387.4344581584903,-402.6335,15.199041841509711,1,4
md6n,2359,-386.3573428912075,-401.1567,14.799357108792492,1,4
md6n,2360,-381.55077944380236,-396.1435,14.592720556197662,1,1
md6n,2361,-379.24418948093654,-393.5443,14.30011051906348,1,9
md6n,2362,-383.6673493384092,-397.7158,14.048450661590778,1,1
md6n,2363,-387.52845099889475,-401.5352,14.00674900110522,1,4
md6n,2364,-384.9486331419658,-399.3055,14.35686685803421,1,1
md6n,2365,-381.01148793705823,-395.7934,14.781912062941785,1,1
md6n,2366,-382.9103990856818,-397.7945,14.884100914318253,1,3
md6n,2367,-386.6335621254808,-401.0766,14.443037874519177,1,9
md6n,2368,-386.64603263166583,-400.6314,13.985367368334153,1,8
md6n,2369,-382.34443965904745,-396.1028,13.75836034095255,1,1
md6n,2370,-378.7306359243953,-392.1905,13.459864075604685,1,2
md6n,2371,-381.9041824080948,-395.1688,13.264617591905164,1,0
md6n,2372,-386.74387148085077,-400.0957,13.351828519149251,1,4
md6n,2373,-385.45948087532366,-399.1685,13.709019124676331,1,3
md6n,2374,-381.26423892490845,-395.2942,14.029961075091535,1,8
md6n,2375,-382.53775917480715,-396.5902,14.052440825192832,1,8
md6n,2376,-386.9121119319309,-400.5519,13.639788068069095,1,8
md6n,2377,-387.62159293574905,-400.8184,13.196807064250947,1,3
md6n,2378,-383.75756833363334,-396.7605,13.002931666366635,1,3
md6n,2379,-379.2202242465701,-391.8394,12.619175753429886,1,8
md6n,2380,-381.1256238484617,-393.2695,12.14387615153828,1,4
md6n,2381,-386.09011587516227,-397.8884,11.798284124837721,1,0
md6n,2382,-385.2541288552926,-397.043,11.7888711447074,1,7
md6n,2383,-380.5360223551176,-392.6568,12.120777644882367,1,9
md6n,2384,-381.33285275088645,-393.9268,12.593947249113569,1,0
md6n,2385,-386.38039823599416,-399.1719,12.79150176400583,1,2
md6n,2386,-387.2749212712373,-399.8886,12.613678728762693,1,6
md6n,2387,-383.95916784388385,-396.4609,12.501732156116134,1,7
md6n,2388,-379.2619775068423,-391.3618,12.099822493157717,1,5
md6n,2389,-379.8552129106897,-391.3873,11.532087089310266,1,3
md6n,2390,-384.5980414224206,-395.8133,11.215258577579448,1,0
md6n,2391,-384.6932014313521,-396.1423,11.449098568647855,1,2
md6n,2392,-379.8004407003,-391.8469,12.046459299700018,1,2
md6n,2393,-379.1291079119762,-391.529,12.399892088023819,1,6
md6n,2394,-384.8840598529513,-397.1244,12.240340147048698,1,2
md6n,2395,-386.84613741306634,-398.4893,11.64316258693367,1,1
md6n,2396,-384.4874371373307,-396.0498,11.562362862669318,1,6
md6n,2397,-380.22349915714074,-391.8806,11.657100842859279,1,8
md6n,2398,-379.3763117114489,-390.8783,11.501988288551104,1,8
md6n,2399,-383.82348072895155,-395.1819,11.358419271048433,1,3
md6n,2400,-385.3126215725059,-396.6723,11.359678427494089,1,0
md6n,2401,-380.6870596195623,-392.1975,11.510440380437672,1,8
md6n,2402,-378.33336185343444,-389.941,11.607638146565534,1,3
md6n,2403,-384.35458699521155,-396.2329,11.878313004788424,1,2
md6n,2404,-387.4614856418031,-399.486,12.024514358196882,1,3
md6n,2405,-384.50796424438346,-396.8136,12.30563575561655,1,5
md6n,2406,-380.13703580935663,-392.4774,12.340364190643356,1,4
md6n,2407,-378.914029486934,-390.6258,11.711770513066028,1,3
md6n,2408,-383.20540471441365,-394.2232,11.017795285586374,1,5
md6n,2409,-385.10062045649084,-395.7841,10.68347954350918,1,5
md6n,2410,-380.2096575415524,-391.2129,11.003242458447573,1,6
md6n,2411,-376.14639914197943,-387.6862,11.539800858020556,1,7
md6n,2412,-382.1698789271702,-394.2448,12.074921072829795,1,2
md6n,2413,-387.7341763874223,-399.9296,12.195423612577713,1,7
md6n,2414,-383.99304459860855,-396.0767,12.083655401391468,1,2
md6n,2415,-379.5407877300419,-391.9126,12.37181226995807,1,0
md6n,2416,-378.0982765271926,-390.4496,12.351323472807394,1,6
md6n,2417,-381.4585122559114,-393.6282,12.169687744088606,1,9
md6n,2418,-384.09085207233994,-396.273,12.182147927660083,1,7
md6n,2419,-380.42134050993775,-393.0509,12.629559490062263,1,6
md6n,2420,-374.9975795619782,-387.9909,12.993320438021783,1,2
md6n,2421,-378.77307003309386,-391.7611,12.98802996690614,1,4
md6n,2422,-387.25470415398524,-400.1952,12.940495846014755,1,0
md6n,2423,-385.1965679905621,-398.045,12.848432009437943,1,7
md6n,2424,-380.0618701514147,-393.3918,13.329929848585266,1,3
md6n,2425,-378.25966268654855,-391.6682,13.408537313451461,1,6
md6n,2426,-381.1285085119586,-394.0591,12.930591488041387,1,7
md6n,2427,-384.6359053757521,-397.1333,12.497394624247931,1,2
md6n,2428,-382.0507442711791,-394.4931,12.442355728820928,1,6
md6n,2429,-375.33164894317173,-387.9392,12.6075510568283,1,6
md6n,2430,-376.0293635069983,-388.7397,12.710336493001705,1,0
md6n,2431,-386.18541205375055,-399.444,13.258587946249463,1,3
md6n,2432,-386.6790854659131,-400.4393,13.760214534086913,1,4
md6n,2433,-378.8236517317893,-393.1165,14.292848268210662,1,0
md6n,2434,-376.58491819020867,-391.1814,14.596481809791328,1,1
md6n,2435,-380.16561575225694,-394.2975,14.131884247743074,1,8
md6n,2436,-384.42401470161315,-397.8922,13.468185298386857,1,9
md6n,2437,-382.834030491093,-395.9928,13.158769508906971,1,1
md6n,2438,-375.7380250467334,-389.0812,13.343174953266612,1,5
md6n,2439,-372.95737386915124,-386.3166,13.359226130848754,1,4
md6n,2440,-382.684499878205,-396.1437,13.45920012179505,1,8
md6n,2441,-387.97923284755535,-401.5767,13.597467152444665,1,7
md6n,2442,-379.675849844918,-393.4619,13.786050155082023,1,0
md6n,2443,-375.1659731254486,-389.4883,14.32232687455138,1,9
md6n,2444,-378.13870009385425,-392.3276,14.188899906145764,1,4
md6n,2445,-382.85920870230285,-396.4655,13.606291297697169,1,2
md6n,2446,-383.3910573128896,-396.7351,13.344042687110402,1,7
md6n,2447,-378.02074954912376,-391.6316,13.610850450876228,1,4
md6n,2448,-372.6495400536073,-386.2678,13.618259946392698,1,7
md6n,2449,-379.1034032198796,-392.5114,13.407996780120357,1,0
md6n,2450,-388.749391558271,-402.3255,13.57610844172899,1,1
md6n,2451,-383.3815436338017,-397.2498,13.868256366198295,1,9
md6n,2452,-375.21729528581807,-389.6664,14.449104714181942,1,9
md6n,2453,-376.6865584950072,-391.3225,14.635941504992786,1,0
md6n,2454,-381.92849151801425,-395.9484,14.019908481985738,1,4
md6n,2455,-384.04766620662144,-397.3254,13.277733793378559,1,2
md6n,2456,-379.67538674244173,-392.5422,12.866813257558249,1,6
md6n,2457,-372.1735015549603,-384.6505,12.476998445039726,1,9
md6n,2458,-374.786934495143,-386.9325,12.145565504857018,1,0
md6n,2459,-386.6260439282064,-399.1623,12.536256071793616,1,1
md6n,2460,-386.08734102589546,-399.3806,13.29325897410456,1,1
md6n,2461,-375.35433029210117,-389.4202,14.065869707898855,1,0
md6n,2462,-374.3626116056123,-388.9023,14.539688394387724,1,2
md6n,2463,-379.964855850496,-393.8277,13.862844149503985,1,6
md6n,2464,-383.30492215278906,-396.0684,12.763477847210936,1,3
md6n,2465,-380.9074555641825,-393.2321,12.324644435817504,1,6
md6n,2466,-373.52351652876536,-385.9571,12.43358347123467,1,9
md6n,2467,-371.2635787968684,-383.675,12.411421203131624,1,3
md6n,2468,-381.49972774023627,-393.9724,12.472672259763726,1,8
md6n,2469,-387.0046953847989,-399.6943,12.68960461520112,1,2
md6n,2470,-378.53576771406824,-391.4682,12.932432285931782,1,1
md6n,2471,-373.58029112350556,-386.8852,13.304908876494437,1,1
md6n,2472,-377.51171594725247,-390.6399,13.128184052747542,1,9
md6n,2473,-382.1216221531212,-394.5176,12.395977846878793,1,3
md6n,2474,-382.98391627473734,-394.9776,11.993683725262656,1,9
md6n,2475,-377.46427932880346,-389.4088,11.944520671196528,1,2
md6n,2476,-371.31106498865387,-382.8843,11.573235011346128,1,6
md6n,2477,-377.5961511827628,-388.8792,11.283048817237216,1,2
md6n,2478,-386.7964630939371,-398.3565,11.560036906062862,1,7
md6n,2479,-382.5167633176051,-394.7311,12.214336682394901,1,7
md6n,2480,-374.3872382355155,-387.455,13.067761764484487,1,9
md6n,2481,-375.6165290704727,-389.1449,13.528370929527284,1,1
md6n,2482,-380.07215880543237,-392.9293,12.857141194567646,1,0
md6n,2483,-382.5843467722161,-394.4837,11.899353227783877,1,7
md6n,2484,-379.1141279933008,-390.4372,11.323072006699192,1,1
md6n,2485,-371.87591560514466,-382.8077,10.931784394855356,1,1
md6n,2486,-374.048296866698,-384.9797,10.931403133301956,1,5
md6n,2487,-383.4954266586387,-394.9618,11.466373341361304,1,1
md6n,2488,-384.2867355939533,-396.5874,12.300664406046678,1,6
md6n,2489,-376.51147253739265,-389.5341,13.022627462607375,1,9
md6n,2490,-374.34793038167714,-387.6601,13.312169618322855,1,4
md6n,2491,-377.3027601373076,-389.8783,12.575539862692438,1,6
md6n,2492,-381.08252144154676,-392.6649,11.582378558453229,1,7
md6n,2493,-381.1752153362908,-392.5456,11.37038466370916,1,0
md6n,2494,-374.2861840251366,-385.9164,11.630215974863404,1,7
md6n,2495,-370.9545683999615,-382.8194,11.864831600038485,1,4
md6n,2496,-378.69560455121075,-390.7754,12.079795448789241,1,4
md6n,2497,-384.90406926430705,-397.2559,12.351830735692943,1,0
md6n,2498,-381.0847873801636,-393.8637,12.778912619836376,1,4
md6n,2499,-376.41843915976176,-389.8171,13.398660840238222,1,2
md6n,2500,-376.51906415327403,-390.1598,13.640735846725988,1,5
md6n,2501,-379.9104507334265,-393.1739,13.263449266573502,1,4
md6n,2502,-383.0161094202446,-395.9171,12.900990579755387,1,0
md6n,2503,-378.17574451923184,-390.7031,12.527355480768165,1,3
md6n,2504,-371.7674448540351,-383.9545,12.187055145964905,1,5
md6n,2505,-375.50612998126564,-387.7463,12.240170018734375,1,4
md6n,2506,-382.43352035104186,-395.2118,12.778279648958119,1,2
md6n,2507,-382.3131783658803,-396.0697,13.756521634119736,1,9
md6n,2508,-377.82549542009025,-392.7017,14.876204579909768,1,7
md6n,2509,-376.1431706030722,-391.6344,15.49122939692785,1,8
md6n,2510,-377.5219864033872,-392.3748,14.852813596612805,1,7
md6n,2511,-382.1920978012695,-396.0992,13.907102198730513,1,4
md6n,2512,-380.88939959148684,-394.1192,13.229800408513142,1,6
md6n,2513,-373.62569209949777,-386.6161,12.990407900502248,1,1
md6n,2514,-372.9494829310264,-386.2481,13.298617068973613,1,8
md6n,2515,-378.7966775868332,-392.6424,13.845722413166811,1,7
md6n,2516,-382.28435306645383,-396.8336,14.549246933546158,1,7
md6n,2517,-379.85853996876654,-394.9416,15.083060031233458,1,3
md6n,2518,-377.0957401957859,-392.461,15.365259804214134,1,4
md6n,2519,-375.8227137963137,-390.7249,14.902186203686313,1,1
md6n,2520,-380.22537164701083,-394.6522,14.426828352989162,1,6
md6n,2521,-383.1697320258,-397.538,14.368267974200023,1,7
md6n,2522,-376.9886386714268,-391.3847,14.396061328573182,1,0
md6n,2523,-372.7051405771407,-387.2868,14.581659422859332,1,5
md6n,2524,-376.4487089871985,-391.1377,14.688991012801523,1,4
md6n,2525,-381.9850609170143,-396.8514,14.86633908298569,1,4
md6n,2526,-382.69308484246955,-397.9809,15.287815157530474,1,1
md6n,2527,-380.0512438971631,-396.1198,16.068556102836908,1,1
md6n,2528,-376.54519492472036,-392.9739,16.42870507527965,1,0
md6n,2529,-378.30526823077753,-394.311,16.00573176922245,1,7
md6n,2530,-383.78670613301665,-399.1376,15.35089386698337,1,6
md6n,2531,-380.282414188541,-394.6847,14.402285811459024,1,5
md6n,2532,-374.3025570161183,-388.2291,13.926542983881689,1,8
md6n,2533,-374.77158811050816,-388.7797,14.008111889491829,1,7
md6n,2534,-379.1617616498036,-393.7404,14.5786383501964,1,5
md6n,2535,-381.6597929910288,-397.1149,15.455107008971197,1,3
md6n,2536,-381.25916550656444,-397.5605,16.301334493435547,1,6
md6n,2537,-378.8919254472345,-395.527,16.635074552765502,1,4
md6n,2538,-376.91888089483155,-392.8086,15.889719105168467,1,2
md6n,2539,-382.0736289333387,-397.2656,15.191971066661324,1,5
md6n,2540,-382.5299987585234,-397.0666,14.536601241476603,1,8
md6n,2541,-376.65574336144016,-390.8844,14.228656638559869,1,4
md6n,2542,-374.2184204752054,-388.6205,14.402079524794601,1,3
md6n,2543,-376.55997466782514,-391.1531,14.59312533217485,1,4
md6n,2544,-380.2328829417482,-394.9886,14.755717058251832,1,9
md6n,2545,-381.8849090658895,-396.7001,14.815190934110547,1,1
md6n,2546,-380.88113904988563,-395.813,14.931860950114356,1,9
md6n,2547,-377.15918208425035,-391.6227,14.463517915749662,1,8
md6n,2548,-380.77293812807613,-394.8544,14.081461871923864,1,8
md6n,2549,-385.06367015761657,-398.8898,13.82612984238341,1,6
md6n,2550,-380.3972102404745,-393.7857,13.388489759525498,1,5
md6n,2551,-376.448632430932,-389.7105,13.261867569068045,1,8
md6n,2552,-376.9423196483112,-390.1234,13.18108035168882,1,2
md6n,2553,-379.5906283392747,-392.9453,13.354671660725273,1,4
md6n,2554,-381.50853170545764,-395.2827,13.774168294542335,1,7
md6n,2555,-382.3266547706585,-396.8683,14.541645229341498,1,7
md6n,2556,-379.45824945717555,-394.3835,14.925250542824472,1,6
md6n,2557,-378.54042446575556,-393.2108,14.670375534244442,1,8
md6n,2558,-383.07666539020545,-397.2332,14.156534609794562,1,3
md6n,2559,-381.9397954830328,-394.9376,12.997804516967165,1,8
md6n,2560,-379.0336881137984,-391.243,12.20931188620159,1,4
md6n,2561,-377.70198576441845,-389.6185,11.91651423558153,1,2
md6n,2562,-377.9519625305052,-390.0198,12.067837469494748,1,9
md6n,2563,-379.7024870168581,-392.097,12.394512983141908,1,0
md6n,2564,-382.6115129350564,-395.3622,12.750687064943577,1,2
md6n,2565,-382.32041669365816,-395.2084,12.887983306341823,1,6
md6n,2566,-378.5066945482448,-390.8456,12.338905451755181,1,3
md6n,2567,-381.34104301139746,-393.3851,12.044056988602563,1,4
md6n,2568,-383.07370668059826,-394.7824,11.708693319401732,1,1
md6n,2569,-380.90727609636565,-392.4271,11.519823903634347,1,3
md6n,2570,-379.13693296167713,-390.7836,11.646667038322846,1,0
md6n,2571,-378.2185369360608,-390.0149,11.796363063939225,1,1
md6n,2572,-379.03465008672805,-390.9624,11.927749913271953,1,2
md6n,2573,-381.9932656102454,-393.9246,11.931334389754625,1,4
md6n,2574,-384.4521691928097,-396.4545,12.002330807190276,1,1
md6n,2575,-381.6487776804112,-393.4732,11.824422319588848,1,7
md6n,2576,-381.22204954509,-393.0792,11.857150454910027,1,3
md6n,2577,-383.3429887918473,-395.0411,11.698111208152682,1,1
md6n,2578,-382.95677709468436,-393.9339,10.977122905315639,1,6
md6n,2579,-382.4127874207456,-392.8222,10.409412579254422,1,3
md6n,2580,-380.25733073133785,-390.325,10.067669268662144,1,7
md6n,2581,-378.38433511822393,-388.5126,10.12826488177609,1,8
md6n,2582,-380.2876200115215,-390.79,10.502379988478538,1,5
md6n,2583,-384.89005320092883,-396.1971,11.307046799071145,1,6
md6n,2584,-384.2576191299697,-396.3075,12.049880870030279,1,9
md6n,2585,-380.2942138866388,-392.6168,12.32258611336124,1,2
md6n,2586,-381.3210273248653,-393.5702,12.249172675134673,1,6
md6n,2587,-383.55448350722594,-395.174,11.61951649277404,1,9
md6n,2588,-384.68851330421126,-395.8175,11.12898669578874,1,9
md6n,2589,-382.3683684977907,-393.4139,11.045531502209315,1,4
md6n,2590,-378.5141807425623,-389.8366,11.322419257437673,1,7
md6n,2591,-378.500723790531,-390.0508,11.550076209468955,1,7
md6n,2592,-383.71898462623886,-395.2612,11.54221537376111,1,9
md6n,2593,-386.5794927262779,-397.9259,11.346407273722093,1,5
md6n,2594,-382.4762926877632,-393.558,11.081707312236801,1,9
md6n,2595,-380.3738850662451,-391.5683,11.1944149337549,1,3
md6n,2596,-382.4604518253412,-393.6236,11.16314817465883,1,6
md6n,2597,-385.77380377192435,-396.7592,10.985396228075672,1,2
md6n,2598,-385.620639248533,-396.6363,11.01566075146701,1,3
md6n,2599,-381.1263335623282,-392.3853,11.258966437671745,1,1
md6n,2600,-378.56340827444535,-390.0235,11.460091725554662,1,1
md6n,2601,-382.839749617247,-394.4529,11.61315038275302,1,2
md6n,2602,-388.3062339562374,-400.3753,12.069066043762575,1,1
md6n,2603,-385.8784423193274,-398.5959,12.717457680672567,1,4
md6n,2604,-380.60784338460314,-393.935,13.32715661539686,1,9
md6n,2605,-380.8789540600588,-394.2526,13.373645939941184,1,1
md6n,2606,-385.6342380177512,-398.3876,12.753361982248805,1,0
md6n,2607,-387.65720224566684,-399.7344,12.077197754333156,1,6
md6n,2608,-382.9792877609867,-394.7598,11.780512239013262,1,1
md6n,2609,-377.7751421351874,-389.679,11.90385786481255,1,9
md6n,2610,-380.3688110203978,-392.5982,12.22938897960222,1,9
md6n,2611,-387.8084227430913,-400.4464,12.637977256908698,1,0
md6n,2612,-388.5250598708905,-401.5807,13.055640129109463,1,5
md6n,2613,-381.7305698439306,-395.1088,13.378230156069378,1,1
md6n,2614,-379.2770810451071,-392.7254,13.448318954892898,1,6
md6n,2615,-384.63104782084815,-397.7029,13.071852179151847,1,5
md6n,2616,-389.13132614727675,-401.8606,12.729273852723225,1,9
md6n,2617,-385.58568380396883,-398.5292,12.943516196031169,1,1
md6n,2618,-378.2845604007585,-391.7032,13.418639599241487,1,5
md6n,2619,-378.0634296418519,-391.6099,13.546470358148099,1,1
md6n,2620,-386.04754622416766,-399.363,13.315453775832339,1,2
md6n,2621,-390.40718512689597,-403.6363,13.229114873104038,1,3
md6n,2622,-384.7355489437304,-398.2574,13.521851056269611,1,6
md6n,2623,-378.97352245506755,-392.8327,13.859177544932436,1,4
md6n,2624,-382.48910895201135,-396.2632,13.774091047988634,1,3
md6n,2625,-389.51424592697924,-402.8479,13.333654073020739,1,7
md6n,2626,-389.0941719078117,-402.1262,13.032028092188284,1,8
md6n,2627,-381.04665673504894,-394.0365,12.989843264951048,1,1
md6n,2628,-377.13485916911424,-390.1668,13.031940830885787,1,0
md6n,2629,-383.70355792046007,-396.86,13.156442079539943,1,5
md6n,2630,-390.8406420519844,-404.379,13.53835794801563,1,6
md6n,2631,-387.5564906556916,-401.8566,14.300109344308396,1,8
md6n,2632,-379.15170831211566,-394.159,15.007291687884333,1,0
md6n,2633,-379.72026123754716,-394.8644,15.144138762452826,1,8
md6n,2634,-387.94284605269434,-402.5209,14.578053947305648,1,4
md6n,2635,-390.39707343082443,-404.3936,13.996526569175558,1,6
md6n,2636,-382.83091113891254,-396.756,13.925088861087431,1,4
md6n,2637,-376.2033601072162,-390.2572,14.053839892783799,1,7
md6n,2638,-380.9244115119244,-394.9161,13.991688488075567,1,7
md6n,2639,-389.8564014021266,-403.6709,13.81449859787341,1,8
md6n,2640,-389.7197560795702,-403.6965,13.97674392042984,1,0
md6n,2641,-380.9195752924202,-395.1791,14.259524707579828,1,4
md6n,2642,-378.30088821092727,-392.4961,14.195211789072744,1,5
md6n,2643,-385.8231103700873,-399.5013,13.678189629912708,1,8
md6n,2644,-391.1131426620869,-404.3699,13.256757337913086,1,2
md6n,2645,-385.7705902930978,-399.0975,13.3269097069022,1,5
md6n,2646,-376.95033546103224,-390.4073,13.456964538967782,1,4
md6n,2647,-378.1710312915284,-391.4916,13.320568708471626,1,4
md6n,2648,-387.5536461529807,-400.5612,13.007553847019267,1,5
md6n,2649,-391.43136992585164,-404.5111,13.079730074148358,1,8
md6n,2650,-384.5438352260576,-398.2021,13.658264773942392,1,2
md6n,2651,-378.3742937032426,-392.5546,14.180306296757408,1,8
md6n,2652,-383.51190507118423,-397.7205,14.208594928815785,1,3
md6n,2653,-391.1022666587855,-404.84,13.737733341214494,1,9
md6n,2654,-388.7818532780716,-402.1105,13.328646721928408,1,7
md6n,2655,-378.97656399597486,-392.0578,13.08123600402513,1,0
md6n,2656,-376.5459360140404,-389.4303,12.884363985959567,1,7
md6n,2657,-384.7887561441799,-397.5202,12.731443855820089,1,8
md6n,2658,-390.890223499617,-403.8724,12.982176500383048,1,5
md6n,2659,-385.9681436188546,-399.743,13.774856381145412,1,7
md6n,2660,-378.486631171029,-392.9024,14.41576882897101,1,0
md6n,2661,-381.5274304241598,-395.9182,14.390769575840238,1,7
md6n,2662,-389.40892402113633,-403.1333,13.72437597886369,1,9
md6n,2663,-390.07394217633606,-403.3564,13.282457823663947,1,8
md6n,2664,-381.4160586943232,-394.6081,13.192041305676753,1,7
md6n,2665,-376.15839023060073,-389.2904,13.132009769399247,1,2
md6n,2666,-381.90647658464843,-394.7738,12.867323415351564,1,7
md6n,2667,-389.3193011603857,-401.913,12.59369883961432,1,8
md6n,2668,-387.76797658602317,-400.514,12.746023413976843,1,3
md6n,2669,-380.3885957831238,-393.456,13.067404216876241,1,4
md6n,2670,-380.099412192239,-393.3165,13.217087807761004,1,2
md6n,2671,-386.9991306261846,-400.0202,13.021069373815408,1,1
md6n,2672,-390.725425568374,-403.706,12.980574431625996,1,2
md6n,2673,-384.5812580399586,-397.6983,13.117041960041433,1,9
md6n,2674,-377.1516670244928,-390.1708,13.019132975507205,1,3
md6n,2675,-379.7464522500298,-392.3354,12.588947749970202,1,4
md6n,2676,-387.56195124774877,-399.7125,12.150548752251211,1,5
md6n,2677,-388.954149953842,-401.3393,12.385150046158003,1,6
md6n,2678,-382.5196504911155,-395.6927,13.173049508884503,1,4
md6n,2679,-379.9882701310591,-393.9502,13.9619298689409,1,6
md6n,2680,-385.12133958171313,-399.2801,14.158760418286874,1,9
md6n,2681,-389.70473976527165,-403.6213,13.916560234728365,1,0
md6n,2682,-386.3524363904705,-399.9587,13.606263609529549,1,7
md6n,2683,-378.692130028274,-391.8801,13.187969971726034,1,6
md6n,2684,-378.3311473706641,-391.2273,12.896152629335916,1,6
md6n,2685,-384.6928167677951,-397.4897,12.796883232204948,1,0
md6n,2686,-387.65730515736,-400.7979,13.140594842640041,1,8
md6n,2687,-383.34244536822706,-397.1184,13.775954631772947,1,7
md6n,2688,-380.52320358085603,-394.8626,14.339396419143952,1,7
md6n,2689,-384.0219583770081,-398.4591,14.437141622991874,1,1
md6n,2690,-388.116481207265,-402.3121,14.19561879273499,1,6
md6n,2691,-387.5800624414539,-401.8,14.219937558546121,1,4
md6n,2692,-381.2030228144175,-395.4047,14.201677185582469,1,6
md6n,2693,-378.3120321610186,-392.2266,13.91456783898144,1,4
md6n,2694,-382.4126186204859,-395.6894,13.276781379514091,1,6
md6n,2695,-386.35685468831133,-399.143,12.786145311688642,1,5
md6n,2696,-384.2751097161421,-397.1254,12.85029028385793,1,2
md6n,2697,-381.20897976677196,-394.5146,13.305620233228012,1,8
md6n,2698,-383.4230559303566,-397.2782,13.855144069643416,1,2
md6n,2699,-386.58708936232887,-400.7107,14.123610637671106,1,1
md6n,2700,-387.862657177391,-402.3394,14.476742822609026,1,2
md6n,2701,-383.85364889970185,-398.2944,14.440751100298144,1,5
md6n,2702,-379.7928076687686,-393.7605,13.967692331231376,1,8
md6n,2703,-381.2893700729379,-394.7667,13.477329927062101,1,8
md6n,2704,-384.72265612321576,-398.1362,13.413543876784217,1,4
md6n,2705,-384.1462404974535,-398.0693,13.923059502546494,1,8
md6n,2706,-381.4176004863536,-396.096,14.678399513646411,1,0
md6n,2707,-382.98247174672713,-398.4715,15.489028253272863,1,3
md6n,2708,-384.95828612822726,-400.7034,15.74511387177273,1,4
md6n,2709,-385.89660685138915,-401.5571,15.66049314861084,1,6
md6n,2710,-384.4903293308679,-399.8481,15.357770669132094,1,3
md6n,2711,-381.34599783032155,-396.1631,14.817102169678435,1,4
md6n,2712,-381.11997123837773,-395.3995,14.27952876162226,1,8
md6n,2713,-383.1437970375434,-396.9728,13.829002962456627,1,0
md6n,2714,-383.1860046152447,-396.8942,13.7081953847553,1,9
md6n,2715,-381.4995915705795,-395.2924,13.792808429420461,1,6
md6n,2716,-383.7258884912995,-397.9312,14.205311508700504,1,2
md6n,2717,-385.4936462847346,-400.0325,14.538853715265418,1,8
md6n,2718,-384.32861561133177,-399.1088,14.780184388668204,1,7
md6n,2719,-384.3309028853484,-399.4871,15.156197114651604,1,7
md6n,2720,-383.13384096387557,-398.1189,14.985059036124426,1,2
md6n,2721,-381.8390292998369,-396.1961,14.357070700163092,1,9
md6n,2722,-381.8586057293059,-395.5717,13.713094270694114,1,3
md6n,2723,-382.08680476086664,-395.6197,13.532895239133381,1,3
md6n,2724,-381.3526933619825,-395.0216,13.66890663801746,1,4
md6n,2725,-383.2756544587827,-397.4062,14.130545541217316,1,9
md6n,2726,-385.55372785715866,-400.3024,14.748672142841315,1,0
md6n,2727,-383.6635315675654,-398.7619,15.098368432434597,1,4
md6n,2728,-383.6378099325927,-398.9397,15.301890067407328,1,5
md6n,2729,-384.0056939452498,-398.804,14.798306054750185,1,3
md6n,2730,-382.94826241151,-396.7843,13.83603758849,1,9
md6n,2731,-381.68161967124524,-394.6628,12.98118032875476,1,9
md6n,2732,-381.0496989034596,-393.7267,12.67700109654038,1,9
md6n,2733,-380.1088894758464,-392.9536,12.844710524153584,1,8
md6n,2734,-381.7719353031289,-395.157,13.385064696871098,1,5
md6n,2735,-385.79038133100016,-400.1859,14.395518668999841,1,9
md6n,2736,-383.68844308699204,-398.7346,15.046156913007962,1,0
md6n,2737,-381.0904286950444,-396.3222,15.2317713049556,1,3
md6n,2738,-383.48420489727414,-398.4283,14.94409510272584,1,0
md6n,2739,-385.0164437550773,-399.1522,14.135756244922675,1,5
md6n,2740,-382.9003865361405,-396.1874,13.287013463859523,1,5
md6n,2741,-380.14806241503476,-392.9418,12.793737584965243,1,1
md6n,2742,-378.7992133547501,-391.3344,12.535186645249894,1,8
md6n,2743,-380.8496418128855,-393.1217,12.272058187114453,1,8
md6n,2744,-385.9794093058826,-398.3376,12.358190694117411,1,1
md6n,2745,-384.6836501016344,-397.1878,12.504149898365597,1,1
md6n,2746,-379.96805050393624,-392.6566,12.688549496063786,1,1
md6n,2747,-382.03123247527,-394.9134,12.88216752473005,1,7
md6n,2748,-385.36704174965615,-397.789,12.421958250343835,1,5
md6n,2749,-384.1041992099984,-395.6387,11.534500790001573,1,1
md6n,2750,-380.6006809854457,-391.44,10.839319014554292,1,8
md6n,2751,-378.71534664328,-389.3649,10.649553356719991,1,4
md6n,2752,-379.54578835713966,-390.2593,10.71351164286034,1,6
md6n,2753,-384.5584116559323,-395.9442,11.385788344067748,1,5
md6n,2754,-385.9572682430566,-398.5617,12.60443175694337,1,1
md6n,2755,-380.09479560119496,-393.6416,13.546804398805023,1,3
md6n,2756,-379.27040308368294,-393.1005,13.830096916317075,1,5
md6n,2757,-384.2423831870684,-397.3422,13.099816812931579,1,1
md6n,2758,-385.45000735687904,-397.2411,11.791092643120976,1,4
md6n,2759,-381.2590331019279,-392.0778,10.818766898072113,1,9
md6n,2760,-377.3416205765391,-387.8661,10.524479423460889,1,7
md6n,2761,-377.06116188473845,-387.4411,10.379938115261552,1,7
md6n,2762,-382.84101906996386,-393.3258,10.484780930036152,1,1
md6n,2763,-387.11356397732146,-398.1252,11.011636022678545,1,1
md6n,2764,-381.53086164879375,-392.9333,11.402438351206229,1,4
md6n,2765,-377.3807953983802,-388.9547,11.573904601619802,1,5
md6n,2766,-382.7683559219753,-394.3023,11.533944078024717,1,4
md6n,2767,-386.6526152115799,-397.7161,11.063484788420055,1,0
md6n,2768,-382.9061947686282,-393.419,10.512805231371772,1,7
md6n,2769,-377.4632389172399,-387.6927,10.22946108276011,1,3
md6n,2770,-375.72172610200477,-385.6334,9.911673897995229,1,7
md6n,2771,-380.252926866217,-389.896,9.643073133782991,1,2
md6n,2772,-386.1784661455365,-396.2185,10.040033854463502,1,3
md6n,2773,-383.19695089963625,-394.1797,10.982749100363776,1,3
md6n,2774,-377.0011825963615,-388.9636,11.962417403638483,1,1
md6n,2775,-379.82813083415624,-392.2084,12.380269165843742,1,9
md6n,2776,-385.69273261747463,-397.3717,11.678967382525343,1,3
md6n,2777,-384.6557334367809,-395.0615,10.405766563219117,1,8
md6n,2778,-378.81734337369886,-388.4148,9.597456626301152,1,5
md6n,2779,-374.86846435940276,-384.2726,9.404135640597246,1,6
md6n,2780,-377.18568057652027,-386.7338,9.548119423479704,1,1
md6n,2781,-384.18714097180805,-394.5726,10.385459028191974,1,1
md6n,2782,-384.32247605350096,-396.0143,11.691823946499028,1,6
md6n,2783,-377.16463514612445,-389.8922,12.727564853875549,1,6
md6n,2784,-376.7023027209124,-389.7731,13.070797279087571,1,1
md6n,2785,-383.551066715312,-396.2298,12.678733284688008,1,4
md6n,2786,-385.5885496420795,-397.4979,11.909350357920516,1,9
md6n,2787,-380.34801031888213,-391.8278,11.479789681117893,1,5
md6n,2788,-374.55302763248886,-385.9256,11.372572367511111,1,3
md6n,2789,-374.97210893106194,-386.1317,11.159591068938084,1,7
md6n,2790,-382.21969820114595,-393.4023,11.18260179885408,1,8
md6n,2791,-385.1786105368933,-396.8928,11.71418946310672,1,0
md6n,2792,-379.22511631444445,-391.752,12.52688368555556,1,7
md6n,2793,-375.6835860441969,-388.866,13.1824139558031,1,7
md6n,2794,-381.0748438567058,-394.3344,13.259556143294219,1,3
md6n,2795,-385.4437291192354,-397.997,12.553270880764615,1,2
md6n,2796,-382.45483247322085,-394.2401,11.785267526779137,1,7
md6n,2797,-375.6501372510468,-387.0259,11.375762748953207,1,6
md6n,2798,-373.09613766560733,-384.2264,11.130262334392683,1,2
md6n,2799,-379.0232701928037,-390.2617,11.238429807196326,1,5
md6n,2800,-384.2490134578088,-396.2126,11.963586542191194,1,8
md6n,2801,-380.9969755133827,-394.2465,13.249524486617304,1,5
md6n,2802,-375.9581304542999,-390.4227,14.464569545700101,1,2
md6n,2803,-378.4139573553406,-393.4231,15.009142644659391,1,0
md6n,2804,-383.3256657507852,-397.9135,14.58783424921478,1,4
md6n,2805,-383.436381732758,-397.2365,13.800118267241999,1,2
md6n,2806,-377.5520598201308,-390.759,13.206940179869207,1,7
md6n,2807,-372.22238144641284,-385.0387,12.816318553587166,1,4
md6n,2808,-375.6010496538406,-388.3853,12.784250346159354,1,3
md6n,2809,-381.92577188961417,-395.2004,13.274628110385834,1,6
md6n,2810,-381.3892822150669,-395.7339,14.34461778493312,1,7
md6n,2811,-376.35320698522395,-391.7811,15.427893014776032,1,4
md6n,2812,-376.75852071431905,-392.7328,15.97427928568095,1,6
md6n,2813,-381.90425268918494,-397.5256,15.621347310815054,1,4
md6n,2814,-384.2438515604918,-399.0285,14.784648439508203,1,8
md6n,2815,-380.21239536769275,-394.4417,14.229304632307276,1,9
md6n,2816,-372.94741528546996,-386.6803,13.73288471453003,1,2
md6n,2817,-373.82568079149183,-387.2371,13.411419208508164,1,7
md6n,2818,-380.2916862762656,-393.6233,13.331613723734392,1,7
md6n,2819,-381.6617934928692,-395.4305,13.768706507130787,1,6
md6n,2820,-377.5572668981181,-392.1706,14.613333101881892,1,8
md6n,2821,-376.15099753528324,-391.4569,15.30590246471678,1,7
md6n,2822,-379.94300908974384,-395.4149,15.47189091025615,1,8
md6n,2823,-383.1007404389447,-398.1535,15.052759561055325,1,5
md6n,2824,-382.5083120129839,-397.1741,14.665787987016131,1,3
md6n,2825,-375.2831392825562,-389.2617,13.978560717443827,1,2
md6n,2826,-372.2726468798459,-385.6286,13.355953120154084,1,4
md6n,2827,-377.382042888194,-390.5107,13.128657111805978,1,1
md6n,2828,-380.66832217093685,-394.2144,13.546077829063165,1,6
md6n,2829,-378.72373205947736,-393.5057,14.781967940522634,1,4
md6n,2830,-375.9981643372349,-392.0186,16.020435662765067,1,7
md6n,2831,-377.77469911310413,-394.3549,16.580200886895852,1,1
md6n,2832,-381.028556836547,-396.9192,15.890643163452978,1,9
md6n,2833,-383.3201035021844,-398.1682,14.848096497815618,1,3
md6n,2834,-378.32027387737617,-392.2141,13.893826122623807,1,5
md6n,2835,-372.25584467214037,-385.5325,13.276655327859658,1,4
md6n,2836,-375.6408438280651,-388.9578,13.316956171934919,1,2
md6n,2837,-379.8510914250789,-393.4778,13.62670857492111,1,8
md6n,2838,-379.04986908675323,-393.4458,14.395930913246787,1,4
md6n,2839,-376.17097117866194,-391.2011,15.030128821338053,1,8
md6n,2840,-377.8317441646478,-393.1135,15.281755835352214,1,1
md6n,2841,-381.4305673529785,-396.417,14.986432647021445,1,0
md6n,2842,-383.1344483935523,-397.7243,14.589851606447723,1,2
md6n,2843,-380.57643650908614,-394.9466,14.370163490913853,1,2
md6n,2844,-373.6617858472916,-387.281,13.619214152708423,1,3
md6n,2845,-374.4978167926821,-387.4047,12.90688320731789,1,1
md6n,2846,-378.41056629134994,-390.6589,12.24833370865008,1,3
md6n,2847,-379.0569260642041,-391.4081,12.351173935795885,1,3
md6n,2848,-376.83109412832783,-390.0063,13.175205871672176,1,6
md6n,2849,-376.2660903994468,-390.3153,14.049209600553183,1,3
md6n,2850,-379.42896670308846,-393.8416,14.412633296911565,1,5
md6n,2851,-382.23124250266375,-396.1361,13.904857497336252,1,5
md6n,2852,-383.08780494777324,-396.4769,13.389095052226764,1,3
md6n,2853,-376.0525142334377,-388.603,12.550485766562304,1,8
md6n,2854,-373.0107592824109,-385.0931,12.08234071758909,1,3
md6n,2855,-376.8363921953016,-388.9042,12.067807804698418,1,5
md6n,2856,-378.7030599974354,-391.2883,12.585240002564603,1,9
md6n,2857,-376.6360037793844,-390.3592,13.723196220615591,1,3
md6n,2858,-374.59130699761295,-389.1624,14.571093002387045,1,3
md6n,2859,-378.40919580945007,-393.4086,14.99940419054991,1,4
md6n,2860,-382.1701437364433,-396.8509,14.680756263556702,1,5
md6n,2861,-382.79130772785084,-397.0046,14.213292272149147,1,3
md6n,2862,-377.9631152657863,-391.5347,13.571584734213673,1,2
md6n,2863,-374.006620790053,-386.7507,12.744079209947017,1,3
md6n,2864,-377.01642418679313,-389.1468,12.130375813206854,1,3
md6n,2865,-378.93749083082014,-390.6447,11.707209169179862,1,0
md6n,2866,-377.25074269579164,-389.2933,12.042557304208344,1,4
md6n,2867,-374.43553642521454,-387.0461,12.610563574785488,1,7
md6n,2868,-377.11967279954933,-390.3155,13.195827200450651,1,0
md6n,2869,-382.1470369356675,-395.4698,13.322763064332548,1,7
md6n,2870,-383.2882008937308,-396.4225,13.134299106269225,1,9
md6n,2871,-380.47523044132373,-393.6201,13.144869558676248,1,2
md6n,2872,-374.61354281444574,-387.3076,12.694057185554243,1,7
md6n,2873,-375.80470363179154,-388.0319,12.227196368208467,1,1
md6n,2874,-378.9099048638064,-390.7504,11.840495136193624,1,0
md6n,2875,-378.28541130430864,-390.5233,12.237888695691368,1,8
md6n,2876,-374.19661073772244,-387.2839,13.08728926227758,1,5
md6n,2877,-374.31740829517724,-388.0486,13.731191704822777,1,8
md6n,2878,-380.80311445651284,-394.891,14.087885543487175,1,1
md6n,2879,-383.4494144879496,-397.4496,14.000185512050393,1,3
md6n,2880,-381.1869397331289,-395.14,13.953060266871091,1,1
md6n,2881,-375.2337473430797,-388.5374,13.303652656920292,1,8
md6n,2882,-375.30781360328575,-387.8113,12.503486396714266,1,4
md6n,2883,-379.3444831492484,-391.2552,11.910716850751612,1,0
md6n,2884,-379.53735650526534,-391.5022,11.96484349473468,1,2
md6n,2885,-374.96684663220793,-387.6545,12.687653367792052,1,0
md6n,2886,-372.90503828014823,-386.3438,13.438761719851755,1,4
md6n,2887,-379.5381942312448,-393.6551,14.116905768755203,1,8
md6n,2888,-384.8312793593549,-399.0276,14.196320640645126,1,4
md6n,2889,-382.8058076013164,-396.8998,14.09399239868361,1,6
md6n,2890,-377.15828600003,-391.1695,14.011213999970039,1,9
md6n,2891,-375.5591225731392,-389.2125,13.6533774268608,1,3
md6n,2892,-379.69248639002336,-392.8074,13.114913609976611,1,8
md6n,2893,-381.07075123653505,-393.7996,12.728848763464953,1,7
md6n,2894,-376.4924564742774,-389.4312,12.9387435257226,1,1
md6n,2895,-372.2243825757566,-385.4653,13.240917424243435,1,4
md6n,2896,-377.3355556924647,-390.7498,13.414244307535284,1,3
md6n,2897,-384.6836607693342,-398.0726,13.388939230665812,1,6
md6n,2898,-384.0621372147896,-397.6088,13.546662785210401,1,1
md6n,2899,-378.4768169145482,-392.3529,13.876083085451796,1,0
md6n,2900,-374.9735202009658,-388.3881,13.414579799034186,1,7
md6n,2901,-379.0356904982916,-391.5995,12.563809501708363,1,3
md6n,2902,-382.1939087950965,-394.1807,11.986791204903511,1,7
md6n,2903,-378.20249087789864,-390.4881,12.285609122101334,1,8
md6n,2904,-371.8020338327824,-384.8728,13.070766167217585,1,8
md6n,2905,-373.99389112212515,-387.9673,13.973408877874874,1,1
md6n,2906,-382.55299135254563,-397.2978,14.744808647454363,1,3
md6n,2907,-384.9709235521619,-400.068,15.097076447838106,1,7
md6n,2908,-380.17066093266413,-395.4322,15.261539067335889,1,1
md6n,2909,-374.90071147077003,-389.7666,14.865888529229949,1,0
md6n,2910,-378.092241135919,-392.271,14.178758864081033,1,6
md6n,2911,-383.44520013069945,-396.9702,13.52499986930053,1,4
md6n,2912,-380.9619673579653,-394.3133,13.35133264203472,1,2
md6n,2913,-373.18749935644206,-386.7941,13.606600643557954,1,6
md6n,2914,-372.7905528458041,-386.6589,13.86834715419593,1,4
md6n,2915,-381.61737770757384,-395.535,13.917622292426188,1,6
md6n,2916,-386.0743490588506,-399.8789,13.804550941149387,1,2
md6n,2917,-381.6708948979667,-395.7079,14.037005102033277,1,6
md6n,2918,-375.70492263914974,-389.8065,14.101577360850285,1,8
md6n,2919,-377.5456416478102,-391.0874,13.541758352189788,1,0
md6n,2920,-383.67553144123383,-396.4305,12.754968558766166,1,5
md6n,2921,-382.82796874453544,-395.1778,12.34983125546455,1,1
md6n,2922,-374.74741893540835,-387.1416,12.394181064591635,1,4
md6n,2923,-371.9386973530791,-384.546,12.607302646920914,1,6
md6n,2924,-379.13568484435996,-392.054,12.918315155640016,1,1
md6n,2925,-384.93532804746076,-398.1774,13.24207195253922,1,2
md6n,2926,-383.00342556063305,-396.9049,13.90147443936695,1,6
md6n,2927,-376.6595994104172,-390.9644,14.30480058958284,1,5
md6n,2928,-375.01472125257067,-388.8029,13.788178747429356,1,2
md6n,2929,-381.6412450504167,-394.5075,12.866254949583265,1,2
md6n,2930,-384.3727546647901,-396.5326,12.159845335209923,1,6
md6n,2931,-377.20207364775223,-389.2473,12.045226352247766,1,0
md6n,2932,-371.26392392742815,-383.5936,12.329676072571829,1,2
md6n,2933,-376.51439798889356,-389.2264,12.71200201110645,1,6
md6n,2934,-384.1675061839555,-397.0801,12.912593816044534,1,0
md6n,2935,-384.77684035681835,-398.1122,13.335359643181619,1,5
md6n,2936,-379.3440093792149,-393.1931,13.849090620785091,1,1
md6n,2937,-375.7596967320496,-389.3882,13.628503267950407,1,0
md6n,2938,-381.080380377526,-393.9934,12.913019622473996,1,4
md6n,2939,-385.67167275435884,-397.9385,12.266827245641139,1,3
md6n,2940,-379.7892170564254,-391.711,11.921782943574613,1,8
md6n,2941,-372.48281001910397,-384.2915,11.80868998089602,1,6
md6n,2942,-376.0163169465901,-387.9493,11.932983053409885,1,7
md6n,2943,-383.2514877936963,-395.294,12.042512206303684,1,3
md6n,2944,-384.3235541156944,-396.6343,12.310745884305618,1,2
md6n,2945,-380.72964244812755,-393.5837,12.854057551872472,1,3
md6n,2946,-377.03320254908556,-389.8634,12.830197450914454,1,9
md6n,2947,-379.71232574611275,-391.8817,12.16937425388727,1,1
md6n,2948,-385.2531875902593,-396.7265,11.473312409740686,1,4
md6n,2949,-382.01672067895515,-392.9903,10.973579321044838,1,3
md6n,2950,-373.68806094593845,-384.4256,10.737539054061529,1,3
md6n,2951,-374.10269884610807,-384.8933,10.790601153891942,1,8
md6n,2952,-380.77370871033963,-391.6796,10.90589128966036,1,3
md6n,2953,-383.122315487744,-394.3657,11.243384512256,1,2
md6n,2954,-381.4132330168559,-393.6835,12.270266983144097,1,8
md6n,2955,-377.7142360146399,-390.7416,13.027363985360125,1,3
md6n,2956,-377.69682825962497,-390.467,12.77017174037502,1,0
md6n,2957,-383.40178396882095,-395.4866,12.08481603117906,1,7
md6n,2958,-383.9395738440353,-395.4917,11.552126155964686,1,9
md6n,2959,-376.34114938053267,-387.5217,11.18055061946734,1,7
md6n,2960,-374.44082256948167,-385.6246,11.183777430518319,1,9
md6n,2961,-380.42964811486195,-391.972,11.542351885138032,1,1
md6n,2962,-383.02965171358943,-394.9858,11.956148286410553,1,9
md6n,2963,-381.5938799680646,-394.1376,12.543720031935436,1,6
md6n,2964,-379.971941693387,-392.8539,12.881958306613,1,0
md6n,2965,-379.7803013944638,-392.2788,12.498498605536213,1,6
md6n,2966,-382.58089232967234,-394.4911,11.91020767032768,1,5
md6n,2967,-384.2217437557721,-395.8561,11.634356244227945,1,9
md6n,2968,-378.29611223231666,-389.5595,11.263387767683355,1,7
md6n,2969,-375.09779102635065,-386.1582,11.060408973649373,1,4
md6n,2970,-379.8800673267395,-391.0188,11.138732673260506,1,5
md6n,2971,-382.4415731868894,-393.6634,11.221826813110624,1,5
md6n,2972,-381.00715623553765,-392.678,11.670843764462347,1,7
md6n,2973,-380.89382541951073,-393.3901,12.496274580489285,1,2
md6n,2974,-381.2190870703199,-394.1686,12.949512929680111,1,1
md6n,2975,-381.4599047005717,-394.1516,12.691695299428261,1,9
md6n,2976,-383.08396897918925,-395.4737,12.389731020810757,1,9
md6n,2977,-379.6196067510914,-391.5625,11.942893248908604,1,0
md6n,2978,-375.3572293883181,-386.8131,11.455870611681917,1,6
md6n,2979,-378.26214323359875,-389.6762,11.414056766401245,1,9
md6n,2980,-380.87629467269505,-392.6646,11.788305327304954,1,9
md6n,2981,-379.17866237667874,-391.7786,12.599937623321239,1,5
md6n,2982,-379.5076608495417,-393.0516,13.5439391504583,1,1
md6n,2983,-382.2554530934136,-396.2508,13.995346906586406,1,6
md6n,2984,-382.62767257261146,-396.2967,13.669027427388528,1,1
md6n,2985,-382.54706703050886,-395.8746,13.32753296949113,1,7
md6n,2986,-381.6128502228635,-394.7792,13.166349777136475,1,3
md6n,2987,-377.8714780978359,-390.5838,12.712321902164092,1,5
md6n,2988,-379.0328679583411,-391.6946,12.661732041658865,1,2
md6n,2989,-381.4431803039966,-394.4291,12.985919696003407,1,7
md6n,2990,-379.2243425946641,-392.6456,13.421257405335894,1,4
md6n,2991,-378.4543608417519,-392.4213,13.966939158248067,1,1
md6n,2992,-382.6612267873255,-397.1901,14.528873212674455,1,3
md6n,2993,-384.4835076697467,-399.2495,14.765992330253312,1,5
md6n,2994,-381.7805667030704,-396.3969,14.61633329692961,1,8
md6n,2995,-381.17219262062713,-395.7171,14.544907379372887,1,2
md6n,2996,-379.3300861873333,-393.2887,13.958613812666727,1,0
md6n,2997,-380.0385895304949,-393.4642,13.425610469505102,1,4
md6n,2998,-381.9115537680126,-395.2158,13.304246231987406,1,2
md6n,2999,-379.09521421437535,-392.6583,13.56308578562465,1,3
md6n,3000,-376.6754917286857,-390.8069,14.131408271314285,1,9
md6n,3001,-381.0126425555181,-395.6989,14.686257444481896,1,4
md6n,3002,-385.4992079058321,-400.5233,15.024092094167884,1,1
md6n,3003,-381.7227441667263,-396.5973,14.874555833273746,1,3
md6n,3004,-379.25655331040826,-394.1777,14.921146689591751,1,6
md6n,3005,-379.3412502176749,-393.9572,14.615949782325117,1,5
md6n,3006,-379.916645512124,-393.8397,13.923054487876016,1,1
md6n,3007,-381.5977134266351,-395.3314,13.733686573364878,1,0
md6n,3008,-379.6977072732273,-393.7284,14.030692726772713,1,8
md6n,3009,-376.6019406540205,-391.1933,14.591359345979527,1,2
md6n,3010,-379.71694861233306,-394.8365,15.119551387666945,1,4
md6n,3011,-386.4305011444866,-402.0982,15.667698855513436,1,2
md6n,3012,-384.78688741933,-400.5929,15.806012580669972,1,8
md6n,3013,-379.7051614644452,-395.3529,15.647738535554765,1,7
md6n,3014,-380.05678669301693,-395.3296,15.272813306983096,1,4
md6n,3015,-381.2592684182576,-395.6245,14.365231581742421,1,2
md6n,3016,-382.91380458239246,-396.8103,13.896495417607525,1,1
md6n,3017,-381.16757540193703,-395.1589,13.991324598062988,1,2
md6n,3018,-376.5407803918997,-390.9045,14.363719608100268,1,4
md6n,3019,-377.56676865449936,-392.25,14.683231345500644,1,2
md6n,3020,-385.8077413951887,-400.8279,15.020158604811286,1,0
md6n,3021,-387.4648911385138,-402.6035,15.138608861486205,1,5
md6n,3022,-380.64000264464346,-395.636,14.995997355356565,1,2
md6n,3023,-379.552330148907,-394.5304,14.978069851092982,1,3
md6n,3024,-381.818229853328,-396.1378,14.31957014667205,1,9
md6n,3025,-383.4938528635087,-397.0413,13.547447136491257,1,7
md6n,3026,-381.970168849666,-395.2597,13.289531150334028,1,1
md6n,3027,-377.04809336142716,-390.5245,13.476406638572826,1,1
md6n,3028,-375.7787309929051,-389.5603,13.781569007094902,1,9
md6n,3029,-382.50535267587327,-396.6463,14.140947324126728,1,1
md6n,3030,-387.19478573414796,-401.7783,14.583514265852045,1,7
md6n,3031,-381.8598369038896,-396.5582,14.698363096110427,1,2
md6n,3032,-378.9665527014403,-393.6193,14.652747298559689,1,1
md6n,3033,-381.7592213229278,-395.7862,14.026978677072236,1,1
md6n,3034,-384.06305086924687,-397.0828,13.019749130753155,1,2
md6n,3035,-384.0440329237642,-396.6355,12.591467076235801,1,2
md6n,3036,-380.0183109173425,-392.731,12.712689082657505,1,4
md6n,3037,-376.67142860145844,-389.6567,12.985271398541556,1,3
md6n,3038,-381.0356646423411,-394.255,13.219335357658906,1,7
md6n,3039,-387.8894869948613,-401.4464,13.55691300513871,1,8
md6n,3040,-385.1237580052169,-398.7596,13.63584199478305,1,7
md6n,3041,-379.60532211341985,-393.1967,13.591377886580176,1,1
md6n,3042,-381.05892079048704,-394.4513,13.392379209512967,1,5
md6n,3043,-384.13781178323865,-396.868,12.730188216761348,1,1
md6n,3044,-385.17838463325677,-397.4981,12.319715366743253,1,6
md6n,3045,-381.7865682087343,-394.0988,12.312231791265674,1,4
md6n,3046,-377.4136204464808,-389.848,12.434379553519193,1,0
md6n,3047,-379.69880416066434,-392.2884,12.589595839335686,1,4
md6n,3048,-386.53614496297945,-399.4392,12.903055037020579,1,6
md6n,3049,-386.434809000594,-399.6557,13.220890999406038,1,4
md6n,3050,-381.0047189866476,-394.4405,13.435781013352369,1,0
md6n,3051,-380.42433498766474,-393.8213,13.396965012335272,1,9
md6n,3052,-382.6427340675802,-395.2595,12.61676593241981,1,8
md6n,3053,-384.33352587708896,-396.0228,11.689274122911058,1,2
md6n,3054,-382.8784713768083,-394.119,11.240528623191722,1,1
md6n,3055,-378.6385149463576,-389.9169,11.27838505364241,1,3
md6n,3056,-378.0831999718578,-389.6738,11.590600028142205,1,2
md6n,3057,-383.8205220193443,-395.9305,12.109977980655685,1,3
md6n,3058,-387.0132163431496,-399.6908,12.677583656850402,1,9
md6n,3059,-383.705413467454,-396.7677,13.062286532546011,1,0
md6n,3060,-381.56030818311365,-394.7629,13.202591816886354,1,8
md6n,3061,-382.937065123062,-395.7442,12.807134876937994,1,4
md6n,3062,-385.0614594400091,-397.1865,12.125040559990907,1,2
md6n,3063,-385.19016299595484,-396.9449,11.754737004045182,1,1
md6n,3064,-381.3277485844496,-393.0291,11.701351415550448,1,9
md6n,3065,-378.74642344846063,-390.6061,11.859676551539394,1,4
md6n,3066,-382.5701368081582,-394.8221,12.251963191841753,1,2
md6n,3067,-386.4416519972576,-399.1318,12.690148002742376,1,6
md6n,3068,-385.1405890785053,-398.174,13.033410921494692,1,1
md6n,3069,-382.7647508770547,-395.9567,13.191949122945289,1,4
md6n,3070,-382.581261933006,-395.4639,12.882638066994048,1,8
md6n,3071,-384.2263534441364,-396.3917,12.165346555863607,1,0
md6n,3072,-385.9846308165899,-397.596,11.61136918341009,1,7
md6n,3073,-383.60473890060524,-395.0216,11.416861099394737,1,9
md6n,3074,-379.87473286428525,-391.4923,11.61756713571475,1,8
md6n,3075,-381.2191818244693,-393.3691,12.149918175530729,1,4
md6n,3076,-384.7671083041343,-397.4931,12.72599169586573,1,0
md6n,3077,-385.4624151120143,-398.7518,13.289384887985705,1,6
md6n,3078,-383.7577754118836,-397.5494,13.791624588116406,1,4
md6n,3079,-382.02087479516894,-395.9187,13.897825204831065,1,8
md6n,3080,-382.31100090609374,-395.7551,13.444099093906289,1,2
md6n,3081,-385.0646446807562,-397.9037,12.839055319243812,1,4
md6n,3082,-385.2052251184269,-397.6213,12.416074881573138,1,4
md6n,3083,-381.7655999621084,-394.0766,12.311000037891574,1,0
md6n,3084,-381.2246901072101,-393.8279,12.603209892789891,1,4
md6n,3085,-384.1858382609849,-397.2169,13.031061739015115,1,5
md6n,3086,-386.2443716383177,-399.6721,13.427728361682284,1,1
md6n,3087,-386.43320508501716,-400.2588,13.825594914982844,1,9
md6n,3088,-384.4975406758585,-398.4257,13.928159324141518,1,1
md6n,3089,-382.56181100549384,-396.0958,13.53398899450616,1,0
md6n,3090,-384.527000387749,-397.5169,12.989899612251008,1,2
md6n,3091,-386.6831642808671,-399.3354,12.652235719132875,1,0
md6n,3092,-383.96546616163516,-396.5652,12.599733838364841,1,7
md6n,3093,-381.60829136269973,-394.6318,13.023508637300267,1,3
md6n,3094,-383.106157732699,-396.7473,13.641142267301007,1,1
md6n,3095,-385.37813236139084,-399.4495,14.07136763860916,1,3
md6n,3096,-387.40566988233303,-401.9041,14.498430117666999,1,1
md6n,3097,-386.2788677455684,-401.0239,14.745032254431635,1,9
md6n,3098,-382.9679831683221,-397.5155,14.547516831677854,1,1
md6n,3099,-383.57350270785804,-397.5722,13.99869729214197,1,3
md6n,3100,-386.79985604058055,-400.1161,13.316243959419467,1,8
md6n,3101,-385.3825707396247,-398.0359,12.653329260375301,1,6
md6n,3102,-382.15167737212465,-394.6038,12.452122627875326,1,5
md6n,3103,-382.27294995476234,-394.9839,12.710950045237666,1,1
md6n,3104,-383.8994646598406,-396.8933,12.993835340159421,1,2
md6n,3105,-386.7591551144358,-400.2245,13.46534488556415,1,1
md6n,3106,-387.5415157571859,-401.4774,13.935884242814097,1,0
md6n,3107,-384.2159229729317,-398.2051,13.989177027068308,1,9
md6n,3108,-382.78216678961337,-396.3155,13.533333210386616,1,7
md6n,3109,-386.629643325454,-399.5774,12.947756674545985,1,3
md6n,3110,-388.0368834462656,-400.5482,12.511316553734389,1,5
md6n,3111,-384.66566566503553,-397.1677,12.502034334964492,1,5
md6n,3112,-383.0397420744039,-396.0507,13.01095792559613,1,3
md6n,3113,-383.9346635782781,-397.3545,13.419836421721868,1,9
md6n,3114,-387.0881805702288,-400.8059,13.717719429771194,1,3
md6n,3115,-389.3702154392883,-403.362,13.991784560711721,1,0
md6n,3116,-386.2914154355232,-400.2463,13.9548845644768,1,0
md6n,3117,-383.05024157169197,-396.5732,13.522958428308016,1,6
md6n,3118,-386.05834567134525,-399.0024,12.944054328654772,1,7
md6n,3119,-388.96039054085577,-401.2923,12.331909459144242,1,2
md6n,3120,-386.2098736485569,-398.1299,11.920026351443141,1,0
md6n,3121,-383.9587059964143,-396.1157,12.15699400358568,1,2
md6n,3122,-384.0022853108796,-396.5723,12.570014689120399,1,9
md6n,3123,-386.314930117766,-399.2743,12.959369882234,1,3
md6n,3124,-389.4484596611213,-402.8947,13.446240338878681,1,0
md6n,3125,-387.86638772426846,-401.5738,13.707412275731542,1,4
md6n,3126,-383.79556908426764,-397.3118,13.516230915732365,1,8
md6n,3127,-384.62037513077684,-397.565,12.944624869223162,1,6
md6n,3128,-388.43388329540295,-400.7502,12.316316704597057,1,8
md6n,3129,-387.2176490609078,-399.0769,11.859250939092249,1,0
md6n,3130,-384.1369564870223,-396.1243,11.987343512977702,1,9
md6n,3131,-383.417754725866,-395.757,12.339245274133987,1,1
md6n,3132,-385.40205869026335,-397.9348,12.53274130973665,1,7
md6n,3133,-389.3113895143645,-402.1262,12.814810485635462,1,6
md6n,3134,-389.4808341570983,-402.5011,13.020265842901722,1,6
md6n,3135,-385.65985046585456,-398.57,12.910149534145432,1,4
md6n,3136,-384.95126429139276,-397.3872,12.435935708607246,1,6
md6n,3137,-388.94087748979723,-400.8626,11.921722510202756,1,1
md6n,3138,-389.15116613101213,-400.6022,11.45103386898785,1,5
md6n,3139,-385.6678512183522,-397.0629,11.395048781647802,1,1
md6n,3140,-384.2512072328255,-396.0718,11.820592767174503,1,5
md6n,3141,-385.32408618009777,-397.5977,12.27361381990221,1,3
md6n,3142,-388.5817428491409,-401.4176,12.835857150859113,1,3
md6n,3143,-389.74593642421024,-403.0986,13.352663575789734,1,0
md6n,3144,-386.9193389646482,-400.4657,13.546361035351822,1,5
md6n,3145,-385.226754986556,-398.5013,13.274545013444026,1,9
md6n,3146,-388.1659973938344,-400.955,12.789002606165582,1,3
md6n,3147,-389.5135939441356,-401.8049,12.291306055864368,1,9
md6n,3148,-386.563269082809,-398.6625,12.09923091719105,1,4
md6n,3149,-384.58162325076864,-396.9662,12.384576749231371,1,9
md6n,3150,-384.88003061119105,-397.535,12.65496938880898,1,4
md6n,3151,-387.48665632282984,-400.4357,12.949043677170152,1,0
md6n,3152,-389.16912734970117,-402.4744,13.305272650298832,1,9
md6n,3153,-387.27722737035486,-400.7912,13.513972629645139,1,6
md6n,3154,-385.2662291306406,-398.6424,13.376170869359385,1,0
md6n,3155,-387.12933518615665,-400.1188,12.98946481384337,1,7
md6n,3156,-389.4291147829618,-402.0545,12.625385217038229,1,8
md6n,3157,-387.2447531003443,-399.5861,12.341346899655662,1,4
md6n,3158,-385.1172802195061,-397.579,12.461719780493922,1,0
md6n,3159,-385.3339813853686,-398.0989,12.764918614631426,1,1
md6n,3160,-387.3557345189509,-400.5489,13.193165481049107,1,5
md6n,3161,-389.1014077255761,-402.8391,13.737692274423864,1,6
md6n,3162,-388.22466142117815,-402.3493,14.124638578821873,1,2
md6n,3163,-386.62067181497963,-400.7717,14.15102818502038,1,7
md6n,3164,-387.34776514204947,-401.1388,13.791034857950535,1,7
md6n,3165,-389.4324136029592,-402.8285,13.396086397040847,1,6
md6n,3166,-387.82631744571034,-400.8821,13.055782554289635,1,4
md6n,3167,-385.53670727599956,-398.6492,13.112492724000447,1,1
md6n,3168,-385.50713712223285,-398.9339,13.426762877767146,1,8
md6n,3169,-386.96479704401725,-400.773,13.808202955982779,1,1
md6n,3170,-388.2607896819424,-402.5705,14.309710318057569,1,3
md6n,3171,-387.7821507818186,-402.5365,14.754349218181403,1,3
md6n,3172,-386.99043208252704,-401.9504,14.959967917472966,1,4
md6n,3173,-387.4484648093181,-402.2259,14.7774351906819,1,5
md6n,3174,-388.9655373778067,-403.5144,14.548862622193326,1,3
md6n,3175,-387.7042780458293,-402.0041,14.299821954170682,1,9
md6n,3176,-385.4109975701348,-399.5628,14.1518024298652,1,8
md6n,3177,-385.389979122669,-399.5733,14.183320877331028,1,7
md6n,3178,-386.5024100254418,-400.8642,14.361789974558178,1,7
md6n,3179,-387.1640415091744,-401.9447,14.780658490825601,1,7
md6n,3180,-386.7461926403344,-401.9474,15.201207359665602,1,8
md6n,3181,-386.84609976243644,-402.2625,15.41640023756355,1,4
md6n,3182,-387.68523813744355,-402.9463,15.26106186255646,1,0
md6n,3183,-388.82597162377624,-403.7905,14.964528376223768,1,2
md6n,3184,-388.08627162086464,-402.7559,14.66962837913536,1,3
md6n,3185,-385.96699464806767,-400.3931,14.426105351932335,1,3
md6n,3186,-386.08094607148473,-400.4873,14.406353928515273,1,8
md6n,3187,-387.37648376462,-401.9156,14.539116235379993,1,5
md6n,3188,-387.65664752684336,-402.5449,14.888252473156626,1,1
md6n,3189,-386.49220043770407,-401.7969,15.304699562295923,1,6
md6n,3190,-386.55206112666116,-402.1768,15.624738873338856,1,9
md6n,3191,-388.13779144693393,-403.7512,15.613408553066051,1,4
md6n,3192,-389.1205147775352,-404.498,15.37748522246477,1,2
md6n,3193,-387.9893301110495,-403.1689,15.179569888950482,1,2
md6n,3194,-385.5948805905764,-400.5227,14.927819409423591,1,8
md6n,3195,-386.02043277218064,-400.7755,14.755067227819382,1,2
md6n,3196,-387.7878724181287,-402.5117,14.72382758187132,1,1
md6n,3197,-387.6447424071817,-402.6574,15.0126575928183,1,7
md6n,3198,-385.6557333727673,-401.1156,15.459866627232657,1,0
md6n,3199,-385.6828907505605,-401.456,15.773109249439528,1,0
md6n,3200,-388.1025862533201,-403.8304,15.727813746679885,1,6
md6n,3201,-389.0495251987102,-404.4386,15.38907480128978,1,3
md6n,3202,-387.52650069789416,-402.5856,15.059099302105835,1,6
md6n,3203,-385.02244212322444,-399.6671,14.644657876775568,1,9
md6n,3204,-385.38138851087416,-399.6241,14.242711489125838,1,0
md6n,3205,-387.640879455525,-401.623,13.98212054447498,1,0
md6n,3206,-387.9801069690153,-402.0162,14.036093030984716,1,0
md6n,3207,-385.63355654182146,-399.9352,14.301643458178546,1,0
md6n,3208,-384.7881192215597,-399.3115,14.523380778440298,1,4
md6n,3209,-387.87606832110595,-402.4699,14.593831678894048,1,2
md6n,3210,-390.1023972447829,-404.533,14.430602755217137,1,0
md6n,3211,-388.71562587278316,-403.0515,14.335874127216812,1,2
md6n,3212,-385.31434785252276,-399.4765,14.16215214747723,1,8
md6n,3213,-385.0182691816244,-398.8421,13.823830818375598,1,4
md6n,3214,-388.1287665981029,-401.6302,13.501433401897089,1,3
md6n,3215,-389.1160249434548,-402.6067,13.490675056545172,1,0
md6n,3216,-385.9800098330224,-399.8443,13.864290166977582,1,5
md6n,3217,-383.7627440361671,-398.0266,14.263855963832896,1,0
md6n,3218,-387.0062610222424,-401.4443,14.438038977757572,1,8
md6n,3219,-390.3251450969796,-404.5585,14.23335490302037,1,7
md6n,3220,-389.0001301215742,-402.9236,13.923469878425806,1,7
md6n,3221,-385.09865948779037,-398.6702,13.571540512209651,1,7
md6n,3222,-384.3531004240479,-397.4702,13.117099575952068,1,4
md6n,3223,-387.702554903472,-400.4256,12.723045096527983,1,5
md6n,3224,-389.33757613418095,-401.9494,12.611823865819076,1,9
md6n,3225,-386.30909427470226,-399.1808,12.871705725297716,1,9
md6n,3226,-383.04400349469165,-396.2096,13.165596505308372,1,5
md6n,3227,-385.49534871933827,-398.7953,13.29995128066173,1,8
md6n,3228,-389.77197557916674,-402.9778,13.205824420833267,1,3
md6n,3229,-389.38471029272694,-402.5199,13.13518970727307,1,5
md6n,3230,-385.24853962376176,-398.3918,13.143260376238231,1,7
md6n,3231,-383.21805531591895,-396.0694,12.851344684081027,1,3
md6n,3232,-386.5814235745316,-398.8645,12.283076425468437,1,5
md6n,3233,-389.90482446627914,-401.7276,11.822775533720858,1,4
md6n,3234,-387.7143621316102,-399.5666,11.852237868389807,1,5
md6n,3235,-383.2104994680147,-395.3568,12.146300531985332,1,7
md6n,3236,-384.4190140743728,-396.8053,12.386285925627192,1,5
md6n,3237,-389.757780675475,-402.1836,12.425819324525037,1,1
md6n,3238,-390.71602672368584,-403.0551,12.339073276314139,1,6
md6n,3239,-386.35518425680726,-398.6048,12.249615743192749,1,9
md6n,3240,-383.0208584159252,-394.9434,11.922541584074793,1,4
md6n,3241,-385.7123912507404,-397.1796,11.467208749259612,1,4
md6n,3242,-389.91148234745293,-401.1683,11.256817652547056,1,8
md6n,3243,-388.4512377119185,-399.9704,11.519162288081475,1,4
md6n,3244,-383.3248681855917,-395.4124,12.087531814408294,1,5
md6n,3245,-383.1404003258798,-395.769,12.62859967412021,1,5
md6n,3246,-388.50549410912134,-401.4287,12.923205890878648,1,5
md6n,3247,-390.6920583516599,-403.6695,12.977441648340118,1,9
md6n,3248,-386.8862949154481,-399.9052,13.018905084551875,1,3
md6n,3249,-382.79167795868784,-395.6852,12.893522041312167,1,8
md6n,3250,-384.0377885717302,-396.4097,12.371911428269811,1,6
md6n,3251,-388.8005392708505,-400.5534,11.752860729149518,1,2
md6n,3252,-388.86138075798084,-400.347,11.48561924201914,1,5
md6n,3253,-383.6293222323483,-395.3115,11.682177767651751,1,3
md6n,3254,-381.86097395196987,-393.8478,11.986826048030139,1,6
md6n,3255,-386.86724810452534,-399.019,12.15175189547466,1,9
md6n,3256,-390.5364339891147,-402.7506,12.214166010885322,1,0
md6n,3257,-387.81781531274584,-400.179,12.361184687254138,1,3
md6n,3258,-383.4912681499014,-395.9308,12.439531850098604,1,5
md6n,3259,-383.29003887063055,-395.3594,12.06936112936944,1,6
md6n,3260,-387.88288245218683,-399.5482,11.665317547813174,1,3
md6n,3261,-389.6503503360716,-401.3431,11.692749663928396,1,7
md6n,3262,-384.8953675831327,-397.0163,12.120932416867277,1,5
md6n,3263,-381.55782763606345,-394.2394,12.681572363936539,1,5
md6n,3264,-385.49898200233827,-398.6446,13.145617997661759,1,5
md6n,3265,-390.0402229265252,-403.4909,13.450677073474822,1,1
md6n,3266,-388.3739673855791,-401.9738,13.599832614420905,1,1
md6n,3267,-384.0300877689794,-397.6417,13.611612231020615,1,7
md6n,3268,-382.6331708152985,-395.8298,13.196629184701465,1,8
md6n,3269,-386.32588832486414,-398.9064,12.580511675135881,1,3
md6n,3270,-389.3629363232211,-401.653,12.290063676778914,1,3
md6n,3271,-385.3103430836791,-397.7384,12.42805691632094,1,7
md6n,3272,-380.9163624412397,-393.8177,12.901337558760304,1,1
md6n,3273,-383.8659964140861,-397.2563,13.390303585913898,1,0
md6n,3274,-388.7979489095702,-402.4855,13.687551090429793,1,1
md6n,3275,-388.0824921281541,-401.9466,13.864107871845874,1,3
md6n,3276,-384.2209894887387,-398.2972,14.076210511261252,1,3
md6n,3277,-382.59277674143766,-396.6017,14.008923258562334,1,8
md6n,3278,-384.4837599286672,-397.9667,13.482940071332791,1,7
md6n,3279,-388.0176421071599,-401.2155,13.197857892840148,1,0
md6n,3280,-385.67701286434334,-398.8962,13.219187135656682,1,0
md6n,3281,-380.9296744382818,-394.3344,13.404725561718237,1,0
md6n,3282,-382.5465719252183,-396.1273,13.580728074781689,1,5
md6n,3283,-387.43527392156676,-401.1156,13.680326078433211,1,4
md6n,3284,-387.85842399489735,-401.6375,13.779076005102638,1,7
md6n,3285,-384.80111871864494,-398.6925,13.891381281355052,1,3
md6n,3286,-383.50977341971395,-397.3074,13.797626580286021,1,0
md6n,3287,-383.974769624956,-397.0842,13.109430375043985,1,0
md6n,3288,-387.2804810098247,-399.8901,12.609618990175306,1,5
md6n,3289,-386.65552309298664,-399.1999,12.544376907013373,1,0
md6n,3290,-381.4009156230611,-394.1606,12.759684376938878,1,4
md6n,3291,-381.48824054209524,-394.7845,13.296259457904739,1,0
md6n,3292,-386.3696941704693,-400.2625,13.892805829530687,1,6
md6n,3293,-387.38985976786125,-401.7569,14.36704023213872,1,7
md6n,3294,-384.30680148118256,-398.9296,14.622798518817433,1,5
md6n,3295,-383.4741164189698,-398.1245,14.650383581030212,1,7
md6n,3296,-383.96707133221867,-398.0637,14.096628667781317,1,0
md6n,3297,-385.9588401555338,-399.4875,13.528659844466233,1,8
md6n,3298,-386.0422199193998,-399.4386,13.396380080600181,1,1
md6n,3299,-381.35566713195584,-394.6891,13.333432868044156,1,7
md6n,3300,-380.87061319717094,-394.3051,13.434486802829042,1,5
md6n,3301,-385.3135484046765,-398.8192,13.505651595323513,1,5
md6n,3302,-386.3453417623897,-399.8689,13.523558237610303,1,5
md6n,3303,-383.4442161950094,-396.9211,13.47688380499062,1,1
md6n,3304,-383.3972564842533,-396.8431,13.445843515746674,1,3
md6n,3305,-384.64747603269655,-397.6854,13.03792396730347,1,2
md6n,3306,-385.0215221934482,-397.3695,12.347977806551796,1,7
md6n,3307,-385.79284681782696,-397.9284,12.135553182173055,1,7
md6n,3308,-382.21326810611873,-394.2706,12.057331893881269,1,5
md6n,3309,-380.4104419163726,-392.5771,12.166658083627397,1,1
md6n,3310,-384.51792345571073,-397.0458,12.527876544289256,1,3
md6n,3311,-386.3749796872331,-399.3544,12.979420312766877,1,8
md6n,3312,-383.3141565898838,-396.73,13.415843410116224,1,4
md6n,3313,-382.592763563867,-396.2282,13.635436436133034,1,1
md6n,3314,-384.9654435073578,-398.3075,13.3420564926422,1,4
md6n,3315,-385.28952606693326,-397.798,12.508473933066739,1,6
md6n,3316,-385.50322522488574,-397.664,12.160774775114248,1,2
md6n,3317,-382.3915851127967,-394.4727,12.081114887203285,1,7
md6n,3318,-379.9782218133981,-392.0672,12.088978186601935,1,0
md6n,3319,-384.0005784837524,-396.4103,12.4097215162476,1,8
md6n,3320,-386.147486604376,-398.962,12.814513395623976,1,7
md6n,3321,-382.541720645348,-395.6906,13.148879354652024,1,4
md6n,3322,-381.1379788928864,-394.4398,13.301821107113597,1,4
md6n,3323,-384.7125337594444,-397.9315,13.21896624055563,1,4
md6n,3324,-385.7005495094892,-398.4362,12.735650490510807,1,5
md6n,3325,-384.7939161588442,-397.3278,12.533883841155841,1,3
md6n,3326,-382.1696072153601,-394.7321,12.562492784639915,1,7
md6n,3327,-379.53883931140876,-391.9221,12.383260688591236,1,2
md6n,3328,-383.2476675128391,-395.6261,12.378432487160921,1,7
md6n,3329,-386.3360985401052,-398.8399,12.503801459894817,1,5
md6n,3330,-382.86212976142286,-395.6126,12.750470238577122,1,9
md6n,3331,-379.94417186589016,-392.9122,12.96802813410983,1,6
md6n,3332,-383.56453935507005,-396.5451,12.980560644929938,1,0
md6n,3333,-386.43864057665445,-398.9507,12.512059423345534,1,6
md6n,3334,-385.3673184816359,-397.4243,12.056981518364125,1,0
md6n,3335,-382.66658321268284,-394.6842,12.017616787317138,1,4
md6n,3336,-379.3573351814736,-391.1851,11.827764818526362,1,8
md6n,3337,-382.38110695090836,-394.2072,11.82609304909164,1,5
md6n,3338,-386.742248112527,-398.9094,12.167151887472983,1,5
md6n,3339,-383.88232736177173,-396.6627,12.780372638228243,1,8
md6n,3340,-379.31912296006556,-392.7423,13.423177039934444,1,9
md6n,3341,-381.79391007570865,-395.581,13.787089924291365,1,8
md6n,3342,-386.1119005122253,-399.72,13.608099487774723,1,3
md6n,3343,-385.8548040176379,-399.0887,13.233895982362128,1,3
md6n,3344,-382.9651455681482,-396.256,13.290854431851756,1,1
md6n,3345,-378.8527838834997,-392.135,13.282216116500308,1,4
md6n,3346,-380.7994127749328,-394.1288,13.329387225067194,1,7
md6n,3347,-386.19438042670816,-399.795,13.600619573291851,1,5
md6n,3348,-384.546643333288,-398.536,13.989356666712013,1,0
md6n,3349,-378.95484524747843,-393.3476,14.392754752521569,1,5
md6n,3350,-379.6729419635113,-394.2496,14.576658036488709,1,9
md6n,3351,-384.94023392055175,-399.318,14.377766079448236,1,1
md6n,3352,-386.3298592080981,-400.3459,14.016040791901844,1,6
md6n,3353,-383.488118049628,-397.5524,14.064281950371992,1,4
md6n,3354,-378.6775466958623,-392.6767,13.999153304137678,1,8
md6n,3355,-379.3009803909069,-392.9664,13.665419609093135,1,2
md6n,3356,-385.6994325416592,-399.196,13.496567458340849,1,5
md6n,3357,-385.999531041482,-399.6268,13.627268958518016,1,6
md6n,3358,-379.9993475650805,-394.1255,14.126152434919504,1,9
md6n,3359,-378.2569499608282,-392.8603,14.6033500391718,1,2
md6n,3360,-383.2094333285279,-397.9518,14.742366671472098,1,6
md6n,3361,-386.29513217718403,-400.7666,14.471467822815953,1,3
md6n,3362,-384.6321892615947,-398.9631,14.330910738405294,1,1
md6n,3363,-379.6684264015076,-393.9282,14.259773598492416,1,9
md6n,3364,-377.7889605328659,-391.8426,14.053639467134133,1,2
md6n,3365,-383.9404335327752,-398.1389,14.198466467224762,1,4
md6n,3366,-386.8540057609274,-401.4736,14.619594239072569,1,9
md6n,3367,-381.83364400903946,-397.1882,15.354555990960534,1,9
md6n,3368,-377.579089185811,-393.5755,15.996410814189005,1,5
md6n,3369,-380.67776305877845,-396.8012,16.12343694122154,1,1
md6n,3370,-385.23614002617023,-400.8209,15.584759973829762,1,8
md6n,3371,-385.67073274433227,-400.7859,15.115167255667757,1,0
md6n,3372,-380.8878439942398,-395.8744,14.986556005760178,1,4
md6n,3373,-376.45425743058263,-391.1174,14.663142569417346,1,2
md6n,3374,-381.58072547593633,-395.9871,14.406374524063665,1,7
md6n,3375,-386.855679330091,-401.0915,14.235820669909003,1,6
md6n,3376,-383.6410033310262,-398.0592,14.418196668973792,1,2
md6n,3377,-378.30136260846405,-393.1386,14.83723739153595,1,1
md6n,3378,-379.36200573837766,-394.4405,15.078494261622325,1,2
md6n,3379,-384.0229247423186,-398.9497,14.926775257681413,1,6
md6n,3380,-385.9257628485127,-400.618,14.69223715148729,1,4
md6n,3381,-382.8802189922249,-397.5076,14.627381007775114,1,0
md6n,3382,-377.2719719866705,-391.4734,14.201428013329519,1,8
md6n,3383,-379.25522047913825,-392.9959,13.740679520861761,1,0
md6n,3384,-385.8084479713957,-399.3766,13.568152028604288,1,9
md6n,3385,-385.5578317726753,-399.3529,13.795068227324691,1,3
md6n,3386,-380.0653101612385,-394.4958,14.430489838761503,1,6
md6n,3387,-378.0405575299023,-392.9532,14.912642470097694,1,1
md6n,3388,-381.7077535802084,-396.4903,14.782546419791572,1,5
md6n,3389,-385.5760088548043,-399.7015,14.125491145195724,1,0
md6n,3390,-385.0785772851883,-398.7263,13.647722714811664,1,3
md6n,3391,-378.5941405767123,-391.7586,13.164459423287724,1,1
md6n,3392,-376.70953791117347,-389.4574,12.747862088826537,1,0
md6n,3393,-383.7441741326519,-396.4604,12.7162258673481,1,6
md6n,3394,-386.65216842447643,-399.6407,12.988531575523552,1,0
md6n,3395,-382.06924452096484,-395.8111,13.741855479035166,1,5
md6n,3396,-377.7604715789521,-392.2213,14.460828421047893,1,5
md6n,3397,-379.746853228817,-394.3754,14.62854677118304,1,5
md6n,3398,-384.19468301449564,-398.3561,14.161416985504388,1,6
md6n,3399,-385.58287757924853,-399.3152,13.732322420751473,1,1
md6n,3400,-380.64049586742385,-394.0619,13.421404132576129,1,5
md6n,3401,-376.11593478650246,-389.0614,12.945465213497528,1,3
md6n,3402,-380.7816002761105,-393.3335,12.551899723889505,1,8
md6n,3403,-386.09668276720686,-398.3214,12.224717232793125,1,0
md6n,3404,-384.23564937727417,-396.4387,12.203050622725812,1,1
md6n,3405,-379.3926376391076,-391.8118,12.419162360892415,1,7
md6n,3406,-378.75319867404755,-391.1639,12.41070132595246,1,5
md6n,3407,-382.5789269683056,-394.5711,11.992173031694392,1,5
md6n,3408,-385.96842850837805,-397.5662,11.597771491621927,1,3
md6n,3409,-383.5509556460752,-395.0309,11.479944353924793,1,6
md6n,3410,-377.0027595290083,-388.1733,11.170540470991682,1,2
md6n,3411,-377.63191925274384,-388.4763,10.844380747256139,1,4
md6n,3412,-384.58333321555534,-395.4477,10.864366784444655,1,5
md6n,3413,-385.84210007777597,-397.2496,11.40749992222402,1,9
md6n,3414,-380.64094328203066,-393.0481,12.407156717969315,1,5
md6n,3415,-377.4352494611402,-390.6413,13.206050538859813,1,2
md6n,3416,-380.4512946999008,-393.7227,13.271405300099161,1,3
md6n,3417,-385.09651152109,-397.7691,12.672588478909972,1,7
md6n,3418,-384.9796346460294,-396.94,11.960365353970587,1,9
md6n,3419,-378.87923342993645,-390.1464,11.26716657006358,1,3
md6n,3420,-376.04017675924996,-386.7966,10.756423240750053,1,1
md6n,3421,-381.8487180542181,-392.5496,10.700881945781873,1,7
md6n,3422,-385.56725634528675,-396.4546,10.887343654713277,1,8
md6n,3423,-382.0411621935112,-393.3924,11.351237806488825,1,7
md6n,3424,-377.90909104725364,-389.7229,11.813808952746342,1,1
md6n,3425,-379.2027995488217,-391.0169,11.81410045117832,1,7
md6n,3426,-383.56728722126417,-394.9469,11.379612778735861,1,1
md6n,3427,-385.3032930087652,-396.4025,11.09920699123478,1,9
md6n,3428,-381.6600728603826,-392.8848,11.224727139617357,1,8
md6n,3429,-376.5976560158229,-387.7698,11.172143984177069,1,2
md6n,3430,-378.91485215254744,-389.8648,10.949947847452563,1,3
md6n,3431,-384.80111683613484,-395.7528,10.951683163865141,1,7
md6n,3432,-383.7908075383771,-395.0703,11.279492461622851,1,1
md6n,3433,-378.9659772748632,-390.8405,11.874522725136842,1,0
md6n,3434,-378.2757363551441,-390.4678,12.19206364485592,1,7
md6n,3435,-382.0441020778748,-394.0645,12.020397922125198,1,2
md6n,3436,-384.878724762851,-396.4476,11.56887523714903,1,2
md6n,3437,-383.20227594954,-394.2721,11.06982405046,1,3
md6n,3438,-378.1227123940757,-388.5049,10.382187605924344,1,9
md6n,3439,-377.06017104636874,-386.9006,9.84042895363126,1,5
md6n,3440,-383.1219283140308,-393.3229,10.200971685969193,1,1
md6n,3441,-384.1793466700573,-395.2163,11.036953329942662,1,4
md6n,3442,-379.50276689915734,-391.6342,12.131433100842685,1,9
md6n,3443,-377.73690732337286,-390.7733,13.036392676627145,1,3
md6n,3444,-380.828561242016,-394.0754,13.246838757983994,1,0
md6n,3445,-383.6731067426964,-396.4913,12.81819325730362,1,2
md6n,3446,-383.360661983496,-395.7256,12.36493801650397,1,4
md6n,3447,-380.22320736508027,-392.4893,12.266092634919744,1,4
md6n,3448,-376.91131186921393,-389.0349,12.123588130786061,1,4
md6n,3449,-380.4515720592412,-392.7019,12.250327940758837,1,6
md6n,3450,-383.2405509219979,-395.6995,12.458949078002092,1,2
md6n,3451,-380.2131326919926,-392.9285,12.715367308007387,1,4
md6n,3452,-378.46624462615654,-391.4435,12.977255373843434,1,6
md6n,3453,-380.6108717479398,-393.4542,12.84332825206019,1,5
md6n,3454,-382.4543624682076,-394.8764,12.422037531792398,1,7
md6n,3455,-382.5498851779358,-394.6617,12.111814822064218,1,8
md6n,3456,-382.1603401476624,-394.2249,12.064559852337595,1,4
md6n,3457,-379.17901252726546,-390.8451,11.666087472734546,1,2
md6n,3458,-379.30469838771705,-390.7759,11.471201612282925,1,1
md6n,3459,-382.42277110484673,-394.397,11.97422889515326,1,1
md6n,3460,-380.4017521579048,-392.963,12.561247842095213,1,6
md6n,3461,-378.48442547330575,-391.737,13.252574526694275,1,4
md6n,3462,-380.3534313777993,-394.1317,13.778268622200699,1,0
md6n,3463,-381.78374755129397,-395.7605,13.976752448706009,1,9
md6n,3464,-380.96021786003865,-394.7438,13.783582139961368,1,5
md6n,3465,-381.01777370474224,-394.4049,13.387126295257758,1,8
md6n,3466,-380.4114835829428,-393.1869,12.775416417057158,1,7
md6n,3467,-379.5250623293803,-391.8294,12.304337670619702,1,0
md6n,3468,-381.54198049846514,-394.2131,12.67111950153486,1,3
md6n,3469,-379.55902944573086,-392.7266,13.167570554269162,1,3
md6n,3470,-377.8791638403633,-391.6217,13.7425361596367,1,5
md6n,3471,-380.75320921372025,-394.899,14.145790786279747,1,7
md6n,3472,-382.3537814003588,-396.4174,14.063618599641188,1,1
md6n,3473,-379.8121613321179,-393.4412,13.629038667882071,1,6
md6n,3474,-379.265579414246,-392.5425,13.276920585753999,1,2
md6n,3475,-381.7635310616879,-394.9023,13.138768938312126,1,0
md6n,3476,-381.15960790754576,-394.1037,12.944092092454241,1,3
md6n,3477,-380.817181975595,-394.2139,13.396718024405004,1,3
md6n,3478,-378.7167014373104,-392.6534,13.936698562689571,1,9
md6n,3479,-377.38785676835465,-391.4607,14.072843231645322,1,4
md6n,3480,-381.3250226810159,-395.2707,13.945677318984053,1,4
md6n,3481,-383.63861502796925,-397.3311,13.69248497203074,1,3
md6n,3482,-379.6433705547378,-393.1824,13.539029445262145,1,7
md6n,3483,-376.96375036991003,-390.4074,13.443649630089965,1,2
md6n,3484,-380.8995639984116,-394.1377,13.238136001588373,1,1
md6n,3485,-382.7543706066899,-395.3627,12.6083293933101,1,6
md6n,3486,-381.6038912625991,-394.0264,12.422508737400904,1,9
md6n,3487,-378.33136260660075,-391.1179,12.786537393399271,1,1
md6n,3488,-375.0501216017281,-388.0952,13.045078398271869,1,5
md6n,3489,-379.6184125994916,-393.0958,13.477387400508405,1,0
md6n,3490,-384.6374879560718,-398.5864,13.948912043928203,1,1
md6n,3491,-380.7411258811057,-395.1178,14.3766741188943,1,9
md6n,3492,-374.28892122377357,-388.6907,14.401778776226422,1,5
md6n,3493,-376.9797104591126,-390.934,13.95428954088743,1,4
md6n,3494,-383.1133069541431,-396.1866,13.073293045856872,1,5
md6n,3495,-383.6207673885305,-396.2907,12.669932611469505,1,8
md6n,3496,-378.7947461110762,-392.1635,13.368753888923777,1,8
md6n,3497,-372.74361886282867,-386.7555,14.011881137171315,1,3
md6n,3498,-377.03027521493186,-391.253,14.222724785068124,1,7
md6n,3499,-385.41544724357186,-399.3765,13.96105275642816,1,6
md6n,3500,-383.1671736676193,-396.7607,13.59352633238069,1,0
md6n,3501,-373.540777446281,-386.8367,13.295922553718981,1,4
md6n,3502,-373.5739614301581,-386.6749,13.100938569841901,1,9
md6n,3503,-382.15934366176236,-394.9994,12.840056338237616,1,1
md6n,3504,-384.724692393176,-397.3001,12.575407606824001,1,8
md6n,3505,-380.058913951821,-393.0236,12.964686048178976,1,6
md6n,3506,-372.285932521604,-385.3732,13.087267478395972,1,5
md6n,3507,-373.8673386703966,-386.5743,12.706961329603416,1,4
md6n,3508,-385.0327546225126,-397.4773,12.44454537748743,1,8
md6n,3509,-386.4138915823112,-398.9936,12.579708417688835,1,2
md6n,3510,-374.7875977731899,-387.9232,13.135602226810136,1,5
md6n,3511,-369.16720091895104,-382.6583,13.491099081048958,1,2
md6n,3512,-378.01291383186566,-391.1669,13.153986168134338,1,0
md6n,3513,-385.0611839630361,-397.203,12.14181603696386,1,5
md6n,3514,-382.2289476984641,-394.2234,11.994452301535944,1,0
md6n,3515,-372.04823800869565,-384.6532,12.604961991304378,1,7
md6n,3516,-368.60002161293625,-381.5914,12.991378387063776,1,1
md6n,3517,-381.31777933321115,-394.6448,13.327020666788826,1,8
md6n,3518,-388.55107580793714,-402.1338,13.58272419206287,1,4
md6n,3519,-377.9578027660925,-391.974,14.016197233907462,1,1
md6n,3520,-366.51011524569606,-380.553,14.042884754303941,1,3
md6n,3521,-372.92571410721035,-386.4041,13.478385892789674,1,6
md6n,3522,-383.9211106173761,-396.4518,12.530689382623905,1,9
md6n,3523,-383.8831669701186,-396.269,12.385833029881383,1,4
md6n,3524,-373.8272677643351,-387.0891,13.261832235664883,1,3
md6n,3525,-365.6239167582533,-379.2042,13.580283241746713,1,3
md6n,3526,-375.6911920927983,-389.0653,13.374107907201676,1,5
md6n,3527,-389.3691091391582,-402.4478,13.078690860841789,1,6
md6n,3528,-382.9256061630004,-396.0157,13.090093836999586,1,9
md6n,3529,-366.98160931689927,-380.2788,13.297190683100723,1,4
md6n,3530,-368.0642849504155,-381.4978,13.433515049584457,1,5
md6n,3531,-380.91186884199647,-394.0094,13.097531158003562,1,3
md6n,3532,-384.6701962872626,-397.3636,12.693403712737393,1,9
md6n,3533,-376.6050643988672,-389.7664,13.161335601132748,1,6
md6n,3534,-365.50505506907905,-378.9703,13.46524493092096,1,9
md6n,3535,-368.9607676993524,-382.0221,13.06133230064762,1,1
md6n,3536,-386.4044268489137,-399.2625,12.858073151086273,1,7
md6n,3537,-387.1786160563963,-400.3162,13.137583943603659,1,8
md6n,3538,-369.8569781088331,-383.8239,13.966921891166862,1,6
md6n,3539,-362.96170621080785,-377.3674,14.405693789192128,1,2
md6n,3540,-375.1130533246787,-388.9486,13.835546675321325,1,5
md6n,3541,-383.7563340213902,-396.5099,12.7535659786098,1,1
md6n,3542,-378.9101006468534,-391.5906,12.680499353146615,1,4
md6n,3543,-367.2396746869534,-380.6309,13.391225313046618,1,6
md6n,3544,-363.81289215030966,-377.4138,13.600907849690316,1,5
md6n,3545,-379.8490131118226,-393.7635,13.914486888177407,1,1
md6n,3546,-389.69569985621723,-404.2126,14.516900143782777,1,1
md6n,3547,-375.99002427756375,-391.1964,15.206375722436235,1,9
md6n,3548,-362.33659580894016,-377.7253,15.388704191059844,1,3
md6n,3549,-370.25631543268423,-385.1696,14.91328456731577,1,2
md6n,3550,-381.95222457371045,-396.0164,14.064175426289523,1,9
md6n,3551,-380.2042151473782,-393.9892,13.78498485262179,1,0
md6n,3552,-369.9284502427387,-384.3192,14.390749757261347,1,5
md6n,3553,-363.81634659285345,-378.5824,14.766053407146558,1,6
md6n,3554,-372.6654618648193,-387.0006,14.335138135180728,1,3
md6n,3555,-388.31203779620154,-402.4756,14.163562203798449,1,2
md6n,3556,-382.1005622901481,-396.3002,14.199637709851913,1,9
md6n,3557,-365.5041194517187,-379.9796,14.475480548281325,1,3
md6n,3558,-367.2231159531212,-381.8166,14.593484046878814,1,7
md6n,3559,-379.2738619187503,-393.3708,14.096938081249675,1,0
md6n,3560,-380.59916931386215,-394.1721,13.572930686137852,1,8
md6n,3561,-371.83422133061674,-385.3598,13.525578669383265,1,8
md6n,3562,-365.3949302015529,-378.9674,13.572469798447116,1,9
md6n,3563,-367.4125562019941,-380.3261,12.91354379800589,1,7
md6n,3564,-381.8839753310392,-394.9864,13.102424668960793,1,2
md6n,3565,-385.1882421878977,-399.6231,14.434857812102337,1,0
md6n,3566,-369.9667214501764,-385.804,15.837278549823566,1,0
md6n,3567,-364.0271046114356,-380.4747,16.447595388564366,1,0
md6n,3568,-374.72252122105573,-390.4605,15.737978778944296,1,4
md6n,3569,-380.7193895622297,-395.1681,14.448710437770274,1,1
md6n,3570,-374.23123611195024,-387.8019,13.57066388804975,1,7
md6n,3571,-367.18499785807376,-380.709,13.524002141926246,1,1
md6n,3572,-367.0253448814143,-380.7003,13.674955118585729,1,8
md6n,3573,-375.4812736825631,-389.2925,13.811226317436933,1,8
md6n,3574,-384.9394263151617,-399.5896,14.650173684838308,1,2
md6n,3575,-375.74417715477415,-390.7189,14.97472284522587,1,0
md6n,3576,-366.01421229053983,-380.7839,14.769687709460186,1,8
md6n,3577,-372.8343022153931,-386.9192,14.08489778460688,1,4
md6n,3578,-380.09985019429536,-393.337,13.237149805704632,1,0
md6n,3579,-375.2918535139405,-388.1394,12.847546486059514,1,4
md6n,3580,-368.5534384080508,-381.4176,12.864161591949198,1,1
md6n,3581,-370.00077265283375,-383.0551,13.054327347166236,1,2
md6n,3582,-373.11392255399625,-385.5572,12.443277446003776,1,1
md6n,3583,-380.70579267552154,-393.2455,12.539707324478456,1,5
md6n,3584,-379.5196004823165,-392.7931,13.27349951768349,1,6
md6n,3585,-369.91363410415346,-383.7091,13.795465895846519,1,5
md6n,3586,-371.3875176695495,-385.423,14.03548233045052,1,0
md6n,3587,-378.17302865585197,-391.7174,13.544371344148033,1,4
md6n,3588,-376.37141356029645,-389.1054,12.733986439703529,1,1
md6n,3589,-369.2843062076616,-381.01,11.725693792338404,1,0
md6n,3590,-369.46259058387926,-380.4859,11.023309416120753,1,3
md6n,3591,-372.431841146838,-382.8934,10.46155885316199,1,0
md6n,3592,-376.3627125067681,-387.1671,10.8043874932319,1,2
md6n,3593,-379.8157136661852,-392.3177,12.501986333814784,1,8
md6n,3594,-373.0273431168057,-386.6086,13.581256883194328,1,3
md6n,3595,-371.3214985973753,-385.0843,13.762801402624689,1,4
md6n,3596,-377.5908506057756,-390.4822,12.891349394224392,1,3
md6n,3597,-378.66372892568717,-390.3868,11.723071074312827,1,6
md6n,3598,-372.03342124260706,-382.8408,10.80737875739294,1,6
md6n,3599,-370.178236245948,-380.7205,10.542263754051987,1,5
md6n,3600,-374.6021472327946,-385.6102,11.008052767205413,1,4
md6n,3601,-375.27994462925864,-386.6408,11.360855370741376,1,1
md6n,3602,-377.5479634347972,-389.723,12.175036565202788,1,3
md6n,3603,-375.91303570308827,-388.3783,12.465264296911755,1,0
md6n,3604,-374.3284725514853,-386.437,12.108527448514735,1,5
md6n,3605,-377.9662013598605,-389.5214,11.555198640139508,1,2
md6n,3606,-379.13889769554044,-390.1852,11.046302304459573,1,5
md6n,3607,-374.1175708330634,-384.7463,10.628729166936637,1,9
md6n,3608,-371.31815773422454,-381.3868,10.068642265775452,1,2
md6n,3609,-376.02560032951794,-385.749,9.723399670482081,1,0
md6n,3610,-376.8005412938778,-386.0689,9.268358706122171,1,9
md6n,3611,-375.77604776012817,-385.3892,9.613152239871852,1,4
md6n,3612,-376.3366639391185,-387.106,10.769336060881471,1,5
md6n,3613,-375.3504893033476,-386.9565,11.60601069665239,1,0
md6n,3614,-377.1859485233102,-389.2775,12.091551476689801,1,2
md6n,3615,-378.22522933020497,-390.2091,11.98387066979501,1,2
md6n,3616,-375.4169827730586,-386.8863,11.469317226941428,1,8
md6n,3617,-371.8099636765438,-382.2733,10.46333632345619,1,0
md6n,3618,-374.837176710809,-384.6329,9.795723289191017,1,1
md6n,3619,-377.7935143730028,-387.5844,9.790885626997238,1,7
md6n,3620,-376.21608852013736,-386.7306,10.51451147986262,1,1
md6n,3621,-376.49223433580374,-388.4069,11.914665664196264,1,0
md6n,3622,-376.72155096269785,-389.3778,12.656249037302132,1,5
md6n,3623,-378.8462948025856,-391.5169,12.670605197414432,1,5
md6n,3624,-379.6049073292733,-391.6532,12.04829267072671,1,1
md6n,3625,-377.41420277573764,-388.7853,11.371097224262371,1,4
md6n,3626,-373.94949729973285,-384.6418,10.692302700267135,1,2
md6n,3627,-375.38060288073456,-385.766,10.385397119265463,1,8
md6n,3628,-379.1185393886047,-389.8165,10.697960611395331,1,4
md6n,3629,-377.257007755722,-388.4046,11.14759224427803,1,0
md6n,3630,-375.87528344649695,-387.7869,11.911616553503052,1,5
md6n,3631,-377.7649432151496,-390.223,12.458056784850442,1,6
md6n,3632,-380.6674831900933,-393.3085,12.64101680990666,1,9
md6n,3633,-380.9372466014162,-393.6325,12.695253398583816,1,3
md6n,3634,-378.2689259890834,-390.9851,12.716174010916575,1,6
md6n,3635,-375.63064365287784,-388.0469,12.416256347122157,1,8
md6n,3636,-375.7604208786361,-387.3901,11.629679121363893,1,8
md6n,3637,-378.6766951648088,-389.7039,11.027204835191185,1,4
md6n,3638,-377.7846683644853,-388.607,10.822331635514729,1,5
md6n,3639,-375.95892425447323,-387.391,11.432075745526788,1,8
md6n,3640,-377.13228010303715,-389.6115,12.479219896962832,1,8
md6n,3641,-379.53599669120797,-392.8953,13.35930330879205,1,5
md6n,3642,-380.8062764793502,-394.7853,13.979023520649832,1,5
md6n,3643,-378.60231263948305,-392.5911,13.988787360516937,1,3
md6n,3644,-376.85370519616714,-390.3955,13.541794803832886,1,3
md6n,3645,-376.4925913889274,-389.102,12.609408611072581,1,5
md6n,3646,-378.7349393879791,-390.8223,12.08736061202086,1,5
md6n,3647,-379.20006799785773,-391.4855,12.285432002142272,1,3
md6n,3648,-377.36654903884187,-390.4445,13.077950961158137,1,4
md6n,3649,-377.76319497222966,-391.8917,14.128505027770359,1,9
md6n,3650,-380.28341945963075,-395.0025,14.719080540369248,1,5
md6n,3651,-382.36030122922307,-397.1731,14.812798770776908,1,5
md6n,3652,-380.2015231295542,-394.564,14.362476870445846,1,5
md6n,3653,-377.5904333116156,-391.351,13.760566688384415,1,3
md6n,3654,-377.4921206923972,-390.5887,13.096579307602838,1,7
md6n,3655,-379.32708480692656,-392.0092,12.682115193073457,1,6
md6n,3656,-379.6125077304871,-392.3789,12.766392269512892,1,9
md6n,3657,-377.45181823516884,-390.6147,13.162881764831184,1,5
md6n,3658,-378.0146131289525,-391.8148,13.800186871047515,1,5
md6n,3659,-381.3352121885033,-395.6121,14.276887811496692,1,8
md6n,3660,-382.8771159552745,-397.4499,14.572784044725495,1,7
md6n,3661,-381.16447110997996,-396.1087,14.944228890020042,1,1
md6n,3662,-377.8028812147341,-392.8542,15.051318785265892,1,5
md6n,3663,-377.2810244459349,-391.935,14.653975554065084,1,1
md6n,3664,-378.21363357298327,-391.9454,13.731766427016737,1,2
md6n,3665,-378.39967083515893,-391.4039,13.004229164841092,1,7
md6n,3666,-376.93595983451684,-389.8049,12.868940165483139,1,7
md6n,3667,-377.17338389062184,-390.5548,13.381416109378165,1,9
md6n,3668,-380.0677812957382,-394.3255,14.257718704261777,1,9
md6n,3669,-382.10422757596234,-397.1589,15.054672424037676,1,9
md6n,3670,-382.3970833554837,-398.0469,15.649816644516306,1,9
md6n,3671,-379.66880730018715,-395.0889,15.42009269981287,1,6
md6n,3672,-378.53462125329474,-393.0882,14.553578746705227,1,9
md6n,3673,-379.25261568513787,-392.737,13.484384314862154,1,2
md6n,3674,-379.45320239425826,-392.3346,12.881397605741768,1,7
md6n,3675,-377.82666447127013,-390.8308,13.004135528729876,1,0
md6n,3676,-376.91176493135106,-390.5116,13.599835068648929,1,5
md6n,3677,-379.89390580481097,-394.3374,14.443494195189032,1,0
md6n,3678,-382.917557092173,-397.8959,14.97834290782697,1,1
md6n,3679,-382.94176140788926,-398.0881,15.146338592110737,1,8
md6n,3680,-380.79911847271626,-395.8678,15.06868152728373,1,4
md6n,3681,-378.9643338261464,-393.6297,14.665366173853613,1,4
md6n,3682,-380.1267295851021,-394.3189,14.192170414897873,1,5
md6n,3683,-380.5310587510038,-394.1617,13.630641248996199,1,5
md6n,3684,-378.32402889717014,-391.5994,13.275371102829865,1,9
md6n,3685,-376.42312665939926,-389.5767,13.153573340600758,1,7
md6n,3686,-378.99594150488,-392.3084,13.312458495119984,1,7
md6n,3687,-383.00256649939644,-396.7434,13.740833500603571,1,2
md6n,3688,-382.5172709732483,-396.898,14.380729026751737,1,4
md6n,3689,-381.1254908163218,-396.476,15.350509183678184,1,4
md6n,3690,-378.69271173002744,-394.2547,15.561988269972574,1,9
md6n,3691,-378.77710429488104,-393.6969,14.919795705118986,1,8
md6n,3692,-379.49537483134316,-393.1911,13.69572516865685,1,0
md6n,3693,-378.39806691958216,-391.0638,12.665733080417851,1,4
md6n,3694,-376.66029782908043,-389.0084,12.34810217091956,1,4
md6n,3695,-377.47260701397795,-390.1444,12.67179298602207,1,7
md6n,3696,-382.00842311422747,-395.5943,13.585876885772507,1,7
md6n,3697,-383.38062872419505,-397.7503,14.369671275804933,1,6
md6n,3698,-382.8949661047267,-397.8959,15.000933895273306,1,3
md6n,3699,-380.71054982888853,-395.6092,14.898650171111456,1,8
md6n,3700,-379.4956666234036,-393.6905,14.194833376596364,1,8
md6n,3701,-380.5544228308697,-393.9933,13.43887716913025,1,0
md6n,3702,-379.87822119229605,-392.7061,12.82787880770394,1,4
md6n,3703,-376.9677513735909,-389.6015,12.633748626409101,1,0
md6n,3704,-375.69462143506485,-388.3309,12.63627856493514,1,9
md6n,3705,-380.770116215629,-393.8199,13.049783784371016,1,5
md6n,3706,-384.44708949928946,-398.0168,13.569710500710528,1,4
md6n,3707,-383.1644621969057,-397.374,14.20953780309435,1,0
md6n,3708,-381.61904688421384,-396.5534,14.934353115786166,1,5
md6n,3709,-380.1760311632382,-395.1183,14.942268836761798,1,8
md6n,3710,-381.2323112161776,-395.599,14.366688783822383,1,2
md6n,3711,-381.0543349473933,-394.3306,13.276265052606732,1,1
md6n,3712,-377.992564309977,-390.3536,12.361035690022959,1,6
md6n,3713,-374.8563094906914,-386.7708,11.91449050930862,1,8
md6n,3714,-377.6253586357329,-389.7573,12.131941364267107,1,7
md6n,3715,-382.95522965512373,-395.8917,12.936470344876284,1,4
md6n,3716,-382.94409637258957,-396.8628,13.918703627410423,1,1
md6n,3717,-381.901071213458,-396.9802,15.079128786542014,1,0
md6n,3718,-379.7683912546325,-395.036,15.267608745367511,1,8
md6n,3719,-380.20814963513175,-394.7335,14.525350364868245,1,9
md6n,3720,-382.0588962535569,-395.3877,13.3288037464431,1,1
md6n,3721,-380.83846585983724,-393.2233,12.384834140162752,1,5
md6n,3722,-376.75410178883214,-388.8014,12.047298211167856,1,9
md6n,3723,-376.09121403009595,-388.255,12.16378596990404,1,5
md6n,3724,-382.08347456527304,-394.9245,12.841025434726987,1,6
md6n,3725,-384.5898103737629,-398.1532,13.563389626237154,1,2
md6n,3726,-383.30389868395906,-397.7266,14.422701316040957,1,1
md6n,3727,-380.8173200277618,-395.5899,14.77257997223819,1,8
md6n,3728,-380.19251961598025,-394.5389,14.346380384019767,1,7
md6n,3729,-382.8748399764611,-396.4273,13.552460023538913,1,6
md6n,3730,-382.9658088461951,-395.6103,12.644491153804893,1,5
md6n,3731,-378.2711818875038,-390.3553,12.084118112496185,1,5
md6n,3732,-375.0549879418218,-386.9788,11.923812058178157,1,6
md6n,3733,-380.45530260626134,-392.8769,12.421597393738637,1,5
md6n,3734,-385.33589529088874,-398.5321,13.19620470911127,1,2
md6n,3735,-384.39122855914917,-398.589,14.197771440850829,1,2
md6n,3736,-381.5423431992618,-396.7235,15.181156800738222,1,0
md6n,3737,-379.4681245820534,-394.6843,15.216175417946602,1,2
md6n,3738,-381.88476034602274,-396.2817,14.396939653977256,1,9
md6n,3739,-383.8404636596234,-396.9827,13.142236340376598,1,1
md6n,3740,-380.1736309374746,-392.4263,12.2526690625254,1,4
md6n,3741,-374.53961899893005,-386.429,11.889381001069921,1,8
md6n,3742,-376.68934589448395,-388.7548,12.06545410551604,1,8
md6n,3743,-383.45532437712365,-396.135,12.679675622876346,1,6
md6n,3744,-385.3258758386678,-398.9909,13.665024161332212,1,9
md6n,3745,-383.31385162011003,-398.2728,14.95894837988999,1,5
md6n,3746,-379.98555426782195,-395.3821,15.396545732178026,1,5
md6n,3747,-381.18581084259233,-395.9759,14.790089157407692,1,6
md6n,3748,-385.3171597247734,-398.9481,13.630940275226635,1,1
md6n,3749,-384.0379906299535,-396.6214,12.583409370046468,1,4
md6n,3750,-377.1151108018687,-389.1642,12.049089198131298,1,1
md6n,3751,-375.3213489940935,-387.444,12.122651005906505,1,7
md6n,3752,-381.9329719394015,-394.7656,12.832628060598495,1,1
md6n,3753,-386.00366131242527,-399.7736,13.769938687574722,1,2
md6n,3754,-384.35976583526207,-399.2006,14.840834164737942,1,3
md6n,3755,-380.43668752207594,-395.8328,15.396112477924078,1,1
md6n,3756,-380.3939917416211,-395.4669,15.072908258378902,1,2
md6n,3757,-385.43021820148687,-399.6236,14.193381798513144,1,3
md6n,3758,-386.2343095154399,-399.409,13.174690484560074,1,9
md6n,3759,-379.4864259111326,-391.9678,12.481374088867426,1,9
md6n,3760,-375.0440222045407,-387.2513,12.207277795459333,1,6
md6n,3761,-379.8773633862089,-392.2653,12.387936613791112,1,7
md6n,3762,-385.15810100007735,-398.0571,12.89899899992264,1,3
md6n,3763,-384.86495844852243,-398.8421,13.977141551477587,1,5
md6n,3764,-380.96741979233605,-396.1238,15.156380207663972,1,3
md6n,3765,-378.49484464930714,-393.816,15.321155350692834,1,3
md6n,3766,-382.7413284388052,-397.1445,14.403171561194767,1,5
md6n,3767,-386.6734629762759,-399.6545,12.98103702372407,1,9
md6n,3768,-382.3487192772181,-394.2062,11.85748072278193,1,8
md6n,3769,-375.5834517634516,-386.9503,11.366848236548435,1,5
md6n,3770,-377.3988971793922,-389.0093,11.610402820607817,1,6
md6n,3771,-383.9383276092283,-396.3125,12.374172390771719,1,8
md6n,3772,-386.502178474275,-400.0232,13.521021525724962,1,0
md6n,3773,-383.5843435706857,-398.1869,14.60255642931429,1,1
md6n,3774,-379.2297768312946,-393.91,14.680223168705425,1,2
md6n,3775,-381.5585674703768,-395.388,13.829432529623205,1,6
md6n,3776,-387.2406849530901,-399.9151,12.674415046909871,1,9
md6n,3777,-385.1847507222274,-396.9136,11.728849277772554,1,9
md6n,3778,-377.47846230978865,-388.7508,11.272337690211373,1,6
md6n,3779,-376.5274188215212,-387.8859,11.358481178478769,1,3
md6n,3780,-382.3329894840329,-394.0829,11.749910515967088,1,8
md6n,3781,-386.09508575430976,-398.4762,12.381114245690242,1,8
md6n,3782,-384.95657804609334,-398.3293,13.372721953906648,1,8
md6n,3783,-381.10205708286907,-395.2524,14.150342917130956,1,9
md6n,3784,-380.6956257584406,-394.7326,14.036974241559392,1,8
md6n,3785,-386.0172556889773,-399.2331,13.215844311022693,1,6
md6n,3786,-386.64220921329184,-398.6559,12.013690786708139,1,9
md6n,3787,-379.82923085911006,-390.7976,10.968369140889934,1,1
md6n,3788,-376.24328166590766,-386.7645,10.521218334092339,1,2
md6n,3789,-379.8444247587153,-390.5453,10.700875241284677,1,3
md6n,3790,-384.2708106452245,-395.7282,11.4573893547755,1,2
md6n,3791,-385.23173741605615,-397.9471,12.71536258394383,1,6
md6n,3792,-382.2164119312158,-395.887,13.670588068784184,1,6
md6n,3793,-379.58619121604755,-393.0003,13.414108783952429,1,8
md6n,3794,-384.18451233239455,-396.589,12.404487667605451,1,9
md6n,3795,-387.86906593701843,-399.1178,11.248734062981555,1,0
md6n,3796,-383.0283508852763,-393.4137,10.385349114723681,1,8
md6n,3797,-377.55613863508484,-387.6554,10.09926136491515,1,3
md6n,3798,-379.1098929282971,-389.4062,10.296307071702927,1,7
md6n,3799,-383.5858069239395,-394.3219,10.736093076060513,1,6
md6n,3800,-385.9370134753173,-397.4128,11.47578652468269,1,5
md6n,3801,-384.6278104967511,-397.0427,12.4148895032489,1,1
md6n,3802,-381.17627457309794,-394.0734,12.89712542690205,1,6
md6n,3803,-382.6119346217399,-395.3487,12.736765378260088,1,4
md6n,3804,-387.23556133390633,-399.3807,12.145138666093658,1,3
md6n,3805,-385.0495562027148,-396.2654,11.215843797285174,1,2
md6n,3806,-379.6030875502565,-390.1224,10.519312449743552,1,7
md6n,3807,-379.13727997474695,-389.5089,10.371620025253037,1,7
md6n,3808,-382.0621448728572,-392.7714,10.709255127142853,1,3
md6n,3809,-384.7791169629925,-396.3437,11.564583037007537,1,7
md6n,3810,-385.73634707241365,-398.5397,12.803352927586332,1,8
md6n,3811,-383.46151413565156,-397.0933,13.631785864348444,1,6
md6n,3812,-381.6560047131285,-395.1037,13.447695286871522,1,4
md6n,3813,-385.32825723918774,-398.1294,12.80114276081224,1,6
md6n,3814,-385.61361490154235,-397.4228,11.809185098457647,1,8
md6n,3815,-381.13013250778573,-392.0942,10.96406749221427,1,8
md6n,3816,-379.01648806482245,-389.6959,10.67941193517754,1,8
md6n,3817,-380.3244705362195,-391.1973,10.872829463780477,1,2
md6n,3818,-383.0149836673675,-394.4876,11.47261633263247,1,0
md6n,3819,-385.489979743771,-397.8294,12.339420256229005,1,9
md6n,3820,-385.6083369149616,-398.8259,13.217563085038364,1,7
md6n,3821,-382.8960711498501,-396.3734,13.477328850149888,1,3
md6n,3822,-384.5283495342492,-397.8783,13.349950465750851,1,2
md6n,3823,-386.6110941299779,-399.4226,12.811505870022074,1,3
md6n,3824,-383.60873802191867,-395.615,12.00626197808134,1,0
md6n,3825,-380.6456521170679,-392.2048,11.559147882932052,1,0
md6n,3826,-380.4582675909022,-392.0285,11.570232409097798,1,2
md6n,3827,-382.01946854529194,-394.0683,12.048831454708079,1,8
md6n,3828,-384.49405987788805,-397.3517,12.857640122111945,1,7
md6n,3829,-386.83919338736234,-400.781,13.941806612637663,1,5
md6n,3830,-385.1412956547123,-399.7114,14.570104345287746,1,9
md6n,3831,-383.67003696370966,-398.2558,14.58576303629036,1,4
md6n,3832,-385.70458502628304,-400.0118,14.307214973716952,1,4
md6n,3833,-384.9504849239395,-398.5441,13.59361507606053,1,0
md6n,3834,-382.69074297523224,-395.7101,13.019357024767771,1,4
md6n,3835,-380.98010867197456,-393.8126,12.832491328025412,1,6
md6n,3836,-380.49653440581636,-393.6067,13.110165594183627,1,2
md6n,3837,-382.14255588677685,-395.8252,13.682644113223148,1,5
md6n,3838,-386.0871088472253,-400.6623,14.575191152774721,1,5
md6n,3839,-386.9040917266863,-402.3749,15.470808273313708,1,1
md6n,3840,-383.3984318104669,-399.1928,15.794368189533088,1,6
md6n,3841,-383.86822156455634,-399.6023,15.734078435443678,1,8
md6n,3842,-384.91882390684924,-399.8279,14.909076093150759,1,7
md6n,3843,-383.920853338286,-397.7586,13.837746661713993,1,1
md6n,3844,-382.0261559194092,-395.2383,13.212144080590804,1,6
md6n,3845,-380.6844880835256,-393.9876,13.303111916474393,1,2
md6n,3846,-381.2200251978364,-395.1299,13.909874802163642,1,1
md6n,3847,-384.93622350417775,-399.6795,14.743276495822272,1,3
md6n,3848,-388.46536798219313,-404.1168,15.651432017806883,1,4
md6n,3849,-385.66445199667515,-401.5756,15.911148003324854,1,3
md6n,3850,-383.7164181103717,-399.5668,15.850381889628295,1,2
md6n,3851,-384.84643247081345,-400.3047,15.458267529186571,1,2
md6n,3852,-385.24409308784146,-400.019,14.774906912158542,1,3
md6n,3853,-383.9262662395168,-398.2026,14.276333760483226,1,1
md6n,3854,-381.46822485570584,-395.6425,14.174275144294143,1,3
md6n,3855,-380.04551096579246,-394.3844,14.338889034207568,1,3
md6n,3856,-382.8152215063707,-397.4703,14.655078493629333,1,8
md6n,3857,-388.82913929414383,-404.2979,15.468760705856198,1,3
md6n,3858,-388.27459929457376,-404.6106,16.336000705426216,1,2
md6n,3859,-383.4850765087207,-400.3445,16.8594234912793,1,0
md6n,3860,-383.50379701446997,-400.2678,16.764002985530055,1,8
md6n,3861,-385.72591095367875,-401.4057,15.679789046321275,1,1
md6n,3862,-385.63836766104845,-399.9571,14.318732338951577,1,1
md6n,3863,-382.745470004809,-396.2746,13.529129995191,1,8
md6n,3864,-379.7556634692147,-393.2892,13.533536530785284,1,7
md6n,3865,-380.6091473504331,-394.6176,14.008452649566891,1,1
md6n,3866,-386.98652583285286,-401.859,14.872474167147118,1,4
md6n,3867,-389.7711071053797,-405.421,15.64989289462028,1,3
md6n,3868,-385.1683488658056,-400.9924,15.824051134194349,1,3
md6n,3869,-383.34339416330073,-398.961,15.617605836699283,1,0
md6n,3870,-385.74919408461204,-400.6206,14.871405915387982,1,4
md6n,3871,-387.2951961192269,-401.2085,13.913303880773128,1,5
md6n,3872,-385.3304667017885,-398.6668,13.336333298211514,1,4
md6n,3873,-381.43557362774914,-394.6957,13.260126372250852,1,3
md6n,3874,-379.97727490083446,-393.25,13.272725099165541,1,1
md6n,3875,-385.33747222353554,-398.8151,13.47762777646443,1,3
md6n,3876,-390.9939421175292,-405.1134,14.11945788247084,1,3
md6n,3877,-387.69520864383145,-402.5077,14.81249135616855,1,4
md6n,3878,-383.30961530009955,-398.6459,15.336284699900432,1,8
md6n,3879,-385.08017680824156,-400.2301,15.149923191758432,1,1
md6n,3880,-388.270479063827,-402.3636,14.093120936173023,1,1
md6n,3881,-387.5594073222881,-400.4903,12.930892677711881,1,7
md6n,3882,-383.2797953972831,-395.5985,12.318704602716878,1,8
md6n,3883,-379.82136502126247,-392.0321,12.210734978737548,1,7
md6n,3884,-383.34158567948714,-395.9874,12.64581432051284,1,2
md6n,3885,-390.45124511407437,-404.1117,13.660454885925617,1,5
md6n,3886,-389.54469584973623,-404.1529,14.60820415026376,1,7
md6n,3887,-383.8197834400377,-398.8672,15.0474165599623,1,9
md6n,3888,-383.9255922937701,-398.7273,14.801707706229934,1,1
md6n,3889,-387.8227619741262,-401.5898,13.76703802587383,1,6
md6n,3890,-388.9033774922691,-401.5273,12.623922507730924,1,0
md6n,3891,-385.4018892625003,-397.5006,12.098710737499744,1,5
md6n,3892,-380.5765940141426,-392.588,12.011405985857436,1,1
md6n,3893,-381.6227680183981,-393.7191,12.096331981601907,1,2
md6n,3894,-388.9437652908109,-401.4431,12.4993347091891,1,3
md6n,3895,-391.3411032398011,-404.4901,13.148996760198884,1,8
md6n,3896,-386.22355901409543,-400.0043,13.780740985904572,1,3
md6n,3897,-384.04165842592386,-398.1232,14.081541574076141,1,9
md6n,3898,-387.39211001875134,-400.9524,13.560289981248673,1,1
md6n,3899,-390.00403944489426,-402.4943,12.490260555105749,1,3
md6n,3900,-387.98557822862966,-399.6862,11.700621771370322,1,5
md6n,3901,-382.5777466219225,-393.9537,11.375953378077554,1,0
md6n,3902,-381.02052157107903,-392.4578,11.43727842892099,1,4
md6n,3903,-387.15047160539626,-399.1989,12.048428394603718,1,6
md6n,3904,-391.80261174439306,-404.8707,13.068088255606938,1,3
md6n,3905,-388.13747894683445,-402.1243,13.986821053165556,1,0
md6n,3906,-384.40268751921076,-398.891,14.488312480789261,1,0
md6n,3907,-386.68740813106064,-400.933,14.245591868939357,1,8
md6n,3908,-390.0443186843554,-403.3789,13.334581315644584,1,2
md6n,3909,-389.5816944669402,-402.1244,12.542705533059802,1,7
md6n,3910,-384.36883523725993,-396.5087,12.139864762740046,1,8
md6n,3911,-380.82771159347254,-392.8606,12.032888406527434,1,8
md6n,3912,-385.06441061943326,-397.3582,12.29378938056675,1,2
md6n,3913,-390.74467757517965,-403.7187,12.974022424820362,1,5
md6n,3914,-389.1840489099929,-403.0309,13.846851090007078,1,4
md6n,3915,-385.0463383315074,-399.6195,14.573161668492617,1,4
md6n,3916,-385.8777018575107,-400.481,14.60329814248928,1,8
md6n,3917,-389.1976596019178,-402.8963,13.698640398082205,1,8
md6n,3918,-390.56741541292797,-403.2525,12.685084587072026,1,8
md6n,3919,-386.81408231972586,-398.8809,12.066817680274141,1,0
md6n,3920,-381.9862519309546,-393.8437,11.857448069045404,1,2
md6n,3921,-383.73522458508063,-395.8441,12.108875414919396,1,8
md6n,3922,-389.5820295573035,-402.3778,12.795770442696494,1,4
md6n,3923,-390.5064565813845,-404.1685,13.662043418615497,1,1
md6n,3924,-386.80912499078835,-401.1647,14.355575009211634,1,1
md6n,3925,-385.9124106906846,-400.4942,14.581789309315354,1,2
md6n,3926,-388.33024562628077,-402.4431,14.112854373719244,1,0
md6n,3927,-390.8493663235652,-404.2963,13.446933676434753,1,5
md6n,3928,-388.93457226936624,-401.8624,12.927827730633737,1,4
md6n,3929,-383.64076801483924,-396.1878,12.547031985160743,1,7
md6n,3930,-383.1390775348063,-395.5956,12.4565224651937,1,4
md6n,3931,-388.1323434050867,-400.8912,12.758856594913311,1,1
md6n,3932,-390.4972152416101,-403.974,13.476784758389897,1,9
md6n,3933,-387.91101247046686,-402.3777,14.466687529533147,1,7
md6n,3934,-386.4766959206521,-401.8173,15.340604079347884,1,0
md6n,3935,-387.50560084984824,-402.8197,15.314099150151776,1,2
md6n,3936,-389.58924341216476,-404.0673,14.478056587835226,1,8
md6n,3937,-389.58490920063076,-403.0844,13.499490799369255,1,5
md6n,3938,-385.205065731003,-397.8666,12.661534268997002,1,0
md6n,3939,-383.0064426286238,-395.388,12.381557371376175,1,9
md6n,3940,-386.2730827308478,-399.0054,12.73231726915219,1,9
md6n,3941,-389.39248451422736,-402.9098,13.517315485772656,1,6
md6n,3942,-388.6607369454837,-402.9953,14.334563054516309,1,3
md6n,3943,-387.5228774550907,-402.318,14.795122544909304,1,6
md6n,3944,-387.5421476596365,-402.0444,14.502252340363498,1,5
md6n,3945,-388.81444238248184,-402.5379,13.723457617518136,1,7
md6n,3946,-390.44056803147953,-403.5701,13.129531968520496,1,3
md6n,3947,-387.3275430047705,-399.9149,12.58735699522947,1,3
md6n,3948,-383.713260480058,-395.967,12.253739519941973,1,7
md6n,3949,-385.1132334075089,-397.3225,12.209266592491076,1,0
md6n,3950,-388.42455849682506,-400.8751,12.450541503174918,1,9
md6n,3951,-389.13093834620287,-402.1367,13.005761653797151,1,2
md6n,3952,-388.5437891618296,-402.3705,13.826710838170413,1,3
md6n,3953,-388.22840828342845,-402.7324,14.503991716571534,1,5
md6n,3954,-387.8817472866166,-402.2928,14.411052713383413,1,4
md6n,3955,-389.765681653939,-403.6126,13.846918346060988,1,6
md6n,3956,-388.72474484811755,-401.6018,12.877055151882473,1,7
md6n,3957,-385.13192002779124,-397.1596,12.027679972208773,1,5
md6n,3958,-384.6763076071567,-396.505,11.828692392843323,1,8
md6n,3959,-386.715254514824,-398.9641,12.248845485175991,1,8
md6n,3960,-387.85361350317373,-400.8877,13.034086496826262,1,8
md6n,3961,-388.48450138957884,-402.3452,13.860698610421139,1,5
md6n,3962,-388.9918212616433,-403.312,14.32017873835673,1,6
md6n,3963,-387.177241809619,-401.0509,13.873658190381036,1,1
md6n,3964,-388.1398321094177,-401.3053,13.165467890582306,1,1
md6n,3965,-389.23422774724844,-401.6432,12.40897225275154,1,3
md6n,3966,-386.51822578744384,-398.1804,11.662174212556181,1,2
md6n,3967,-384.7105784382742,-396.0281,11.317521561725812,1,1
md6n,3968,-385.5602370184657,-396.8771,11.316862981534257,1,4
md6n,3969,-387.0636675195759,-398.6444,11.580732480424103,1,1
md6n,3970,-388.65562211148966,-400.7032,12.047577888510318,1,1
md6n,3971,-390.1321041957097,-402.8617,12.729595804290284,1,4
md6n,3972,-387.84712253974953,-400.8683,13.021177460250442,1,2
md6n,3973,-386.87713515210976,-399.7953,12.918164847890239,1,9
md6n,3974,-389.0180135291327,-401.4731,12.455086470867286,1,1
md6n,3975,-387.73027578513575,-399.246,11.515724214864235,1,2
md6n,3976,-385.2361004930303,-396.1001,10.86399950696972,1,9
md6n,3977,-384.6363766357721,-395.4202,10.783823364227942,1,3
md6n,3978,-385.50628433617266,-396.7087,11.202415663827367,1,5
md6n,3979,-387.423812451349,-399.3235,11.899687548651002,1,2
md6n,3980,-390.3746769714184,-403.224,12.84932302858158,1,5
md6n,3981,-389.11190157533395,-402.5903,13.478398424666068,1,3
md6n,3982,-385.63398450368135,-399.0596,13.425615496318642,1,2
md6n,3983,-387.4273164672292,-400.5067,13.079383532770805,1,5
md6n,3984,-388.1589849695504,-400.3718,12.212815030449633,1,1
md6n,3985,-385.8936136286689,-397.3332,11.439586371331075,1,9
md6n,3986,-383.87414149378424,-395.0235,11.149358506215776,1,0
md6n,3987,-383.39800008358685,-394.6904,11.29239991641316,1,1
md6n,3988,-385.07479653747106,-396.7918,11.717003462528965,1,1
md6n,3989,-389.43422459678624,-401.9665,12.53227540321376,1,4
md6n,3990,-390.21930675044644,-403.6255,13.406193249553553,1,6
md6n,3991,-385.23197586975994,-398.8724,13.640424130240092,1,4
md6n,3992,-385.5425123709704,-399.0094,13.4668876290296,1,6
md6n,3993,-388.0867497834217,-400.6569,12.570150216578327,1,8
md6n,3994,-386.84923605749316,-398.26,11.410763942506833,1,1
md6n,3995,-383.9884066723075,-394.7915,10.803093327692466,1,9
md6n,3996,-382.1510065638947,-393.0188,10.867793436105273,1,3
md6n,3997,-382.91120167090224,-394.2496,11.338398329097743,1,4
md6n,3998,-387.4971282098272,-399.5956,12.098471790172766,1,0
md6n,3999,-390.7005077737711,-403.7913,13.09079222622887,1,8
md6n,4000,-385.7843302521424,-399.4169,13.632569747857588,1,7
md6n,4001,-383.36606547217633,-397.2377,13.871634527823687,1,3
md6n,4002,-386.77713264835495,-400.404,13.626867351645046,1,4
md6n,4003,-387.22603761462193,-400.0299,12.803862385378068,1,8
md6n,4004,-384.366191537623,-396.5575,12.19130846237698,1,7
md6n,4005,-381.33867039606724,-393.3566,12.017929603932771,1,0
md6n,4006,-380.5708303348218,-392.759,12.188169665178236,1,2
md6n,4007,-384.51887099577766,-397.2683,12.74942900422235,1,9
md6n,4008,-390.2701262751997,-404.3146,14.044473724800298,1,3
md6n,4009,-387.1185457791756,-402.4061,15.287554220824404,1,6
md6n,4010,-381.3213586502084,-397.2015,15.880141349791586,1,0
md6n,4011,-383.9528036374233,-399.5955,15.642696362576714,1,9
md6n,4012,-386.83076655565765,-401.1616,14.330833444342375,1,0
md6n,4013,-385.08255318859193,-398.1563,13.073746811408057,1,9
md6n,4014,-381.12298203133486,-393.7497,12.626717968665162,1,4
md6n,4015,-378.40642472534614,-391.2816,12.875175274653884,1,7
md6n,4016,-381.1616341373094,-394.639,13.47736586269059,1,0
md6n,4017,-388.7721400509165,-403.2646,14.492459949083468,1,5
md6n,4018,-388.9488719672612,-404.311,15.36212803273878,1,8
md6n,4019,-381.78752578899775,-397.408,15.62047421100226,1,5
md6n,4020,-382.07092248279463,-397.6839,15.612977517205366,1,0
md6n,4021,-386.14025643414186,-401.113,14.972743565858138,1,7
md6n,4022,-385.82570888905406,-399.8865,14.060791110945956,1,0
md6n,4023,-382.0252993681861,-395.5746,13.549300631813878,1,1
md6n,4024,-378.0365728413089,-391.4719,13.43532715869111,1,7
md6n,4025,-378.36171652034426,-391.8831,13.521383479655753,1,0
md6n,4026,-385.43302505371054,-399.5673,14.134274946289452,1,1
md6n,4027,-389.44531709103103,-404.8165,15.37118290896899,1,8
md6n,4028,-383.5645550427968,-400.1398,16.575244957203154,1,1
md6n,4029,-380.6847666980154,-398.0671,17.382333301984602,1,8
md6n,4030,-384.55212275058875,-401.5801,17.027977249411265,1,1
md6n,4031,-386.22111862783123,-401.8075,15.586381372168773,1,9
md6n,4032,-383.70429963728344,-398.0514,14.34710036271656,1,4
md6n,4033,-378.81536671712894,-392.6714,13.856033282871067,1,3
md6n,4034,-376.3206919270667,-390.3117,13.991008072933255,1,4
md6n,4035,-381.8638109246404,-396.7131,14.849289075359593,1,3
md6n,4036,-388.4154715244476,-404.6847,16.26922847555244,1,6
md6n,4037,-384.86724572239643,-402.1932,17.325954277603557,1,0
md6n,4038,-379.78681871331463,-397.3935,17.606681286685387,1,7
md6n,4039,-382.7062217643609,-399.804,17.097778235639055,1,6
md6n,4040,-386.12063984402954,-401.9247,15.804060155970433,1,0
md6n,4041,-385.36312671479226,-400.0364,14.673273285207756,1,2
md6n,4042,-380.79567469787236,-394.9365,14.140825302127666,1,7
md6n,4043,-376.2201133692314,-390.1637,13.943586630768607,1,4
md6n,4044,-379.10787234606363,-393.1969,14.089027653936398,1,5
md6n,4045,-386.7127827529635,-401.4317,14.718917247036472,1,6
md6n,4046,-386.71633634203755,-402.267,15.550663657962446,1,6
md6n,4047,-381.2175998716529,-397.5184,16.300800128347078,1,3
md6n,4048,-381.390241050337,-398.0015,16.61125894966301,1,4
md6n,4049,-384.5219564623485,-400.2628,15.740843537651529,1,2
md6n,4050,-385.57187105382064,-399.8201,14.248228946179381,1,1
md6n,4051,-382.9721397945493,-396.1414,13.169260205450655,1,8
md6n,4052,-377.3476208271963,-389.9989,12.651279172803697,1,6
md6n,4053,-376.9003511519597,-389.7118,12.8114488480403,1,9
md6n,4054,-383.85650658026873,-397.6165,13.759993419731245,1,0
md6n,4055,-386.99400888951084,-402.0661,15.072091110489168,1,1
md6n,4056,-382.79497615132453,-398.94,16.145023848675464,1,1
md6n,4057,-380.94035214852266,-397.5151,16.574747851477355,1,5
md6n,4058,-383.3148989342106,-399.2388,15.923901065789437,1,6
md6n,4059,-385.0968039406538,-399.6083,14.5114960593462,1,0
md6n,4060,-384.35958636744516,-397.7182,13.358613632554864,1,8
md6n,4061,-378.7769794204275,-391.3703,12.593320579572492,1,4
md6n,4062,-375.538646921933,-387.8811,12.342453078067024,1,4
md6n,4063,-380.74250012802577,-393.5056,12.763099871974248,1,6
md6n,4064,-385.8589029129849,-399.4519,13.592997087015135,1,5
md6n,4065,-384.0775400751552,-398.5165,14.438959924844823,1,9
md6n,4066,-381.58378333221646,-396.5382,14.954416667783562,1,8
md6n,4067,-383.01042919972724,-397.6674,14.656970800272745,1,8
md6n,4068,-384.599860573934,-397.9119,13.312039426066008,1,2
md6n,4069,-385.62261841511634,-397.6344,12.011781584883693,1,3
md6n,4070,-381.63232687829895,-392.7591,11.126773121701035,1,9
md6n,4071,-376.14422795736925,-386.8805,10.73627204263073,1,8
md6n,4072,-378.2510356789879,-389.3039,11.052864321012123,1,6
md6n,4073,-383.61246292126583,-395.4143,11.801837078734195,1,5
md6n,4074,-384.28592422354313,-397.0128,12.726875776456893,1,2
md6n,4075,-382.1467338484038,-395.6748,13.528066151596192,1,9
md6n,4076,-382.1525389433747,-396.0363,13.883761056625303,1,1
md6n,4077,-382.9945168012084,-396.3282,13.333683198791562,1,0
md6n,4078,-384.8111657812993,-397.1832,12.372034218700719,1,8
md6n,4079,-383.700011233923,-395.1464,11.446388766077007,1,6
md6n,4080,-377.81732210231274,-388.4643,10.646977897687236,1,9
md6n,4081,-376.8519870738367,-387.4053,10.5533129261633,1,9
md6n,4082,-381.1923821273031,-392.2789,11.086517872696902,1,3
md6n,4083,-383.64124743240296,-395.7508,12.109552567597063,1,9
md6n,4084,-382.65911145108544,-395.9313,13.272188548914585,1,0
md6n,4085,-382.0388887247112,-396.0421,14.003211275288777,1,8
md6n,4086,-382.5400288784442,-396.1905,13.650471121555768,1,0
md6n,4087,-383.39481986286665,-395.7348,12.339980137133352,1,4
md6n,4088,-384.56939559095366,-395.7871,11.217704409046348,1,0
md6n,4089,-380.11514637794767,-390.5158,10.400653622052346,1,1
md6n,4090,-377.0541990337909,-387.4528,10.39860096620913,1,7
md6n,4091,-379.4122366589831,-390.4414,11.029163341016897,1,2
md6n,4092,-382.4944201965557,-394.3661,11.871679803444295,1,9
md6n,4093,-383.4345468935178,-396.0774,12.642853106482221,1,8
md6n,4094,-383.0727754557615,-396.0371,12.964324544238536,1,4
md6n,4095,-383.05182540687576,-395.8931,12.84127459312424,1,7
md6n,4096,-382.42552901123736,-394.5846,12.159070988762664,1,7
md6n,4097,-384.18205814077095,-395.7625,11.58044185922904,1,5
md6n,4098,-382.03563696789416,-392.912,10.876363032105814,1,1
md6n,4099,-377.6581780363032,-388.0128,10.354621963696843,1,3
md6n,4100,-377.42984597260255,-387.7681,10.338254027397454,1,1
md6n,4101,-380.01346842266196,-390.7138,10.700331577338034,1,0
md6n,4102,-382.6517928020209,-394.3077,11.655907197979104,1,4
md6n,4103,-382.993310726902,-395.8058,12.812489273097981,1,7
md6n,4104,-382.8916572445328,-396.6773,13.785642755467222,1,3
md6n,4105,-382.274753418549,-396.0953,13.820546581451026,1,2
md6n,4106,-382.773020831349,-395.7423,12.969279168650985,1,0
md6n,4107,-383.27445340464584,-395.2251,11.950646595354158,1,9
md6n,4108,-379.5999525103492,-390.7821,11.182147489650788,1,7
md6n,4109,-377.27866877333827,-388.6187,11.340031226661722,1,8
md6n,4110,-377.9680663195476,-390.0546,12.086533680452419,1,6
md6n,4111,-380.8378872956006,-394.0865,13.24861270439942,1,9
md6n,4112,-382.3677773834867,-396.546,14.178222616513267,1,2
md6n,4113,-382.8477302894943,-397.375,14.52726971050572,1,9
md6n,4114,-382.99401981326514,-397.2901,14.296080186734855,1,2
md6n,4115,-381.6194039373375,-395.0348,13.415396062662523,1,1
md6n,4116,-383.138318247746,-395.846,12.707681752254018,1,8
md6n,4117,-381.9294641585011,-393.9434,12.013935841498892,1,3
md6n,4118,-378.6923484017275,-390.3675,11.675151598272521,1,7
md6n,4119,-377.0934842972228,-388.7163,11.622815702777189,1,6
md6n,4120,-379.4768074379841,-391.4489,11.97209256201586,1,7
md6n,4121,-382.110581114723,-394.7623,12.651718885276978,1,0
md6n,4122,-382.22416230730306,-395.5597,13.33553769269696,1,1
md6n,4123,-382.90667920636156,-397.0513,14.144620793638467,1,1
md6n,4124,-381.2835317198607,-395.5488,14.26526828013931,1,6
md6n,4125,-381.1313680750356,-394.9067,13.775331924964405,1,6
md6n,4126,-381.8862161692362,-394.7897,12.903483830763776,1,1
md6n,4127,-379.4409464965065,-391.526,12.085053503493498,1,3
md6n,4128,-376.5781253945275,-388.4259,11.847774605472523,1,9
md6n,4129,-377.7290452505454,-390.0342,12.305154749454573,1,4
md6n,4130,-380.9627906510821,-394.3309,13.36810934891787,1,1
md6n,4131,-381.30815583975044,-395.6,14.291844160249582,1,7
md6n,4132,-382.4232385997039,-397.462,15.038761400296096,1,9
md6n,4133,-382.28249187178693,-397.3689,15.086408128213066,1,5
md6n,4134,-379.83735899621735,-394.0078,14.170441003782628,1,8
md6n,4135,-381.35502142414583,-394.5911,13.236078575854151,1,0
md6n,4136,-381.0896687804808,-393.5543,12.46463121951922,1,3
md6n,4137,-377.32053937816625,-389.4504,12.129860621833757,1,9
md6n,4138,-376.2923353776468,-388.6339,12.34156462235319,1,5
md6n,4139,-379.4657149435967,-392.5286,13.062885056403275,1,0
md6n,4140,-380.75236019268016,-394.4372,13.684839807319861,1,8
md6n,4141,-382.08738458011004,-396.2462,14.158815419889947,1,6
md6n,4142,-383.76097320284066,-398.2374,14.47642679715932,1,8
md6n,4143,-380.6763229234345,-394.7122,14.035877076565498,1,5
md6n,4144,-380.45161724005413,-393.8457,13.394082759945888,1,4
md6n,4145,-381.8468844699847,-394.4814,12.634515530015335,1,0
md6n,4146,-378.6058298330766,-390.3999,11.794070166923404,1,8
md6n,4147,-376.0198661431406,-387.4147,11.394833856859407,1,6
md6n,4148,-378.20574388972244,-389.827,11.621256110277557,1,0
md6n,4149,-379.5039792484974,-391.6007,12.09672075150263,1,1
md6n,4150,-379.7926238082855,-392.4089,12.616276191714519,1,0
md6n,4151,-382.7130302479115,-396.1363,13.423269752088515,1,2
md6n,4152,-381.585785716567,-395.3719,13.786114283432994,1,2
md6n,4153,-378.84335993824885,-392.2904,13.447040061751125,1,4
md6n,4154,-380.82774736144967,-393.7041,12.876352638550316,1,2
md6n,4155,-379.6518645301586,-391.5958,11.943935469841392,1,0
md6n,4156,-376.3183820627863,-387.5929,11.274517937213659,1,2
md6n,4157,-377.2082577587499,-388.6175,11.409242241250126,1,4
md6n,4158,-378.6262772463461,-390.8008,12.17452275365389,1,3
md6n,4159,-378.2141462486533,-391.3168,13.10265375134668,1,1
md6n,4160,-381.23554665762185,-395.2991,14.063553342378157,1,7
md6n,4161,-382.6967281655233,-397.099,14.402271834476664,1,1
md6n,4162,-378.9546802122389,-392.61,13.65531978776113,1,4
md6n,4163,-379.71418945079307,-392.5129,12.79871054920693,1,0
md6n,4164,-380.55080774575265,-392.4991,11.948292254247349,1,0
md6n,4165,-377.45707739650607,-388.7574,11.300322603493953,1,8
md6n,4166,-377.13238050457414,-388.5387,11.406319495425862,1,8
md6n,4167,-378.23594594608244,-390.1405,11.904554053917536,1,0
md6n,4168,-377.85882435867114,-390.1307,12.271875641328847,1,4
md6n,4169,-380.5578389952803,-393.1344,12.576561004719736,1,1
md6n,4170,-383.56686114205706,-396.5207,12.953838857942912,1,0
md6n,4171,-380.4009131769186,-393.4341,13.033186823081394,1,6
md6n,4172,-378.59673658566555,-391.5719,12.975163414334475,1,7
md6n,4173,-380.10363407952946,-392.7551,12.65146592047057,1,7
md6n,4174,-377.7337685183027,-389.4199,11.68613148169726,1,1
md6n,4175,-376.62692433719,-387.6189,10.991975662809978,1,8
md6n,4176,-377.33473177184453,-388.2597,10.924968228155478,1,9
md6n,4177,-376.46667899107723,-387.8795,11.412821008922776,1,1
md6n,4178,-377.7548547368452,-390.1926,12.437745263154852,1,5
md6n,4179,-382.1495494856746,-395.9466,13.797050514325406,1,2
md6n,4180,-381.85003331510865,-396.4796,14.629566684891358,1,8
md6n,4181,-378.2415991836698,-392.6635,14.421900816330208,1,4
md6n,4182,-379.2926056424094,-392.9847,13.692094357590577,1,0
md6n,4183,-378.4945967829102,-390.9308,12.43620321708977,1,8
md6n,4184,-377.36578473161205,-389.1111,11.74531526838797,1,8
md6n,4185,-377.47907036696876,-389.5894,12.110329633031256,1,0
md6n,4186,-375.78819384364976,-388.7475,12.959306156350237,1,8
md6n,4187,-376.1699389246421,-390.0359,13.865961075357916,1,6
md6n,4188,-381.0184928311592,-395.5673,14.548807168840767,1,2
md6n,4189,-382.8986652761506,-397.6513,14.752634723849383,1,5
md6n,4190,-379.43176288761225,-393.8082,14.376437112387748,1,4
md6n,4191,-379.64338561496123,-393.791,14.147614385038764,1,7
md6n,4192,-379.72228809495687,-393.4542,13.731911905043148,1,9
md6n,4193,-378.3395886352315,-391.5803,13.240711364768515,1,2
md6n,4194,-378.15510446028946,-391.2515,13.096395539710556,1,6
md6n,4195,-376.1739054153526,-389.2373,13.063394584647426,1,7
md6n,4196,-375.6290460124774,-388.9144,13.285353987522626,1,8
md6n,4197,-379.35987596956016,-393.1748,13.81492403043984,1,7
md6n,4198,-382.15529433975183,-396.8045,14.649205660248185,1,8
md6n,4199,-379.8704469709383,-395.2583,15.387853029061716,1,4
md6n,4200,-378.4777242939718,-394.2456,15.767875706028235,1,4
md6n,4201,-378.8933172643914,-394.2079,15.31458273560861,1,4
md6n,4202,-377.53010261778786,-391.5661,14.035997382212145,1,8
md6n,4203,-378.0922618438153,-391.3941,13.301838156184658,1,3
md6n,4204,-376.3379490795622,-389.5466,13.208650920437833,1,5
md6n,4205,-374.242139725685,-388.012,13.769860274315022,1,6
md6n,4206,-377.0811518432046,-391.8821,14.800948156795357,1,4
md6n,4207,-381.0937695583379,-396.9975,15.903730441662105,1,2
md6n,4208,-380.7065745529883,-397.2722,16.565625447011712,1,2
md6n,4209,-378.4973973601003,-394.8907,16.393302639899673,1,6
md6n,4210,-379.63580215662364,-395.4474,15.811597843376376,1,2
md6n,4211,-378.4309277358025,-393.209,14.778072264197476,1,6
md6n,4212,-378.6187326936451,-392.9516,14.332867306354899,1,8
md6n,4213,-377.2424413660438,-391.601,14.358558633956193,1,1
md6n,4214,-374.472888330522,-389.0934,14.620511669477992,1,5
md6n,4215,-376.589622005219,-391.775,15.185377994780993,1,2
md6n,4216,-380.31272668663445,-395.9177,15.604973313365576,1,6
md6n,4217,-380.75797828965113,-396.5894,15.831421710348877,1,8
md6n,4218,-379.3210318454161,-395.1505,15.829468154583935,1,6
md6n,4219,-380.86551279589696,-396.763,15.897487204103015,1,7
md6n,4220,-379.7609583986717,-395.1135,15.352541601328312,1,9
md6n,4221,-378.4449852148308,-393.0355,14.590514785169205,1,2
md6n,4222,-377.9353686560566,-391.9947,14.059331343943427,1,8
md6n,4223,-374.8575525879816,-388.4082,13.550647412018407,1,1
md6n,4224,-375.47478020912547,-389.0474,13.572619790874512,1,7
md6n,4225,-378.61638204121795,-392.6489,14.03251795878208,1,4
md6n,4226,-379.4480122590045,-394.4519,15.003887740995538,1,6
md6n,4227,-378.1162446484186,-394.0501,15.933855351581371,1,2
md6n,4228,-379.2735456537733,-395.488,16.214454346226717,1,9
md6n,4229,-380.68872691354954,-396.3009,15.612173086450468,1,0
md6n,4230,-378.3513029918731,-392.6707,14.319397008126884,1,8
md6n,4231,-378.2889033974823,-391.8825,13.59359660251772,1,4
md6n,4232,-375.89673738586293,-388.9919,13.095162614137053,1,8
md6n,4233,-375.146714216106,-388.4077,13.260985783894,1,7
md6n,4234,-377.8548233549903,-391.891,14.036176645009732,1,6
md6n,4235,-378.82263830301315,-393.6674,14.844761696986836,1,3
md6n,4236,-377.86263585448125,-393.0883,15.22566414551875,1,7
md6n,4237,-378.6646883884607,-393.4907,14.826011611539286,1,9
md6n,4238,-382.09528116590786,-396.2949,14.19961883409212,1,5
md6n,4239,-380.00562956774434,-393.1484,13.142770432255645,1,9
md6n,4240,-378.5065859890214,-391.156,12.649414010978603,1,0
md6n,4241,-377.0781234800106,-389.5744,12.496276519989408,1,6
md6n,4242,-376.07704673683753,-388.5289,12.45185326316249,1,2
md6n,4243,-378.55566354603104,-391.2679,12.712236453968956,1,4
md6n,4244,-379.3051068966873,-392.3018,12.996693103312737,1,3
md6n,4245,-377.6335401110541,-391.0921,13.4585598889459,1,2
md6n,4246,-377.4600775217633,-391.1571,13.697022478236704,1,6
md6n,4247,-381.9632756523052,-395.7441,13.780824347694818,1,6
md6n,4248,-382.0386967066844,-395.3832,13.344503293315597,1,0
md6n,4249,-377.8418219752523,-390.5069,12.665078024747686,1,8
md6n,4250,-376.5784215792542,-388.6648,12.086378420745802,1,1
md6n,4251,-375.81154098078224,-386.9873,11.175759019217764,1,9
md6n,4252,-377.87288497535894,-388.7099,10.837015024641062,1,6
md6n,4253,-379.0014228046909,-390.2537,11.252277195309091,1,1
md6n,4254,-377.1413030693581,-389.4701,12.328796930641886,1,9
md6n,4255,-375.72466535872235,-388.952,13.22733464127765,1,4
md6n,4256,-379.5351376299714,-392.939,13.403862370028605,1,4
md6n,4257,-383.626201625161,-396.5686,12.942398374839001,1,2
md6n,4258,-379.7663945178123,-391.5605,11.794105482187717,1,5
md6n,4259,-377.11861105272874,-388.248,11.129388947271252,1,5
md6n,4260,-376.4643515564173,-387.2366,10.772248443582725,1,2
md6n,4261,-378.29771489288675,-389.2128,10.91508510711327,1,0
md6n,4262,-380.1484778266847,-391.6937,11.545222173315267,1,5
md6n,4263,-378.27056943780013,-390.5612,12.290630562199851,1,6
md6n,4264,-375.60131007044754,-388.2971,12.695789929552461,1,7
md6n,4265,-378.21499589719673,-390.6224,12.407404102803298,1,3
md6n,4266,-384.84721309327347,-396.8286,11.981386906726527,1,0
md6n,4267,-382.9678639413989,-394.3694,11.401536058601096,1,4
md6n,4268,-377.6130801475747,-388.8257,11.212619852425291,1,7
md6n,4269,-376.8079572071051,-387.9051,11.097142792894886,1,5
md6n,4270,-379.1135155434545,-389.6811,10.56758445654549,1,1
md6n,4271,-381.624467315485,-391.8728,10.248332684514992,1,3
md6n,4272,-380.0447397560256,-390.4626,10.417860243974417,1,7
md6n,4273,-375.92380816733584,-386.943,11.019191832664148,1,6
md6n,4274,-376.1102307207146,-387.6813,11.571069279285439,1,9
md6n,4275,-382.8102108390765,-394.864,12.053789160923486,1,0
md6n,4276,-384.6600632557914,-396.8664,12.206336744208613,1,8
md6n,4277,-378.34594342899896,-390.194,11.848056571001052,1,5
md6n,4278,-375.5993484742437,-386.9324,11.333051525756275,1,3
md6n,4279,-378.04279585794313,-388.6305,10.58770414205685,1,3
md6n,4280,-381.8342294758132,-392.1317,10.29747052418685,1,7
md6n,4281,-381.719589046426,-392.6216,10.902010953574006,1,3
md6n,4282,-377.149496467386,-389.2067,12.05720353261404,1,6
md6n,4283,-374.9386632755713,-387.7803,12.841636724428724,1,3
md6n,4284,-380.79211797113885,-393.5965,12.804382028861141,1,9
md6n,4285,-386.677461470086,-398.9308,12.253338529914004,1,3
md6n,4286,-382.0610937935938,-393.5574,11.496306206406189,1,5
md6n,4287,-376.3601127327947,-387.564,11.203887267205346,1,5
md6n,4288,-377.89900633411213,-389.0851,11.186093665887881,1,9
md6n,4289,-382.4951255178987,-393.6838,11.188674482101305,1,9
md6n,4290,-383.9742136511258,-395.5827,11.60848634887418,1,2
md6n,4291,-379.7885336981282,-392.0554,12.2668663018718,1,3
md6n,4292,-375.74958064331184,-388.4253,12.675719356688148,1,8
md6n,4293,-379.6843758232956,-392.4325,12.74812417670438,1,5
md6n,4294,-386.91623843771134,-399.769,12.852761562288663,1,9
md6n,4295,-385.2521158032422,-398.305,13.052884196757816,1,7
md6n,4296,-377.78116999627804,-390.9623,13.18113000372199,1,8
md6n,4297,-377.0594933356018,-390.0877,13.02820666439817,1,0
md6n,4298,-381.8016535491162,-394.1494,12.34774645088379,1,2
md6n,4299,-384.8297683152747,-396.7307,11.900931684725322,1,8
md6n,4300,-381.6428150803838,-393.8368,12.193984919616184,1,9
md6n,4301,-376.00138471859844,-388.915,12.913615281401576,1,0
md6n,4302,-377.1505280937597,-390.6861,13.535571906240307,1,0
md6n,4303,-384.68585077918806,-398.4614,13.775549220811968,1,9
md6n,4304,-387.0235583353812,-400.7837,13.7601416646188,1,6
md6n,4305,-379.9870841371457,-393.4542,13.467115862854314,1,9
md6n,4306,-376.4043352450565,-389.5296,13.125264754943544,1,1
md6n,4307,-380.8319215580564,-393.5424,12.710478441943565,1,7
md6n,4308,-385.4396189288278,-398.0453,12.605681071172171,1,4
md6n,4309,-384.2047382346937,-397.5396,13.3348617653063,1,1
md6n,4310,-378.25116431860425,-392.5594,14.308235681395729,1,6
md6n,4311,-376.84529154203307,-391.6656,14.820308457966917,1,0
md6n,4312,-383.3891691352927,-398.0774,14.688230864707293,1,9
md6n,4313,-388.3379043858781,-402.7001,14.362195614121902,1,7
md6n,4314,-383.48342741247365,-397.5327,14.049272587526332,1,8
md6n,4315,-377.65199016014265,-391.4794,13.827409839857353,1,2
md6n,4316,-380.24367862376295,-393.8391,13.595421376237027,1,3
md6n,4317,-385.4717668936649,-398.7324,13.260633106335092,1,5
md6n,4318,-386.1236412244362,-399.4623,13.338658775563829,1,7
md6n,4319,-380.6871098202595,-394.3692,13.682090179740499,1,0
md6n,4320,-377.41251163633723,-391.3992,13.986688363662779,1,5
md6n,4321,-382.123199085768,-396.2222,14.099000914231965,1,3
md6n,4322,-388.1294819594997,-402.3478,14.218318040500321,1,5
md6n,4323,-385.6243509701668,-400.0601,14.435749029833175,1,7
md6n,4324,-378.6189818150487,-393.1214,14.502418184951296,1,5
md6n,4325,-379.0886002590077,-393.4074,14.31879974099229,1,2
md6n,4326,-383.9940147290819,-397.6748,13.68078527091808,1,7
md6n,4327,-386.1109215967048,-399.4909,13.379978403295183,1,1
md6n,4328,-382.1521128640249,-395.8583,13.706187135975085,1,1
md6n,4329,-377.6108832350412,-391.8141,14.203216764958825,1,6
md6n,4330,-380.0545245194202,-394.5206,14.466075480579775,1,8
md6n,4331,-386.5318521670955,-400.9765,14.44464783290448,1,0
md6n,4332,-387.27064228042735,-401.6267,14.356057719572675,1,9
md6n,4333,-381.20296822105416,-395.2413,14.03833177894586,1,4
md6n,4334,-379.4439303065336,-393.0334,13.589469693466356,1,9
md6n,4335,-383.3980596969771,-396.4299,13.031840303022875,1,9
md6n,4336,-386.6130023878251,-399.5256,12.91259761217492,1,1
md6n,4337,-384.42605599160026,-397.8793,13.453244008399736,1,0
md6n,4338,-379.39468018410145,-393.4641,14.069419815898527,1,4
md6n,4339,-379.6439823770808,-393.9897,14.34571762291921,1,5
md6n,4340,-385.46167716035376,-399.6696,14.207922839646244,1,8
md6n,4341,-388.152544206966,-402.1357,13.983155793033973,1,9
md6n,4342,-383.42375999655013,-397.1519,13.72814000344988,1,4
md6n,4343,-380.4709916112998,-394.118,13.647008388700215,1,6
md6n,4344,-383.26503447956463,-396.7835,13.51846552043537,1,0
md6n,4345,-386.02115942878066,-399.2924,13.271240571219323,1,3
md6n,4346,-385.1766489405468,-398.4274,13.250751059453194,1,1
md6n,4347,-380.9088743642695,-394.1385,13.229625635730542,1,9
md6n,4348,-379.6250874233989,-392.7472,13.122112576601126,1,6
md6n,4349,-383.7075959472674,-396.7218,13.014204052732566,1,0
md6n,4350,-386.97706235446213,-400.1804,13.203337645537886,1,4
md6n,4351,-383.8674302743965,-397.3747,13.507269725603521,1,2
md6n,4352,-380.6234614810481,-394.2764,13.652938518951942,1,6
md6n,4353,-382.5398299577377,-395.9282,13.388370042262295,1,0
md6n,4354,-384.5610453153727,-397.2802,12.719154684627256,1,3
md6n,4355,-385.0557955347219,-397.6242,12.568404465278093,1,1
md6n,4356,-382.28485444692063,-395.1687,12.883845553079368,1,2
md6n,4357,-380.011329868512,-393.3237,13.312370131487967,1,5
md6n,4358,-382.3193329839345,-395.8896,13.570267016065486,1,8
md6n,4359,-386.17053190910883,-399.7988,13.628268090891197,1,7
md6n,4360,-385.2450738860147,-398.6141,13.369026113985285,1,8
md6n,4361,-382.23635482650167,-395.0557,12.819345173498334,1,1
md6n,4362,-383.5949924153438,-396.013,12.418007584656152,1,7
md6n,4363,-384.8557522492218,-396.9477,12.091947750778218,1,4
md6n,4364,-385.07236117123375,-397.3688,12.29643882876627,1,1
md6n,4365,-383.5852879732358,-396.3545,12.769212026764194,1,1
md6n,4366,-381.57146217340147,-394.6097,13.038237826598504,1,1
md6n,4367,-382.4574140493114,-395.4628,13.005385950688606,1,3
md6n,4368,-385.4132760589616,-398.3585,12.945223941038364,1,8
md6n,4369,-385.20949908906726,-398.2121,13.002600910932756,1,6
md6n,4370,-382.7805070256665,-395.8424,13.061892974333489,1,8
md6n,4371,-384.5270493335821,-397.872,13.344950666417901,1,1
md6n,4372,-385.2241087769056,-398.5136,13.289491223094387,1,3
md6n,4373,-383.70813937088764,-396.7654,13.057260629112363,1,3
md6n,4374,-383.24342617280166,-396.2152,12.97177382719832,1,7
md6n,4375,-382.38537025384886,-395.218,12.832629746151156,1,8
md6n,4376,-382.23309302963077,-395.0101,12.777006970369257,1,3
md6n,4377,-383.6912737846289,-396.6776,12.986326215371093,1,5
md6n,4378,-383.88087781373457,-397.2607,13.379822186265415,1,8
md6n,4379,-382.0139119442214,-395.4403,13.426388055778602,1,6
md6n,4380,-384.0700959241338,-397.4056,13.335504075866197,1,3
md6n,4381,-386.2088577099099,-399.3532,13.144342290090094,1,7
md6n,4382,-383.5943366673373,-396.5395,12.945163332662673,1,0
md6n,4383,-382.9530647455472,-396.249,13.295935254452843,1,3
md6n,4384,-383.41404300423216,-397.0743,13.660256995767838,1,8
md6n,4385,-383.3439702175239,-397.1755,13.831529782476082,1,9
md6n,4386,-383.63573475713855,-397.548,13.912265242861451,1,7
md6n,4387,-383.74001436890785,-397.7472,14.00718563109217,1,2
md6n,4388,-382.2061282973678,-396.0207,13.814571702632179,1,2
md6n,4389,-384.0991741099841,-397.7048,13.605625890015858,1,7
md6n,4390,-387.6856416263869,-401.3833,13.697658373613137,1,7
md6n,4391,-384.4227226584898,-398.0697,13.646977341510194,1,1
md6n,4392,-382.16913470033336,-396.0499,13.88076529966662,1,5
md6n,4393,-383.74697470984194,-397.8005,14.053525290158063,1,4
md6n,4394,-384.81314369273326,-398.7862,13.973056307266745,1,0
md6n,4395,-384.2574409171596,-398.2038,13.946359082840388,1,2
md6n,4396,-383.19074796325236,-397.4176,14.22685203674763,1,1
md6n,4397,-381.28092378834356,-395.6996,14.418676211656418,1,7
md6n,4398,-382.6608138856891,-397.037,14.376186114310883,1,5
md6n,4399,-387.8576289397173,-402.4721,14.61447106028271,1,4
md6n,4400,-385.440707031075,-400.159,14.71829296892497,1,0
md6n,4401,-380.47386874461364,-395.3123,14.838431255386354,1,0
md6n,4402,-382.06914976695816,-396.9789,14.909750233041848,1,5
md6n,4403,-385.02394626462495,-399.5622,14.538253735375065,1,5
md6n,4404,-384.8759800341737,-399.055,14.179019965826285,1,2
md6n,4405,-382.95825739081437,-397.1729,14.21464260918566,1,8
md6n,4406,-380.7707694534794,-395.146,14.37523054652064,1,4
md6n,4407,-381.2636540856381,-395.4185,14.154845914361886,1,0
md6n,4408,-387.4582395325163,-401.5361,14.077860467483674,1,1
md6n,4409,-387.98161487557866,-401.9866,14.004985124421353,1,8
md6n,4410,-381.40230744021807,-395.2666,13.864292559781916,1,7
md6n,4411,-381.34216311674425,-395.3971,14.054936883255778,1,3
md6n,4412,-385.500040611642,-399.6405,14.140459388357954,1,5
md6n,4413,-386.40338392733673,-400.5832,14.179816072663243,1,4
md6n,4414,-383.89306907792644,-398.3222,14.429130922073568,1,5
md6n,4415,-380.99306173338283,-395.674,14.680938266617147,1,9
md6n,4416,-380.3875089358833,-394.7088,14.321291064116679,1,8
md6n,4417,-386.379862342557,-400.2919,13.912037657443022,1,6
md6n,4418,-389.6491103762982,-403.5343,13.885189623701763,1,7
md6n,4419,-382.7654555707516,-396.7623,13.99684442924837,1,1
md6n,4420,-379.7622316164087,-394.1553,14.393068383591299,1,3
md6n,4421,-384.51137413376034,-398.9248,14.413425866239663,1,5
md6n,4422,-387.4105393599436,-401.2757,13.865160640056388,1,1
md6n,4423,-384.9253826413501,-398.2968,13.371417358649921,1,7
md6n,4424,-380.7898269322447,-394.0434,13.253573067755326,1,6
md6n,4425,-378.84416942614894,-391.9061,13.061930573851043,1,1
md6n,4426,-383.76291660130425,-396.7048,12.941883398695722,1,8
md6n,4427,-389.592531564605,-402.9334,13.34086843539501,1,8
md6n,4428,-384.5114883406567,-398.206,13.694511659343334,1,6
md6n,4429,-378.3814310019801,-392.1699,13.78846899801988,1,2
md6n,4430,-382.404417692275,-395.963,13.558582307725032,1,8
md6n,4431,-387.5743696707266,-400.5597,12.985330329273438,1,0
md6n,4432,-386.4251829972625,-399.1663,12.741117002737496,1,2
md6n,4433,-381.8141648435906,-394.8936,13.079435156409374,1,1
md6n,4434,-378.67484024531825,-391.9264,13.25155975468175,1,3
md6n,4435,-381.79260862003485,-394.6228,12.830191379965129,1,6
md6n,4436,-388.9503372031678,-401.3835,12.433162796832221,1,4
md6n,4437,-387.0108876534829,-399.1635,12.152612346517117,1,5
md6n,4438,-379.4054972015159,-391.4904,12.084902798484109,1,1
md6n,4439,-380.82800777819926,-393.176,12.347992221800723,1,5
md6n,4440,-387.0126478191094,-399.3662,12.353552180890574,1,9
md6n,4441,-387.8556096124906,-400.0253,12.169690387509434,1,5
md6n,4442,-383.3096040048963,-395.4273,12.117695995103702,1,0
md6n,4443,-378.9452048112842,-390.94,11.994795188715784,1,2
md6n,4444,-380.3985317765413,-392.0281,11.629568223458705,1,9
md6n,4445,-387.54474868861666,-399.2094,11.664651311383352,1,8
md6n,4446,-388.20069555930843,-400.4928,12.29210444069156,1,8
md6n,4447,-380.11494933989394,-393.0779,12.96295066010606,1,3
md6n,4448,-378.32027262236943,-391.5743,13.254027377630564,1,5
md6n,4449,-384.8677577705631,-397.6696,12.801842229436886,1,3
md6n,4450,-387.89787805858896,-399.8601,11.96222194141103,1,8
md6n,4451,-384.1309116831982,-395.7519,11.6209883168018,1,7
md6n,4452,-378.76356513919575,-390.4891,11.72553486080426,1,3
md6n,4453,-378.44633436133097,-390.1009,11.654565638669055,1,9
md6n,4454,-384.82812925908155,-396.3113,11.483170740918467,1,1
md6n,4455,-388.09811210710916,-399.6194,11.521287892890825,1,0
md6n,4456,-381.9825094612279,-393.5925,11.609990538772081,1,3
md6n,4457,-377.7891525508927,-389.4669,11.6777474491073,1,5
md6n,4458,-382.9096335234452,-394.5814,11.671766476554751,1,9
md6n,4459,-387.52718719370813,-399.0191,11.49191280629185,1,1
md6n,4460,-385.6771433864698,-397.2854,11.608256613530159,1,5
md6n,4461,-380.12012817994446,-392.0069,11.886771820055515,1,9
md6n,4462,-377.93848549822366,-389.7659,11.827414501776332,1,5
md6n,4463,-382.9469929587931,-394.5354,11.588407041206892,1,7
md6n,4464,-387.5471595820801,-399.1911,11.643940417919907,1,9
md6n,4465,-383.55174756373845,-395.5882,12.036452436261527,1,8
md6n,4466,-378.0773766791467,-390.5247,12.447323320853286,1,1
md6n,4467,-381.1185718910378,-393.7613,12.642728108962217,1,8
md6n,4468,-386.3619444220281,-398.7417,12.379755577971878,1,9
md6n,4469,-386.2019262344159,-398.3529,12.15097376558407,1,5
md6n,4470,-380.94958031058377,-393.0776,12.128019689416249,1,3
md6n,4471,-377.4222336486821,-389.4569,12.034666351317924,1,9
md6n,4472,-381.1676438006598,-393.1154,11.947756199340233,1,3
md6n,4473,-385.7563113030992,-397.8635,12.107188696900778,1,7
md6n,4474,-383.03621609562055,-395.682,12.64578390437947,1,5
md6n,4475,-377.39445252598205,-390.6104,13.21594747401798,1,9
md6n,4476,-378.9481126926909,-392.5313,13.58318730730906,1,9
md6n,4477,-384.1183357553066,-397.5648,13.446464244693402,1,9
md6n,4478,-385.03664706697003,-398.1673,13.130652933029978,1,9
md6n,4479,-381.3479512689816,-394.4397,13.091748731018413,1,8
md6n,4480,-377.0655500621325,-390.0097,12.944149937867508,1,7
md6n,4481,-379.24375273402956,-392.0273,12.78354726597047,1,4
md6n,4482,-383.9644634007015,-396.7734,12.808936599298477,1,2
md6n,4483,-382.86404805946654,-396.0425,13.178451940533478,1,8
md6n,4484,-377.93270989619623,-391.5049,13.572190103803791,1,0
md6n,4485,-378.0895723360048,-391.6751,13.585527663995208,1,2
md6n,4486,-382.6455158195267,-395.8255,13.179984180473298,1,0
md6n,4487,-383.9333627501077,-396.7257,12.792337249892341,1,0
md6n,4488,-382.04784705747227,-395.1766,13.12875294252774,1,3
md6n,4489,-377.59349493291586,-391.0518,13.458305067084154,1,0
md6n,4490,-378.111621782341,-391.7923,13.680678217659022,1,4
md6n,4491,-382.5802390916793,-396.4625,13.882260908320688,1,0
md6n,4492,-381.912463030089,-395.976,14.063536969911013,1,6
md6n,4493,-377.2566996482887,-391.502,14.245300351711307,1,0
md6n,4494,-377.29834372197683,-391.6968,14.398456278023161,1,4
md6n,4495,-381.8658691575037,-396.54,14.67413084249631,1,9
md6n,4496,-382.0971655784845,-396.8531,14.755934421515462,1,5
md6n,4497,-380.1560022991354,-395.0285,14.872497700864585,1,2
md6n,4498,-377.11939732271907,-391.622,14.502602677280947,1,4
md6n,4499,-377.0294707472014,-390.813,13.783529252798587,1,6
md6n,4500,-380.9577755911217,-394.3887,13.430924408878298,1,0
md6n,4501,-380.4424373961801,-394.0367,13.594262603819914,1,6
md6n,4502,-375.4731900987654,-389.7117,14.238509901234636,1,8
md6n,4503,-375.16527219677187,-389.9379,14.772627803228147,1,8
md6n,4504,-380.9212162309808,-395.7422,14.820983769019222,1,3
md6n,4505,-382.21864147435224,-396.4525,14.233858525647747,1,8
md6n,4506,-378.8249418922599,-392.6404,13.815458107740085,1,9
md6n,4507,-377.35482715201726,-391.3562,14.001372847982736,1,7
md6n,4508,-376.9073209055869,-390.916,14.008679094413083,1,2
md6n,4509,-380.001477961544,-394.2253,14.223822038455978,1,1
md6n,4510,-380.14581090913794,-394.6645,14.51868909086204,1,2
md6n,4511,-375.11166715505203,-389.7272,14.61553284494795,1,1
md6n,4512,-374.1361131261452,-388.4276,14.291486873854808,1,2
md6n,4513,-380.2223257134373,-393.9773,13.754974286562742,1,4
md6n,4514,-382.74799447752275,-396.2331,13.485105522477227,1,0
md6n,4515,-377.9498691571682,-391.5879,13.638030842831768,1,9
md6n,4516,-376.9048303183402,-391.1411,14.236269681659792,1,0
md6n,4517,-377.2630023587062,-391.2963,14.033297641293757,1,8
md6n,4518,-379.6555567989028,-393.2286,13.573043201097164,1,8
md6n,4519,-380.16153442728944,-393.5933,13.43176557271056,1,1
md6n,4520,-374.82719867423805,-388.3626,13.535401325761939,1,5
md6n,4521,-371.72813323503385,-385.5173,13.789166764966126,1,9
md6n,4522,-377.5395522908193,-391.5908,14.0512477091807,1,2
md6n,4523,-383.20048817348015,-397.532,14.33151182651983,1,4
md6n,4524,-378.23967084542966,-392.5092,14.269529154570364,1,9
md6n,4525,-373.4269728602206,-387.5316,14.104627139779438,1,2
md6n,4526,-376.02776272893834,-389.7157,13.687937271061685,1,7
md6n,4527,-379.7472284798236,-392.8073,13.060071520176393,1,4
md6n,4528,-380.5952875369619,-393.6748,13.0795124630381,1,4
md6n,4529,-375.4434429871952,-388.8886,13.44515701280477,1,3
md6n,4530,-370.31510370697816,-383.8426,13.52749629302184,1,2
md6n,4531,-374.7545342712428,-387.8373,13.082765728757238,1,4
md6n,4532,-382.99503010438184,-395.3805,12.385469895618144,1,9
md6n,4533,-381.274095852046,-393.2492,11.97510414795397,1,0
md6n,4534,-373.3957278822836,-385.4793,12.083572117716415,1,0
md6n,4535,-374.86261784863916,-387.5416,12.678982151360856,1,3
md6n,4536,-379.4861642395189,-392.2015,12.715335760481082,1,2
md6n,4537,-380.76520281235497,-393.4082,12.64299718764505,1,7
md6n,4538,-377.0127670585227,-389.8271,12.81433294147729,1,0
md6n,4539,-370.9907782370191,-383.7392,12.748421762980911,1,5
md6n,4540,-372.4025270171546,-384.8003,12.397772982845368,1,2
md6n,4541,-380.921152225067,-392.9281,12.006947774932996,1,9
md6n,4542,-383.4342582388315,-395.4433,12.009041761168533,1,2
md6n,4543,-375.42493834488596,-387.6524,12.227461655114041,1,6
md6n,4544,-372.5201041933886,-385.0073,12.487195806611396,1,2
md6n,4545,-378.7237075865608,-391.1216,12.397892413439195,1,7
md6n,4546,-381.58507914036,-393.6057,12.020620859640019,1,6
md6n,4547,-378.5140050397656,-390.7314,12.217394960234401,1,4
md6n,4548,-371.6371486775731,-384.0163,12.379151322426878,1,8
md6n,4549,-369.55583166726376,-381.6816,12.125768332736243,1,1
md6n,4550,-377.1821163197464,-388.9323,11.750183680253599,1,1
md6n,4551,-383.5380000746535,-395.1451,11.607099925346517,1,0
md6n,4552,-378.94921271764474,-390.9478,11.998587282355231,1,6
md6n,4553,-371.3273156150528,-383.6586,12.331284384947196,1,2
md6n,4554,-376.4382471403976,-389.0202,12.581952859602382,1,3
md6n,4555,-382.27635294145955,-394.4266,12.150247058540458,1,2
md6n,4556,-380.68086986089173,-392.5044,11.823530139108243,1,5
md6n,4557,-374.7292148703493,-386.6099,11.880685129650658,1,3
md6n,4558,-369.9431797850036,-381.5945,11.65132021499636,1,8
md6n,4559,-374.10517374562795,-385.4053,11.30012625437206,1,3
md6n,4560,-381.6123337821733,-392.4958,10.883466217826651,1,3
md6n,4561,-381.8916993516998,-392.8321,10.940400648300226,1,8
md6n,4562,-374.077690690022,-385.2223,11.144609309978023,1,3
md6n,4563,-374.1199114454366,-385.6287,11.508788554563353,1,5
md6n,4564,-381.5479543936957,-393.3732,11.825245606304293,1,0
md6n,4565,-382.1668348762494,-394.1491,11.982265123750551,1,3
md6n,4566,-377.7784798608214,-390.4227,12.644220139178628,1,7
md6n,4567,-371.6147421779706,-384.4319,12.817157822029401,1,9
md6n,4568,-371.9309877652812,-384.4189,12.487912234718806,1,7
md6n,4569,-378.9659917075832,-391.0075,12.04150829241678,1,8
md6n,4570,-382.5456532505915,-394.6315,12.085846749408518,1,2
md6n,4571,-377.13922852126467,-389.9389,12.79967147873532,1,1
md6n,4572,-372.202291086267,-385.6535,13.451208913733012,1,5
md6n,4573,-379.0807852493606,-393.0238,13.943014750639406,1,2
md6n,4574,-382.2690217421851,-395.7178,13.448778257814922,1,2
md6n,4575,-379.59463750064197,-392.6616,13.066962499358056,1,6
md6n,4576,-374.0691471414074,-386.7787,12.709552858592588,1,3
md6n,4577,-371.3641347642972,-383.5748,12.210665235702777,1,8
md6n,4578,-376.0644093129029,-388.0077,11.94329068709709,1,9
md6n,4579,-381.4282267407479,-393.3652,11.936973259252113,1,8
md6n,4580,-380.89957592111824,-393.5161,12.616524078881753,1,3
md6n,4581,-374.2934731812577,-387.3202,13.026726818742304,1,8
md6n,4582,-376.81864307488974,-390.1953,13.37665692511024,1,8
md6n,4583,-382.54710217112523,-395.9673,13.420197828874791,1,6
md6n,4584,-381.83934995733745,-395.3932,13.553850042662532,1,5
md6n,4585,-377.5153410724233,-391.5932,14.077858927576699,1,8
md6n,4586,-372.6460805908939,-386.6675,14.021419409106102,1,9
md6n,4587,-374.03403105427003,-387.5643,13.530268945729972,1,1
md6n,4588,-379.34390395750836,-392.1033,12.75939604249163,1,7
md6n,4589,-382.14785458125397,-394.7196,12.571745418746048,1,5
md6n,4590,-377.61538687433824,-390.4847,12.869313125661733,1,5
md6n,4591,-376.12769244144687,-389.7298,13.602107558553143,1,2
md6n,4592,-381.67565707121787,-396.1203,14.444642928782116,1,7
md6n,4593,-382.4341296633714,-396.9863,14.552170336628649,1,4
md6n,4594,-379.86256983788746,-394.4018,14.539230162112517,1,0
md6n,4595,-374.9937837538949,-389.0239,14.030116246105138,1,4
md6n,4596,-373.5807347730922,-387.0118,13.431065226907776,1,8
md6n,4597,-376.92741252073944,-389.9672,13.039787479260553,1,7
md6n,4598,-380.69423268627696,-394.0469,13.352667313723032,1,6
md6n,4599,-379.16408469194005,-393.4739,14.309815308059967,1,0
md6n,4600,-375.5157917527169,-390.517,15.001208247283103,1,3
md6n,4601,-379.9561334614253,-395.3805,15.424366538574702,1,7
md6n,4602,-382.6458076115871,-397.6991,15.053292388412899,1,4
md6n,4603,-381.60582713102235,-396.3775,14.771672868977646,1,4
md6n,4604,-378.00700708020844,-392.4698,14.462792919791582,1,4
md6n,4605,-375.02465850099486,-388.8529,13.828241499005117,1,4
md6n,4606,-376.01681769955354,-389.0328,13.015982300446467,1,5
md6n,4607,-379.62486340227247,-392.015,12.390136597727519,1,1
md6n,4608,-381.042957563625,-393.455,12.412042436374975,1,4
md6n,4609,-377.40508254539657,-389.9645,12.55941745460342,1,9
md6n,4610,-379.14888577216516,-392.3638,13.214914227834868,1,4
md6n,4611,-382.2697709890489,-396.0704,13.800629010951127,1,7
md6n,4612,-382.065378431934,-396.2312,14.165821568066008,1,2
md6n,4613,-380.27606378743974,-394.5877,14.311636212560245,1,6
md6n,4614,-377.26661367880314,-391.1687,13.902086321196862,1,5
md6n,4615,-376.32493954228045,-389.5817,13.256760457719565,1,2
md6n,4616,-378.2976835174332,-390.9984,12.700716482566804,1,2
md6n,4617,-380.6303358530226,-393.4299,12.799564146977389,1,9
md6n,4618,-378.54146299480897,-391.6905,13.149037005191019,1,5
md6n,4619,-378.9567641730255,-392.7334,13.776635826974541,1,1
md6n,4620,-382.0070181193572,-396.2592,14.252181880642809,1,9
md6n,4621,-381.4830347191147,-395.606,14.122965280885296,1,8
md6n,4622,-380.4870979103556,-394.2827,13.795602089644376,1,4
md6n,4623,-379.0246507149001,-392.0703,13.045649285099898,1,2
md6n,4624,-377.8294769710241,-389.9242,12.094723028975864,1,8
md6n,4625,-377.795133348803,-389.0588,11.263666651197013,1,8
md6n,4626,-379.566387000432,-390.7605,11.194112999568006,1,9
md6n,4627,-379.16834234720756,-390.7378,11.569457652792437,1,5
md6n,4628,-379.6063669176496,-391.7498,12.143433082350384,1,7
md6n,4629,-383.25239266310643,-396.1857,12.933307336893563,1,5
md6n,4630,-382.2340468447313,-395.4445,13.21045315526868,1,3
md6n,4631,-380.67018587561716,-393.8814,13.21121412438282,1,5
md6n,4632,-380.73285216179124,-393.4655,12.732647838208777,1,7
md6n,4633,-380.2356490058252,-392.0922,11.856550994174768,1,1
md6n,4634,-378.70035354689134,-389.6935,10.993146453108636,1,2
md6n,4635,-378.81606639079894,-389.5336,10.717533609201041,1,8
md6n,4636,-378.93418385313635,-389.7773,10.843116146863679,1,1
md6n,4637,-379.45765206769534,-390.437,10.979347932304677,1,6
md6n,4638,-383.6389093301858,-395.155,11.516090669814162,1,4
md6n,4639,-383.34937809872775,-395.2435,11.894121901272229,1,2
md6n,4640,-380.7359119004388,-392.9258,12.189888099561188,1,8
md6n,4641,-381.05864531365677,-393.2565,12.197854686343248,1,1
md6n,4642,-382.19492598889286,-393.8817,11.686774011107161,1,7
md6n,4643,-380.8569924650496,-391.8164,10.959407534950401,1,8
md6n,4644,-378.75774812151826,-389.336,10.578251878481751,1,5
md6n,4645,-377.9294575118758,-388.7132,10.783742488124176,1,3
md6n,4646,-378.3956415933987,-389.5683,11.172658406601329,1,1
md6n,4647,-383.3214350784477,-395.4687,12.147264921552335,1,3
md6n,4648,-384.4712574195252,-397.6688,13.19754258047476,1,3
md6n,4649,-379.7693613851059,-393.4182,13.648838614894089,1,7
md6n,4650,-379.33844713047137,-392.7446,13.406152869528626,1,4
md6n,4651,-383.1814118694712,-395.627,12.44558813052879,1,9
md6n,4652,-383.83381707379556,-395.1313,11.297482926204452,1,5
md6n,4653,-380.18328894390567,-390.8517,10.668411056094328,1,0
md6n,4654,-377.6487672687657,-388.5207,10.871932731234267,1,9
md6n,4655,-377.874030808629,-389.0354,11.161369191370966,1,9
md6n,4656,-383.2890994881073,-394.8662,11.577100511892695,1,0
md6n,4657,-386.7399432682735,-398.8992,12.159256731726487,1,0
md6n,4658,-381.46948113070937,-393.9923,12.522818869290631,1,2
md6n,4659,-378.2483813116511,-391.067,12.81861868834892,1,4
md6n,4660,-382.3425684241841,-395.0916,12.749031575815934,1,0
md6n,4661,-385.62512468994714,-397.8746,12.249475310052844,1,3
md6n,4662,-382.2368624821448,-394.0139,11.777037517855206,1,8
md6n,4663,-377.70225747622857,-389.5244,11.822142523771447,1,2
md6n,4664,-376.75566993643184,-388.6865,11.93083006356818,1,9
md6n,4665,-381.83692086613377,-393.9408,12.103879133866258,1,9
md6n,4666,-387.76317801700617,-400.7228,12.959621982993838,1,2
md6n,4667,-383.9452490445258,-398.0009,14.05565095547422,1,2
md6n,4668,-377.47570252074524,-392.2994,14.823697479254747,1,8
md6n,4669,-380.09553418050155,-394.8369,14.74136581949847,1,5
md6n,4670,-386.25367008146895,-400.1402,13.88652991853104,1,4
md6n,4671,-384.72530735303576,-397.7278,13.002492646964242,1,0
md6n,4672,-378.0903786862454,-390.8941,12.80372131375458,1,7
md6n,4673,-375.1814908202139,-388.2847,13.103209179786063,1,5
md6n,4674,-379.61272171141707,-393.0541,13.44137828858294,1,9
md6n,4675,-387.41134571018415,-401.5753,14.163954289815877,1,3
md6n,4676,-386.5142881621735,-401.5343,15.020011837826473,1,2
md6n,4677,-378.2453692636872,-393.6575,15.412130736312804,1,0
md6n,4678,-378.1768332489824,-393.4799,15.303066751017582,1,2
md6n,4679,-386.33693626594203,-401.0556,14.718663734057998,1,4
md6n,4680,-388.04072004249565,-401.9735,13.932779957504351,1,6
md6n,4681,-380.57362777435236,-394.1342,13.560572225647661,1,1
md6n,4682,-375.0600092768159,-388.6949,13.634890723184128,1,8
md6n,4683,-377.7430142507434,-391.2847,13.541685749256601,1,3
md6n,4684,-386.0978392681768,-399.7407,13.642860731823191,1,0
md6n,4685,-388.4638538004534,-402.8435,14.379646199546585,1,3
md6n,4686,-380.2726526430561,-395.5323,15.259647356943901,1,7
md6n,4687,-376.25251233798224,-391.9687,15.716187662017774,1,9
md6n,4688,-383.97068390732227,-399.3648,15.394116092677734,1,8
md6n,4689,-389.475936441551,-404.0121,14.536163558448948,1,3
md6n,4690,-383.4892751781013,-397.4276,13.938324821898675,1,4
md6n,4691,-375.6998981666389,-389.6382,13.938301833361095,1,6
md6n,4692,-375.99278030144427,-389.9723,13.979519698555748,1,9
md6n,4693,-383.8754153391674,-397.9598,14.084384660832598,1,3
md6n,4694,-388.9712847418974,-403.7671,14.795815258102607,1,3
md6n,4695,-382.5920049041674,-398.3109,15.718895095832579,1,2
md6n,4696,-375.04160440854025,-391.1502,16.108595591459732,1,7
md6n,4697,-380.36708536788433,-396.2257,15.858614632115689,1,8
md6n,4698,-389.20123766390833,-404.3322,15.13096233609167,1,8
md6n,4699,-386.27004934748425,-400.6684,14.398350652515774,1,6
md6n,4700,-376.8361688016785,-390.9145,14.07833119832145,1,3
md6n,4701,-374.75264546614255,-388.645,13.892354533857429,1,5
md6n,4702,-381.92009668912374,-395.5329,13.612803310876245,1,6
md6n,4703,-389.2514165011639,-403.13,13.878583498836122,1,9
md6n,4704,-386.1490491043027,-400.9052,14.75615089569726,1,5
md6n,4705,-376.77748469394174,-392.1217,15.344215306058231,1,2
md6n,4706,-378.2057394971989,-393.4111,15.205360502801057,1,1
md6n,4707,-388.23270547197865,-402.6085,14.375794528021345,1,9
md6n,4708,-388.95239543588843,-402.3118,13.359404564111571,1,3
md6n,4709,-379.5087734248482,-392.3904,12.881626575151813,1,0
md6n,4710,-374.4637718652011,-387.3099,12.846128134798903,1,1
md6n,4711,-379.4434985796536,-392.1499,12.706401420346424,1,2
md6n,4712,-387.4773836076019,-400.2397,12.762316392398134,1,3
md6n,4713,-387.74690229018734,-401.153,13.406097709812684,1,3
md6n,4714,-379.33564278826117,-393.3733,14.037657211738804,1,8
md6n,4715,-377.01124848425945,-391.2336,14.22235151574057,1,4
md6n,4716,-385.7129302818371,-399.6817,13.96876971816289,1,4
md6n,4717,-390.0785681800732,-403.5301,13.4515318199268,1,4
md6n,4718,-382.4067476369484,-395.4202,13.013452363051613,1,9
md6n,4719,-374.7135522207375,-387.3998,12.686247779262544,1,1
md6n,4720,-377.23088514196206,-389.4662,12.235314858037952,1,9
md6n,4721,-385.0984618220906,-397.0577,11.959238177909413,1,2
md6n,4722,-387.8990822502426,-400.4709,12.571817749757372,1,3
md6n,4723,-381.2941749169886,-394.8987,13.604525083011424,1,2
md6n,4724,-376.28193063436544,-390.3826,14.100669365634587,1,1
md6n,4725,-383.05017631062873,-396.7949,13.744723689371256,1,7
md6n,4726,-390.30301972188033,-403.1212,12.818180278119655,1,7
md6n,4727,-385.71782987989445,-397.6783,11.960470120105526,1,5
md6n,4728,-377.0492272719906,-388.6035,11.55427272800938,1,8
md6n,4729,-377.0098409793757,-388.4355,11.425659020624266,1,8
md6n,4730,-383.55064753864195,-394.9003,11.349652461358062,1,8
md6n,4731,-387.78594156973236,-399.5317,11.745758430267642,1,9
md6n,4732,-383.7643943874208,-396.2091,12.444705612579185,1,9
md6n,4733,-377.8259051842099,-390.5847,12.758794815790111,1,7
md6n,4734,-381.1064371027194,-393.7315,12.6250628972806,1,6
md6n,4735,-388.3769041324259,-400.6837,12.306795867574067,1,7
md6n,4736,-387.27263023220047,-399.3598,12.087169767799537,1,9
md6n,4737,-379.2465464085399,-391.1996,11.953053591460048,1,1
md6n,4738,-376.6920755629378,-388.4379,11.745824437062197,1,9
md6n,4739,-381.52231998268934,-392.876,11.353680017310637,1,2
md6n,4740,-386.28878930612314,-397.6356,11.346810693876876,1,8
md6n,4741,-384.75132078006897,-396.8013,12.04997921993106,1,6
md6n,4742,-379.54763323657636,-392.4504,12.902766763423642,1,1
md6n,4743,-380.092891108368,-393.4673,13.374408891632015,1,6
md6n,4744,-386.0988156736839,-399.3366,13.237784326316103,1,5
md6n,4745,-387.3927212134483,-400.1773,12.78457878655172,1,3
md6n,4746,-381.1053245274129,-393.3828,12.27747547258707,1,8
md6n,4747,-377.16685841408463,-389.1316,11.964741585915363,1,5
md6n,4748,-380.09750079673233,-391.9447,11.847199203267678,1,8
md6n,4749,-384.3686984400998,-396.4704,12.101701559900164,1,2
md6n,4750,-384.4994777991457,-397.3988,12.899322200854272,1,1
md6n,4751,-380.9640964994221,-394.5995,13.635403500577866,1,9
md6n,4752,-380.98236645304775,-394.8418,13.859433546952232,1,7
md6n,4753,-385.64075533660207,-399.2624,13.621644663397944,1,6
md6n,4754,-387.41736541358836,-400.6883,13.27093458641167,1,6
md6n,4755,-383.33625435454974,-396.3149,12.978645645450285,1,9
md6n,4756,-379.4463204921007,-392.0709,12.624579507899284,1,7
md6n,4757,-380.4471719591406,-392.6463,12.19912804085942,1,6
md6n,4758,-383.06605545118396,-395.006,11.939944548816015,1,6
md6n,4759,-383.488547893998,-395.7274,12.238852106002014,1,7
md6n,4760,-381.46496494120237,-394.298,12.833035058797634,1,3
md6n,4761,-381.6952617387663,-395.0823,13.38703826123367,1,6
md6n,4762,-384.82988691455193,-398.5074,13.677513085448084,1,6
md6n,4763,-386.026954483555,-399.6995,13.672545516444984,1,9
md6n,4764,-383.92956694216696,-397.4728,13.54323305783305,1,7
md6n,4765,-381.07480871623204,-394.2887,13.213891283767964,1,1
md6n,4766,-381.09963740435853,-394.044,12.94436259564145,1,7
md6n,4767,-382.1818091473945,-395.1186,12.936790852605498,1,7
md6n,4768,-382.1818857035183,-395.5987,13.416814296481732,1,1
md6n,4769,-380.82550464074257,-394.8923,14.066795359257412,1,4
md6n,4770,-381.60840870711286,-396.1598,14.55139129288716,1,9
md6n,4771,-384.83205245163185,-399.6537,14.821647548368162,1,9
md6n,4772,-385.0700406392535,-399.8741,14.804059360746521,1,7
md6n,4773,-382.73473393618457,-397.3837,14.648966063815408,1,2
md6n,4774,-381.9144622769227,-396.1926,14.27813772307735,1,1
md6n,4775,-382.9910328655785,-396.7083,13.71726713442149,1,4
md6n,4776,-382.95513364596763,-396.2067,13.251566354032377,1,5
md6n,4777,-381.5927416649775,-394.88,13.2872583350225,1,2
md6n,4778,-380.2187645941802,-393.8624,13.643635405819794,1,8
md6n,4779,-382.0700088281947,-396.0781,14.00809117180529,1,8
md6n,4780,-386.5302771169588,-400.9095,14.379222883041166,1,7
md6n,4781,-386.2287554245255,-400.78,14.55124457547447,1,8
md6n,4782,-381.68156570538525,-396.1049,14.423334294614733,1,5
md6n,4783,-381.6154361916203,-395.7262,14.110763808379716,1,7
md6n,4784,-384.41553076638894,-397.9568,13.541269233611047,1,6
md6n,4785,-383.90297997092404,-397.0172,13.114220029075966,1,6
md6n,4786,-380.8191090588285,-394.1139,13.294790941171527,1,5
md6n,4787,-378.57777511591365,-392.3004,13.722624884086372,1,0
md6n,4788,-380.39958097329463,-394.2685,13.868919026705385,1,9
md6n,4789,-386.1742304530294,-400.0801,13.90586954697062,1,8
md6n,4790,-387.34716147739294,-401.3951,14.047938522607069,1,7
md6n,4791,-381.2942307653587,-395.4614,14.167169234641335,1,9
md6n,4792,-380.0398326277852,-394.2947,14.25486737221479,1,8
md6n,4793,-384.63863504434863,-398.6033,13.964664955651358,1,3
md6n,4794,-385.39073527221245,-398.7833,13.392564727787544,1,7
md6n,4795,-381.05331273356995,-394.2135,13.160187266430057,1,1
md6n,4796,-377.14241752703197,-390.4261,13.283682472968053,1,5
md6n,4797,-377.9767749034016,-391.3423,13.365525096598446,1,3
md6n,4798,-384.77959889071235,-398.3596,13.58000110928765,1,1
md6n,4799,-388.8123414789618,-402.9524,14.140058521038213,1,4
md6n,4800,-382.56135668835,-397.0616,14.500243311650024,1,6
md6n,4801,-377.6229766077095,-391.8939,14.270923392290456,1,7
md6n,4802,-384.2106851469943,-397.8783,13.667614853005716,1,0
md6n,4803,-388.49589257856377,-401.2483,12.752407421436203,1,8
md6n,4804,-383.6230339546508,-395.9998,12.3767660453492,1,0
md6n,4805,-377.38025260226334,-390.0851,12.704847397736671,1,5
md6n,4806,-376.319782665133,-389.1895,12.869717334867005,1,7
md6n,4807,-382.9373449925585,-395.6264,12.689055007441482,1,1
md6n,4808,-389.49845087287355,-402.1183,12.619849127126429,1,8
md6n,4809,-384.8569294580881,-397.6256,12.768670541911945,1,7
md6n,4810,-375.9981831626212,-388.7533,12.755116837378807,1,9
md6n,4811,-381.2743845065896,-394.1158,12.841415493410352,1,9
md6n,4812,-389.00248830418434,-401.5274,12.52491169581566,1,8
md6n,4813,-385.48067628059283,-397.655,12.174323719407141,1,0
md6n,4814,-377.74980641892114,-390.0784,12.328593581078849,1,2
md6n,4815,-374.59429457266026,-386.9087,12.31440542733975,1,7
md6n,4816,-379.9924273847897,-392.0009,12.00847261521028,1,1
md6n,4817,-388.3218514250363,-400.3505,12.02864857496371,1,0
md6n,4818,-387.0354628276822,-399.751,12.715537172317795,1,7
md6n,4819,-376.31642987913295,-389.5127,13.196270120867041,1,5
md6n,4820,-376.8443803975893,-389.9934,13.149019602410704,1,8
md6n,4821,-387.8278604927474,-400.3911,12.563239507252604,1,9
md6n,4822,-388.1768338639958,-399.8718,11.694966136004211,1,1
md6n,4823,-379.6160060986944,-391.2164,11.600393901305608,1,6
md6n,4824,-373.8805188904481,-385.6465,11.765981109551888,1,7
md6n,4825,-377.2541249747352,-388.8502,11.596075025264781,1,6
md6n,4826,-386.6351309004412,-398.0591,11.423969099558803,1,5
md6n,4827,-389.5648571186182,-401.3646,11.799742881381803,1,8
md6n,4828,-380.0181458822456,-392.3309,12.312754117754366,1,3
md6n,4829,-374.40201484096076,-386.7404,12.338385159039262,1,6
md6n,4830,-385.8702821794059,-398.2164,12.346117820594145,1,1
md6n,4831,-390.794388289932,-402.6686,11.874211710068039,1,0
md6n,4832,-382.49099963962163,-394.2587,11.767700360378342,1,3
md6n,4833,-374.2794301349494,-386.3029,12.023469865050629,1,3
md6n,4834,-375.040623610367,-386.9215,11.880876389632988,1,5
md6n,4835,-383.7938038986142,-395.3693,11.575496101385795,1,1
md6n,4836,-389.1867126900229,-400.9344,11.747687309977096,1,4
md6n,4837,-382.57490023655885,-395.0397,12.464799763441135,1,0
md6n,4838,-373.4626009955247,-386.2093,12.74669900447526,1,2
md6n,4839,-381.5591956078072,-394.4188,12.85960439219275,1,6
md6n,4840,-390.796663013596,-403.2775,12.480836986403972,1,9
md6n,4841,-385.2599283027332,-397.4522,12.19227169726679,1,3
md6n,4842,-375.63689930011503,-388.1114,12.47450069988497,1,7
md6n,4843,-373.48543294683094,-385.8975,12.41206705316904,1,2
md6n,4844,-380.5520426853565,-392.5101,11.958057314643497,1,8
md6n,4845,-387.7347474214759,-399.5233,11.788552578524104,1,2
md6n,4846,-385.3176862056601,-397.8399,12.522213794339905,1,5
md6n,4847,-375.1550149183505,-388.4018,13.246785081649477,1,6
md6n,4848,-376.88538503850106,-390.4798,13.594414961498956,1,6
md6n,4849,-389.3232381581527,-403.0456,13.72236184184726,1,3
md6n,4850,-388.67891779277556,-402.1078,13.428882207224433,1,6
md6n,4851,-378.70688278844875,-392.1887,13.481817211551231,1,8
md6n,4852,-373.7907184443907,-387.2148,13.424081555609348,1,5
md6n,4853,-378.88278011647344,-391.9261,13.043319883526578,1,4
md6n,4854,-386.4876509902334,-399.2925,12.804849009766599,1,2
md6n,4855,-386.94777018768184,-400.2311,13.283329812318186,1,3
md6n,4856,-378.4598295913528,-392.3826,13.922770408647239,1,7
md6n,4857,-375.1289500354707,-389.0925,13.96354996452925,1,7
md6n,4858,-386.3179616186195,-400.2732,13.955238381380468,1,9
md6n,4859,-389.81522294092827,-403.4251,13.60987705907172,1,4
md6n,4860,-381.06186506737424,-394.7018,13.63993493262575,1,5
md6n,4861,-374.32142310421744,-388.2128,13.891376895782571,1,6
md6n,4862,-376.9890026272302,-390.6581,13.669097372769784,1,8
md6n,4863,-383.78893818602387,-396.9272,13.138261813976158,1,0
md6n,4864,-386.30362615260475,-399.4359,13.132273847395254,1,0
md6n,4865,-380.98176027837775,-394.8811,13.899339721622255,1,7
md6n,4866,-374.7312298049098,-389.2103,14.47907019509023,1,3
md6n,4867,-381.80517764538945,-396.8831,15.077922354610564,1,1
md6n,4868,-389.099601751776,-404.5232,15.423598248223982,1,5
md6n,4869,-383.44160638098214,-398.9277,15.486093619017879,1,8
md6n,4870,-375.44621846396535,-390.8264,15.380181536034627,1,8
md6n,4871,-375.6026843173676,-390.3357,14.733015682632356,1,4
md6n,4872,-381.6060699773924,-395.5239,13.917830022607632,1,4
md6n,4873,-385.26300121923674,-398.9866,13.723598780763268,1,8
md6n,4874,-382.7034080094576,-397.2345,14.53109199054245,1,6
md6n,4875,-376.4625637805001,-391.7263,15.26373621949989,1,0
md6n,4876,-379.39555054054125,-395.0048,15.609249459458738,1,6
md6n,4877,-388.1261028180729,-403.7947,15.668597181927055,1,1
md6n,4878,-385.76805578018764,-401.0141,15.246044219812347,1,4
md6n,4879,-377.771371427524,-392.7068,14.935428572475985,1,5
md6n,4880,-376.2497343513413,-390.899,14.649265648658684,1,2
md6n,4881,-380.643506660381,-394.8209,14.177393339619016,1,6
md6n,4882,-383.682628579328,-397.5262,13.843571420671992,1,1
md6n,4883,-382.70347389802413,-396.9433,14.239826101975893,1,3
md6n,4884,-377.966454246427,-392.7677,14.801245753572971,1,1
md6n,4885,-377.7044186206423,-392.7407,15.036281379357717,1,9
md6n,4886,-385.13063865236774,-400.4206,15.289961347632243,1,4
md6n,4887,-385.76753682948396,-401.0769,15.309363170516065,1,4
md6n,4888,-379.1010908454431,-394.3311,15.23000915455691,1,7
md6n,4889,-376.0362836872891,-390.8225,14.786216312710906,1,1
md6n,4890,-378.91791000882756,-392.7594,13.841489991172466,1,5
md6n,4891,-381.7910191371781,-394.7837,12.992680862821885,1,5
md6n,4892,-381.9349736962487,-395.002,13.067026303751334,1,5
md6n,4893,-378.922844119998,-392.7538,13.830955880002023,1,3
md6n,4894,-376.9691889990641,-391.4238,14.454611000935927,1,3
md6n,4895,-382.2592281936006,-397.3261,15.066871806399377,1,1
md6n,4896,-385.0298887842593,-400.2868,15.256911215740729,1,1
md6n,4897,-380.2893387613553,-395.1694,14.880061238644714,1,8
md6n,4898,-376.95322890971886,-391.1739,14.220671090281144,1,7
md6n,4899,-379.01523241732224,-392.4422,13.426967582677776,1,8
md6n,4900,-381.19668935590715,-393.8932,12.696510644092825,1,5
md6n,4901,-381.14279377713353,-393.6888,12.546006222866481,1,5
md6n,4902,-379.60810700274044,-392.6248,13.016692997259554,1,7
md6n,4903,-378.08436525801756,-391.5018,13.417434741982447,1,6
md6n,4904,-381.4039590464785,-395.0928,13.688840953521492,1,9
md6n,4905,-384.4416420850883,-398.1837,13.742057914911697,1,0
md6n,4906,-380.8385430436071,-394.2825,13.443956956392924,1,7
md6n,4907,-377.5830644617112,-390.6018,13.018735538288809,1,0
md6n,4908,-378.9048421130196,-391.2706,12.365757886980418,1,4
md6n,4909,-380.1392477821135,-391.7422,11.602952217886525,1,6
md6n,4910,-379.3043018013107,-390.6798,11.375498198689286,1,5
md6n,4911,-378.2904746824561,-390.1534,11.862925317543898,1,6
md6n,4912,-377.49184521556685,-389.8426,12.35075478443315,1,5
md6n,4913,-379.57106383251227,-392.2717,12.700636167487744,1,5
md6n,4914,-382.26946978429527,-395.3673,13.097830215704732,1,5
md6n,4915,-379.7713957724133,-392.9715,13.200104227586678,1,1
md6n,4916,-377.0115478065029,-389.9303,12.918752193497085,1,5
md6n,4917,-377.98322884369924,-390.2261,12.242871156300737,1,6
md6n,4918,-378.8486103145389,-390.2035,11.354889685461103,1,2
md6n,4919,-377.4793069383051,-388.2214,10.742093061694902,1,7
md6n,4920,-376.4920724382237,-387.2466,10.754527561776285,1,2
md6n,4921,-376.4347701074474,-387.5914,11.156629892552644,1,1
md6n,4922,-378.24170648788646,-390.0038,11.762093512113552,1,9
md6n,4923,-381.02914857849703,-393.5448,12.51565142150298,1,1
md6n,4924,-379.54200949193245,-392.381,12.838990508067525,1,5
md6n,4925,-376.6723792790422,-389.2132,12.540820720957754,1,0
md6n,4926,-378.29506240806,-390.1979,11.90283759194,1,9
md6n,4927,-379.7418764469898,-390.8334,11.091523553010177,1,2
md6n,4928,-377.36377732723463,-388.0113,10.647522672765376,1,1
md6n,4929,-375.0410816926737,-386.0384,10.997318307326339,1,3
md6n,4930,-375.2448561525546,-386.9672,11.722343847445416,1,6
md6n,4931,-377.632306426457,-389.9068,12.274493573542998,1,4
md6n,4932,-380.06842261088195,-392.7101,12.641677389118058,1,3
md6n,4933,-378.62776758267256,-391.3726,12.744832417327416,1,9
md6n,4934,-375.2668453579971,-387.6789,12.412054642002886,1,5
md6n,4935,-377.2973541386138,-389.3098,12.012445861386198,1,9
md6n,4936,-379.6428654092508,-391.2215,11.578634590749175,1,8
md6n,4937,-376.6868735049775,-388.0051,11.318226495022543,1,7
md6n,4938,-373.1641151963258,-384.6415,11.477384803674227,1,4
md6n,4939,-372.7724579673291,-384.4837,11.711242032670896,1,9
md6n,4940,-375.3669670885325,-387.3222,11.955232911467533,1,3
md6n,4941,-378.11389148597806,-390.5366,12.422708514021963,1,3
md6n,4942,-377.78151261668165,-390.9765,13.194987383318335,1,4
md6n,4943,-374.4687913176851,-388.1821,13.713308682314903,1,6
md6n,4944,-374.8484731457872,-388.5264,13.677926854212842,1,0
md6n,4945,-378.7247028173114,-391.8792,13.154497182688601,1,3
md6n,4946,-377.35727757862065,-389.6511,12.293822421379332,1,1
md6n,4947,-373.48579188260743,-385.4519,11.966108117392594,1,3
md6n,4948,-371.87905378256875,-384.0845,12.205446217431245,1,5
md6n,4949,-373.95770952300427,-386.7061,12.748390476995723,1,6
md6n,4950,-377.2245629786549,-390.6139,13.389337021345113,1,2
md6n,4951,-378.2655223748828,-392.2681,14.002577625117226,1,2
md6n,4952,-376.1265390779937,-390.4402,14.313660922006306,1,2
md6n,4953,-374.1871491419845,-388.0632,13.876050858015503,1,9
md6n,4954,-378.5794995134204,-392.044,13.464500486579595,1,9
md6n,4955,-379.2047002766285,-392.3272,13.122499723371504,1,4
md6n,4956,-374.36359240378556,-387.6206,13.257007596214464,1,4
md6n,4957,-371.08259236263024,-384.8197,13.737107637369775,1,7
md6n,4958,-372.1716541655101,-386.2465,14.074845834489906,1,5
md6n,4959,-375.44602393578236,-389.7553,14.309276064217613,1,3
md6n,4960,-376.90432203533635,-391.3358,14.431477964663657,1,8
md6n,4961,-376.2983789264641,-390.9582,14.659821073535852,1,6
md6n,4962,-373.7265775097596,-388.2611,14.53452249024042,1,9
md6n,4963,-375.8494143468069,-390.2302,14.38078565319313,1,9
md6n,4964,-378.8231773341098,-392.9599,14.136722665890204,1,5
md6n,4965,-375.104647828231,-388.8368,13.732152171768973,1,4
md6n,4966,-371.1263316921654,-384.8834,13.757068307834572,1,6
md6n,4967,-370.44377588747034,-384.246,13.802224112529643,1,3
md6n,4968,-373.1035328709383,-387.0322,13.928667129061694,1,4
md6n,4969,-375.1053744846883,-389.136,14.030625515311726,1,9
md6n,4970,-376.3092894428786,-390.762,14.452710557121407,1,7
md6n,4971,-375.4800870611463,-390.4815,15.001412938853662,1,4
md6n,4972,-373.96059669651464,-388.9542,14.993603303485372,1,9
md6n,4973,-378.26047154694527,-393.2017,14.941228453054748,1,9
md6n,4974,-377.7906893228962,-392.3524,14.561710677103804,1,4
md6n,4975,-373.8199415850875,-388.2619,14.441958414912506,1,2
md6n,4976,-371.36614028630726,-385.7408,14.374659713692722,1,0
md6n,4977,-372.5834375226297,-386.9029,14.31946247737028,1,6
md6n,4978,-374.3991828884598,-388.6659,14.266717111540231,1,2
md6n,4979,-376.24214273531726,-390.5111,14.26895726468274,1,2
md6n,4980,-377.18320693214974,-391.523,14.33979306785028,1,4
md6n,4981,-374.4218096440259,-388.2788,13.856990355974062,1,5
md6n,4982,-376.7916306519431,-390.423,13.631369348056921,1,9
md6n,4983,-379.0477305326033,-392.5464,13.498669467396724,1,0
md6n,4984,-375.5164042024205,-388.9596,13.443195797579506,1,4
md6n,4985,-372.0460128582254,-385.7681,13.72208714177458,1,4
md6n,4986,-371.57997937907936,-385.4525,13.872520620920625,1,6
md6n,4987,-372.6335517263253,-386.3497,13.716148273674662,1,6
md6n,4988,-374.6265347814906,-387.9005,13.273965218509431,1,5
md6n,4989,-376.9589097577396,-390.0796,13.120690242260423,1,7
md6n,4990,-375.4879867846036,-388.7894,13.301413215396394,1,7
md6n,4991,-373.7259117216993,-387.2715,13.545588278300727,1,3
md6n,4992,-377.72474115945823,-391.5826,13.85785884054178,1,7
md6n,4993,-377.3136468083088,-390.9315,13.61785319169121,1,3
md6n,4994,-374.1620343091851,-387.4535,13.291465690814903,1,4
md6n,4995,-371.94462041996644,-384.603,12.658379580033568,1,0
md6n,4996,-372.0342991290872,-383.9596,11.92530087091285,1,2
md6n,4997,-374.00425444975644,-385.4923,11.488045550243555,1,5
md6n,4998,-376.92534738533914,-388.5435,11.618152614660858,1,5
md6n,4999,-377.76829976616983,-390.056,12.28770023383015,1,1
mc6n,0,-383.14617341789375,-388.0215,4.875326582106254,1,1
mc6n,1,-387.34538562403964,-409.86,22.514614375960377,1,7
mc6n,2,-382.386645354096,-379.8769,-2.509745354096026,1,6
mc6n,3,-380.4755090556709,-407.6712,27.1956909443291,1,6
mc6n,4,-382.22545748794323,-387.4325,5.207042512056773,1,7
mc6n,5,-384.97442317537593,-405.0314,20.056976824624087,1,5
mc6n,6,-381.5437299963918,-384.9726,3.4288700036082105,1,3
mc6n,7,-383.86847696113637,-381.0259,-2.8425769611363876,1,9
mc6n,8,-389.3301464157369,-383.2943,-6.0358464157368985,1,9
mc6n,9,-381.4792652666007,-373.4481,-8.03116526660068,1,8
mc6n,10,-379.340768289955,-382.8564,3.5156317100449996,1,9
mc6n,11,-378.35320748470014,-360.0183,-18.334907484700125,1,9
mc6n,12,-385.6515171331498,-394.9905,9.338982866850188,1,5
mc6n,13,-380.3483792948551,-370.375,-9.973379294855079,1,6
mc6n,14,-379.7627706475054,-391.6895,11.92672935249459,1,1
mc6n,15,-380.56913417525175,-380.2034,-0.36573417525175955,1,1
mc6n,16,-381.53533203012717,-387.2299,5.694567969872821,1,4
mc6n,17,-381.49207964833874,-402.1814,20.68932035166125,1,3
mc6n,18,-382.2524968938199,-408.2343,25.98180310618011,1,5
mc6n,19,-382.88434487050193,-370.304,-12.58034487050196,1,2
mc6n,20,-384.52625678841554,-402.8068,18.280543211584472,1,1
mc6n,21,-386.59997779031994,-391.5708,4.97082220968008,1,8
mc6n,22,-382.9648368332116,-400.7379,17.773063166788404,1,1
mc6n,23,-383.5161922195379,-394.6697,11.153507780462064,1,3
mc6n,24,-383.3546874607621,-379.7557,-3.598987460762089,1,8
mc6n,25,-384.4996811123758,-389.6118,5.112118887624206,1,9
mc6n,26,-386.5164951149035,-380.6195,-5.896995114903461,1,3
mc6n,27,-385.4906894576375,-382.4782,-3.0124894576374572,1,0
mc6n,28,-388.4348421306731,-404.7539,16.31905786932691,1,8
mc6n,29,-379.3399914326579,-364.7609,-14.57909143265789,1,5
mc6n,30,-378.7383109992228,-365.9013,-12.837010999222798,1,7
mc6n,31,-385.57224253980706,-377.2128,-8.359442539807048,1,0
mc6n,32,-380.07706405116267,-394.7482,14.671135948837332,1,2
mc6n,33,-380.6566096968054,-389.165,8.50839030319463,1,1
mc6n,34,-382.9194879404267,-370.3883,-12.531187940426662,1,6
mc6n,35,-382.12064072758733,-370.233,-11.887640727587325,1,0
mc6n,36,-382.0559827246199,-370.8649,-11.191082724619946,1,7
mc6n,37,-384.8571534790718,-382.4346,-2.422553479071837,1,0
mc6n,38,-383.25562747719005,-382.9374,-0.3182274771900211,1,3
mc6n,39,-383.01478223664753,-382.658,-0.3567822366475184,1,7
mc6n,40,-378.10683513603055,-381.7831,3.676264863969436,1,2
mc6n,41,-381.4053583938185,-379.1699,-2.235458393818533,1,0
mc6n,42,-380.2626595462618,-388.6472,8.384540453738225,1,8
mc6n,43,-382.3980503482976,-405.7137,23.315649651702415,1,3
mc6n,44,-387.92116809220187,-391.8954,3.974231907798128,1,7
mc6n,45,-382.50516944289353,-394.0006,11.495430557106488,1,9
mc6n,46,-381.61609821466044,-396.372,14.755901785339574,1,6
mc6n,47,-382.81775852929434,-392.6757,9.857941470705669,1,1
mc6n,48,-378.12817235862946,-372.1767,-5.9514723586294735,1,1
mc6n,49,-383.30995854800653,-367.5034,-15.806558548006535,1,0
mc6n,50,-382.10537027171557,-393.6105,11.50512972828443,1,6
mc6n,51,-380.2174756887164,-379.7598,-0.4576756887163924,1,6
mc6n,52,-380.96422639390255,-380.5097,-0.45452639390254035,1,1
mc6n,53,-380.7102938048052,-388.2121,7.501806195194831,1,2
mc6n,54,-383.27126126136176,-374.2093,-9.061961261361773,1,8
mc6n,55,-381.08616225458707,-408.7056,27.619437745412938,1,7
mc6n,56,-382.19592937732995,-404.1584,21.962470622670025,1,8
mc6n,57,-382.6945594910693,-399.8045,17.10994050893072,1,4
mc6n,58,-385.5528832287848,-381.454,-4.098883228784814,1,1
mc6n,59,-386.20900893979007,-409.2345,23.02549106020996,1,8
mc6n,60,-383.68782561726147,-387.8065,4.118674382738561,1,3
mc6n,61,-381.3251695183725,-397.7741,16.448930481627485,1,5
mc6n,62,-381.92290981652377,-368.0887,-13.834209816523753,1,0
mc6n,63,-382.0656470062273,-378.5503,-3.51534700622733,1,7
mc6n,64,-381.70152930856744,-389.2938,7.592270691432532,1,7
mc6n,65,-383.0163710918582,-379.1238,-3.8925710918582013,1,0
mc6n,66,-385.0274358477851,-394.7824,9.754964152214882,1,1
mc6n,67,-387.2592278735326,-383.7891,-3.47012787353259,1,7
mc6n,68,-381.6763561173845,-387.3398,5.663443882615525,1,3
mc6n,69,-382.55584401294294,-380.8257,-1.730144012942958,1,1
mc6n,70,-384.2833997508294,-381.8358,-2.447599750829397,1,3
mc6n,71,-386.99033983853377,-405.2795,18.289160161466214,1,7
mc6n,72,-384.8233714782112,-378.1379,-6.685471478211184,1,2
mc6n,73,-385.16075285725805,-395.1323,9.97154714274194,1,5
mc6n,74,-381.73925458222874,-392.1905,10.451245417771247,1,3
mc6n,75,-389.9764754406409,-391.2676,1.2911245593591048,1,1
mc6n,76,-381.6542006218384,-412.3749,30.720699378161612,1,1
mc6n,77,-389.97066783565657,-388.7584,-1.2122678356565757,1,0
mc6n,78,-381.5622308736809,-403.0321,21.46986912631911,1,8
mc6n,79,-382.05271779008956,-401.0173,18.964582209910418,1,8
mc6n,80,-381.67736766350794,-397.0959,15.418532336492035,1,6
mc6n,81,-387.5922342528988,-394.3269,6.734665747101246,1,0
mc6n,82,-379.9610148617424,-395.8673,15.906285138257601,1,9
mc6n,83,-380.89096397392365,-383.0837,2.192736026076375,1,2
mc6n,84,-378.7095679037357,-358.0999,-20.609667903735726,1,6
mc6n,85,-383.8469188550705,-383.5419,-0.3050188550705002,1,4
mc6n,86,-387.24365684041067,-395.4994,8.255743159589315,1,2
mc6n,87,-384.8986344001732,-394.356,9.457365599826801,1,1
mc6n,88,-386.80334248608125,-389.5256,2.7222575139187484,1,5
mc6n,89,-379.85771165548016,-369.0714,-10.786311655480176,1,1
mc6n,90,-381.92704573485463,-395.9255,13.99845426514537,1,0
mc6n,91,-380.5822924324002,-406.3269,25.744607567599815,1,9
mc6n,92,-380.68655008140905,-373.1887,-7.497850081409069,1,4
mc6n,93,-380.48273483338147,-392.3153,11.832565166618508,1,0
mc6n,94,-379.5545258064338,-380.7576,1.2030741935662377,1,8
mc6n,95,-384.96971245782856,-383.0269,-1.942812457828552,1,3
mc6n,96,-379.1950780383172,-386.6367,7.441621961682813,1,4
mc6n,97,-388.6370704058574,-393.7598,5.122729594142584,1,9
mc6n,98,-381.6847045104554,-385.9864,4.301695489544613,1,7
mc6n,99,-383.8727816797269,-391.3285,7.455718320273093,1,5
mc6n,100,-384.892735178699,-411.0322,26.139464821300976,1,7
mc6n,101,-384.4106004203814,-377.352,-7.058600420381424,1,4
mc6n,102,-381.8571655938192,-378.2535,-3.603665593819244,1,2
mc6n,103,-382.78766628730716,-409.202,26.414333712692837,1,9
mc6n,104,-385.75373600204233,-403.897,18.14326399795766,1,3
mc6n,105,-381.52752517816646,-382.0472,0.5196748218335188,1,7
mc6n,106,-379.50783090480815,-388.2476,8.739769095191832,1,3
mc6n,107,-379.7841524232712,-395.5115,15.72734757672879,1,4
mc6n,108,-383.1404680969565,-406.4289,23.288431903043488,1,6
mc6n,109,-386.3886154794352,-385.4135,-0.9751154794352033,1,0
mc6n,110,-388.57190976741646,-407.8237,19.251790232583517,1,6
mc6n,111,-384.59926192930436,-398.7672,14.16793807069564,1,0
mc6n,112,-384.07371791178787,-380.9442,-3.1295179117878433,1,6
mc6n,113,-385.8115397132855,-390.9189,5.107360286714481,1,2
mc6n,114,-381.34307614384085,-384.3535,3.01042385615915,1,4
mc6n,115,-379.32533217148307,-366.8948,-12.430532171483094,1,0
mc6n,116,-383.0083232761803,-376.0082,-7.000123276180318,1,0
mc6n,117,-384.24217736382485,-401.3567,17.11452263617514,1,2
mc6n,118,-382.3985937720605,-378.7973,-3.601293772060501,1,4
mc6n,119,-382.16638683399657,-371.8313,-10.33508683399657,1,6
mc6n,120,-381.8816278161289,-383.3607,1.4790721838710965,1,6
mc6n,121,-383.00018760903265,-401.3897,18.389512390967354,1,8
mc6n,122,-380.6283077407488,-400.7547,20.12639225925119,1,4
mc6n,123,-379.1262207384658,-381.3659,2.2396792615342065,1,9
mc6n,124,-383.3578181081458,-381.8765,-1.4813181081457856,1,1
mc6n,125,-379.6756019783784,-380.03,0.3543980216215914,1,1
mc6n,126,-380.7908133779482,-366.0102,-14.780613377948214,1,2
mc6n,127,-381.2097917648282,-387.9695,6.759708235171786,1,7
mc6n,128,-378.1636091032674,-382.5445,4.380890896732637,1,8
mc6n,129,-381.77758665820613,-390.537,8.759413341793845,1,7
mc6n,130,-381.6353916371161,-407.8654,26.23000836288395,1,6
mc6n,131,-379.229609913545,-365.5944,-13.635209913544998,1,2
mc6n,132,-383.0720092660215,-407.4319,24.35989073397849,1,1
mc6n,133,-390.1339691553967,-393.0012,2.8672308446032844,1,7
mc6n,134,-385.13349256791446,-389.9127,4.779207432085514,1,8
mc6n,135,-385.3758959158601,-382.7496,-2.626295915860112,1,9
mc6n,136,-383.89501812406303,-393.0341,9.139081875936995,1,5
mc6n,137,-387.148077654809,-402.8598,15.711722345190992,1,1
mc6n,138,-378.9167754707607,-360.4014,-18.51537547076066,1,7
mc6n,139,-384.21582947393176,-380.8075,-3.408329473931758,1,5
mc6n,140,-381.16340308798306,-362.8021,-18.36130308798306,1,3
mc6n,141,-382.62504205068785,-402.4702,19.845157949312124,1,9
mc6n,142,-378.0012766588512,-362.8632,-15.138076658851219,1,7
mc6n,143,-387.0744945771869,-396.5599,9.48540542281313,1,3
mc6n,144,-385.0630075070731,-411.3962,26.333192492926912,1,1
mc6n,145,-382.4070030335284,-393.3456,10.938596966471607,1,7
mc6n,146,-380.0653176914215,-370.0402,-10.025117691421485,1,0
mc6n,147,-385.8175732219064,-395.7352,9.91762677809362,1,3
mc6n,148,-380.78895092827463,-390.6863,9.897349071725387,1,9
mc6n,149,-383.66134595023516,-397.8931,14.231754049764845,1,5
mc6n,150,-381.35849218191976,-385.283,3.924507818080258,1,4
mc6n,151,-381.02678035583307,-380.4039,-0.6228803558330469,1,7
mc6n,152,-385.96525895535774,-373.3605,-12.604758955357738,1,9
mc6n,153,-382.15341745735816,-392.9013,10.747882542641833,1,5
mc6n,154,-386.61604769389527,-409.0982,22.48215230610475,1,4
mc6n,155,-388.96574947622656,-389.0218,0.0560505237734219,1,3
mc6n,156,-383.2861991368837,-376.5813,-6.704899136883682,1,7
mc6n,157,-383.53102467349595,-388.9939,5.462875326504047,1,0
mc6n,158,-385.6233017734135,-364.4718,-21.151501773413543,1,7
mc6n,159,-384.7815648795824,-393.404,8.622435120417606,1,0
mc6n,160,-379.89349102066444,-399.0867,19.193208979335566,1,0
mc6n,161,-384.69849385065294,-404.52,19.821506149347044,1,2
mc6n,162,-382.17282634171687,-381.4619,-0.7109263417168563,1,2
mc6n,163,-378.77787926981074,-385.1125,6.334620730189272,1,4
mc6n,164,-385.34276589784304,-404.9227,19.579934102156983,1,2
mc6n,165,-380.72035028000994,-385.5755,4.855149719990038,1,7
mc6n,166,-383.9365297931145,-379.8814,-4.055129793114531,1,9
mc6n,167,-382.26078065333087,-387.9719,5.711119346669136,1,5
mc6n,168,-384.0651975809405,-393.665,9.599802419059529,1,0
mc6n,169,-385.1927859876954,-380.2769,-4.91588598769539,1,8
mc6n,170,-389.4561705040686,-408.8006,19.344429495931365,1,4
mc6n,171,-380.6378816607304,-389.0861,8.448218339269602,1,8
mc6n,172,-382.00253518795654,-385.8305,3.827964812043433,1,2
mc6n,173,-382.6493574356409,-367.0208,-15.628557435640914,1,1
mc6n,174,-381.6144585309639,-392.7999,11.185441469036107,1,2
mc6n,175,-382.51391755974487,-375.8245,-6.689417559744868,1,0
mc6n,176,-382.6679279666595,-375.4069,-7.261027966659469,1,0
mc6n,177,-383.44693958842964,-414.5495,31.10256041157038,1,0
mc6n,178,-386.3471885243365,-389.3569,3.0097114756634937,1,6
mc6n,179,-379.7785205210836,-383.6597,3.8811794789164082,1,2
mc6n,180,-382.2110661735584,-384.0494,1.8383338264416125,1,6
mc6n,181,-381.15567279228884,-371.1721,-9.98357279228884,1,8
mc6n,182,-379.6272937486255,-395.5567,15.929406251374473,1,9
mc6n,183,-383.1601066499719,-407.0969,23.936793350028097,1,3
mc6n,184,-382.08207019790615,-409.2825,27.20042980209388,1,0
mc6n,185,-386.13973622828877,-401.8539,15.714163771711242,1,7
mc6n,186,-386.62015474678606,-403.3446,16.724445253213958,1,4
mc6n,187,-388.6711416889077,-388.6685,-0.0026416889077154337,1,5
mc6n,188,-384.55341855873223,-389.6449,5.091481441267774,1,6
mc6n,189,-379.71748576091966,-388.871,9.153514239080323,1,5
mc6n,190,-384.39543664122294,-396.6125,12.217063358777068,1,9
mc6n,191,-388.90295078541595,-404.7834,15.880449214584019,1,5
mc6n,192,-381.68092313523476,-382.258,0.5770768647652176,1,9
mc6n,193,-384.34833385813045,-404.9167,20.568366141869546,1,1
mc6n,194,-379.21503850383993,-363.6495,-15.565538503839946,1,9
mc6n,195,-379.81701072933544,-383.7067,3.889689270664576,1,6
mc6n,196,-382.95549132673733,-402.0346,19.07910867326268,1,8
mc6n,197,-387.26349745164947,-391.8429,4.579402548350515,1,8
mc6n,198,-379.68520539144606,-384.9835,5.298294608553931,1,6
mc6n,199,-379.01044639851517,-378.5017,-0.508746398515143,1,4
mc6n,200,-382.00323548912985,-378.7316,-3.271635489129835,1,5
mc6n,201,-379.60292879033597,-384.2077,4.6047712096640225,1,1
mc6n,202,-381.87485259068467,-380.4871,-1.38775259068467,1,6
mc6n,203,-379.68620564236625,-393.7883,14.102094357633746,1,8
mc6n,204,-379.0939284464283,-369.4939,-9.600028446428325,1,7
mc6n,205,-383.7923976487372,-370.6738,-13.118597648737193,1,4
mc6n,206,-383.250627477453,-391.0076,7.7569725225470165,1,0
mc6n,207,-379.3932726792177,-374.1047,-5.2885726792177365,1,8
mc6n,208,-388.10154082172966,-388.9247,0.8231591782703163,1,8
mc6n,209,-380.662202065853,-385.2979,4.635697934147004,1,7
mc6n,210,-382.55912338019334,-386.0761,3.5169766198066554,1,5
mc6n,211,-388.39456853888487,-389.1874,0.7928314611151563,1,0
mc6n,212,-384.1907855498686,-367.7008,-16.489985549868607,1,7
mc6n,213,-380.71844892469977,-373.2608,-7.457648924699754,1,6
mc6n,214,-381.69094007729956,-390.1419,8.450959922700463,1,7
mc6n,215,-378.86243686976115,-380.8743,2.0118631302388508,1,6
mc6n,216,-380.28501584502453,-397.3078,17.022784154975454,1,5
mc6n,217,-383.2054975857676,-389.5011,6.295602414232405,1,3
mc6n,218,-379.36377155153446,-393.5969,14.23312844846555,1,8
mc6n,219,-380.5887539028809,-369.9057,-10.683053902880886,1,8
mc6n,220,-379.3304877936238,-360.6194,-18.71108779362379,1,0
mc6n,221,-381.79226411697846,-392.2512,10.458935883021525,1,8
mc6n,222,-379.3997617601318,-384.9638,5.564038239868182,1,5
mc6n,223,-385.9009115699797,-380.3388,-5.56211156997972,1,9
mc6n,224,-381.0274285736565,-394.9511,13.923671426343503,1,1
mc6n,225,-380.96718196599295,-361.165,-19.80218196599293,1,3
mc6n,226,-382.10984504557257,-413.4978,31.387954954427414,1,7
mc6n,227,-378.53080285494764,-355.5644,-22.96640285494766,1,0
mc6n,228,-381.0866837154469,-371.0128,-10.073883715446868,1,2
mc6n,229,-381.57128019542847,-378.0453,-3.525980195428474,1,8
mc6n,230,-386.4659466743143,-392.7797,6.3137533256856955,1,3
mc6n,231,-381.4227391657608,-374.741,-6.681739165760803,1,0
mc6n,232,-381.0197647940322,-391.5087,10.488935205967778,1,6
mc6n,233,-379.70987531965204,-392.0466,12.33672468034797,1,4
mc6n,234,-383.12554653666473,-380.7431,-2.382446536664702,1,9
mc6n,235,-380.8940350079171,-370.0235,-10.870535007917113,1,0
mc6n,236,-381.00891389100804,-403.5696,22.560686108991945,1,9
mc6n,237,-379.1311353967466,-364.6252,-14.505935396746565,1,9
mc6n,238,-390.2139070267863,-397.4545,7.240592973213722,1,8
mc6n,239,-387.70537681591907,-391.9605,4.255123184080958,1,8
mc6n,240,-383.22509158561616,-384.9003,1.6752084143838601,1,2
mc6n,241,-383.78689062086045,-375.6771,-8.109790620860451,1,5
mc6n,242,-380.66477171937964,-380.1408,-0.5239717193796309,1,9
mc6n,243,-385.6265529027272,-379.7355,-5.8910529027272105,1,0
mc6n,244,-380.9021706750648,-388.8939,7.991729324935193,1,0
mc6n,245,-381.3228188659454,-383.9762,2.653381134054598,1,3
mc6n,246,-381.95296315287436,-372.3743,-9.578663152874356,1,0
mc6n,247,-380.10986588135347,-385.8498,5.739934118646545,1,2
mc6n,248,-383.99974766045256,-400.9339,16.93415233954744,1,9
mc6n,249,-383.21270893075814,-403.7426,20.52989106924184,1,1
mc6n,250,-384.04838909820126,-375.1753,-8.873089098201262,1,2
mc6n,251,-382.6992720911267,-401.0908,18.391527908873286,1,1
mc6n,252,-385.588444848019,-405.6903,20.101855151981,1,8
mc6n,253,-379.07101868370614,-396.4507,17.37968131629384,1,8
mc6n,254,-385.50860737816635,-397.1961,11.687492621833655,1,6
mc6n,255,-382.5397954447673,-369.8239,-12.715895444767341,1,6
mc6n,256,-387.1372920128481,-397.0487,9.911407987151904,1,8
mc6n,257,-382.2517746297434,-392.1195,9.867725370256608,1,7
mc6n,258,-381.4443819856368,-384.9215,3.477118014363157,1,9
mc6n,259,-384.86032365959557,-374.8565,-10.003823659595582,1,0
mc6n,260,-382.9811062849968,-382.3716,-0.6095062849968258,1,3
mc6n,261,-378.05782974262115,-379.0162,0.9583702573788742,1,0
mc6n,262,-384.51508711040094,-379.9385,-4.576587110400965,1,0
mc6n,263,-380.5890595003007,-371.7189,-8.870159500300701,1,4
mc6n,264,-383.88539588575173,-383.109,-0.7763958857517537,1,0
mc6n,265,-378.5239021274038,-381.7783,3.2543978725962006,1,5
mc6n,266,-377.9535564058855,-356.3244,-21.629156405885453,1,6
mc6n,267,-385.27462521439514,-396.8062,11.531574785604846,1,0
mc6n,268,-385.19249607814504,-395.4341,10.24160392185496,1,1
mc6n,269,-388.31185330821506,-390.9334,2.6215466917849426,1,6
mc6n,270,-383.0277848712496,-391.9231,8.895315128750383,1,2
mc6n,271,-385.77641295844825,-384.9301,-0.8463129584482658,1,1
mc6n,272,-382.9499591985833,-377.6751,-5.274859198583329,1,9
mc6n,273,-381.0215086442859,-391.5534,10.531891355714095,1,3
mc6n,274,-388.0693821891927,-395.743,7.673617810807286,1,0
mc6n,275,-379.9867779123652,-383.0518,3.0650220876348158,1,2
mc6n,276,-381.11089367869346,-390.8142,9.70330632130657,1,6
mc6n,277,-380.1036629449695,-378.7477,-1.3559629449695194,1,2
mc6n,278,-383.85115768509445,-372.1748,-11.676357685094445,1,6
mc6n,279,-388.95624771984524,-400.7108,11.754552280154769,1,2
mc6n,280,-382.1848124101686,-408.3235,26.13868758983142,1,3
mc6n,281,-381.9081551738389,-390.6241,8.715944826161092,1,2
mc6n,282,-379.9389798481263,-371.526,-8.41297984812627,1,0
mc6n,283,-380.5955303833319,-383.3293,2.7337696166680985,1,3
mc6n,284,-389.7732688772968,-388.9171,-0.8561688772967955,1,4
mc6n,285,-383.2686276019213,-386.5439,3.275272398078698,1,2
mc6n,286,-381.16195165743585,-395.0129,13.850948342564152,1,2
mc6n,287,-379.93128218289235,-379.3848,-0.5464821828923618,1,4
mc6n,288,-384.1882002086152,-401.7206,17.532399791384762,1,8
mc6n,289,-383.07892442628537,-396.2668,13.18787557371462,1,6
mc6n,290,-384.0746823945883,-381.1334,-2.9412823945883133,1,1
mc6n,291,-384.4491370644529,-392.0974,7.648262935547109,1,5
mc6n,292,-383.3908433319597,-409.2489,25.85805666804032,1,1
mc6n,293,-380.1558146736321,-369.0647,-11.091114673632092,1,0
mc6n,294,-381.75716058019367,-368.236,-13.52116058019368,1,7
mc6n,295,-382.22986825574367,-375.2743,-6.955568255743685,1,7
mc6n,296,-383.16141751833885,-392.8183,9.656882481661171,1,8
mc6n,297,-379.43927920237655,-391.2524,11.81312079762347,1,2
mc6n,298,-381.4189446128268,-396.5654,15.146455387173205,1,2
mc6n,299,-382.98350086308744,-392.1144,9.130899136912547,1,9
mc6n,300,-382.132720295039,-392.6903,10.557579704960972,1,4
mc6n,301,-380.4271951782451,-384.1397,3.7125048217549192,1,4
mc6n,302,-379.73548086507566,-402.1445,22.409019134924336,1,8
mc6n,303,-390.0419448140185,-395.8856,5.843655185981504,1,5
mc6n,304,-381.52494046441643,-387.249,5.724059535583592,1,8
mc6n,305,-382.217916072759,-413.213,30.995083927241012,1,0
mc6n,306,-381.825443708332,-390.6506,8.825156291668009,1,8
mc6n,307,-380.7507041937535,-400.3225,19.571795806246485,1,2
mc6n,308,-378.88422840964654,-373.8297,-5.054528409646537,1,8
mc6n,309,-379.5609075831312,-369.73,-9.830907583131193,1,8
mc6n,310,-379.79911163419285,-377.1566,-2.6425116341928288,1,4
mc6n,311,-384.2689023872346,-380.6373,-3.6316023872346364,1,3
mc6n,312,-379.84568856390194,-366.6391,-13.20658856390196,1,4
mc6n,313,-382.49409891140914,-392.8934,10.399301088590846,1,8
mc6n,314,-387.86826523416545,-389.2011,1.3328347658345479,1,1
mc6n,315,-381.6668769514097,-386.0823,4.4154230485902985,1,2
mc6n,316,-381.6524755968283,-393.986,12.33352440317168,1,4
mc6n,317,-382.94926517244363,-372.5956,-10.353665172443641,1,4
mc6n,318,-386.214082358134,-408.4287,22.21461764186597,1,0
mc6n,319,-381.36327318069993,-383.7037,2.3404268193000917,1,7
mc6n,320,-382.7088165181648,-373.9701,-8.738716518164779,1,7
mc6n,321,-387.63398876832036,-383.2104,-4.423588768320371,1,2
mc6n,322,-382.7179580839056,-392.8742,10.15624191609436,1,9
mc6n,323,-382.7939577025214,-399.2186,16.424642297478556,1,3
mc6n,324,-388.77653638585423,-401.4872,12.710663614145744,1,3
mc6n,325,-381.00489155192747,-384.4904,3.485508448072551,1,2
mc6n,326,-377.9123873573803,-374.8438,-3.068587357380295,1,8
mc6n,327,-379.46913236315663,-381.2957,1.8265676368433788,1,2
mc6n,328,-388.91516966018384,-387.1445,-1.7706696601838416,1,7
mc6n,329,-383.92987065693404,-390.2713,6.341429343065954,1,4
mc6n,330,-388.8348577927944,-385.3023,-3.532557792794421,1,7
mc6n,331,-383.33001188502584,-394.952,11.621988114974158,1,2
mc6n,332,-386.4294224547898,-397.2298,10.80037754521021,1,0
mc6n,333,-381.82669747332204,-392.4535,10.626802526677977,1,4
mc6n,334,-382.33868350976695,-381.4705,-0.8681835097669364,1,2
mc6n,335,-379.98434568350206,-392.1979,12.213554316497948,1,1
mc6n,336,-383.60169986971135,-399.0811,15.479400130288639,1,5
mc6n,337,-382.19699739932685,-394.1791,11.982102600673159,1,8
mc6n,338,-379.7390557895494,-375.8068,-3.9322557895494015,1,5
mc6n,339,-381.54650045299235,-398.5831,17.036599547007654,1,7
mc6n,340,-380.60484702436605,-393.7126,13.107752975633957,1,6
mc6n,341,-381.4340688588453,-387.1839,5.7498311411546865,1,8
mc6n,342,-380.82484073519237,-404.4253,23.600459264807625,1,7
mc6n,343,-381.01219765092475,-390.469,9.456802349075247,1,2
mc6n,344,-378.48532093002274,-383.3004,4.815079069977287,1,3
mc6n,345,-380.10455275415626,-369.0772,-11.027352754156254,1,5
mc6n,346,-378.7641449584391,-359.6238,-19.140344958439073,1,9
mc6n,347,-378.9697040567204,-354.1693,-24.800404056720367,1,0
mc6n,348,-381.11783519438393,-385.6812,4.563364805616061,1,3
mc6n,349,-381.8785762350251,-391.7839,9.905323764974924,1,8
mc6n,350,-382.37239083687126,-397.4033,15.03090916312874,1,9
mc6n,351,-385.6840510165506,-397.3378,11.653748983449418,1,2
mc6n,352,-381.22631159302375,-404.1841,22.95778840697625,1,2
mc6n,353,-382.5636740826708,-400.5443,17.980625917329235,1,9
mc6n,354,-383.04528549761847,-406.1699,23.12461450238152,1,6
mc6n,355,-385.19512095253845,-384.8859,-0.3092209525384533,1,4
mc6n,356,-383.071030350501,-399.9496,16.878569649498957,1,8
mc6n,357,-387.08354452643783,-392.5112,5.42765547356214,1,4
mc6n,358,-386.0999941375569,-401.9705,15.87050586244311,1,4
mc6n,359,-385.1033940507509,-403.9259,18.82250594924909,1,7
mc6n,360,-385.7822004831823,-388.8825,3.1002995168176994,1,0
mc6n,361,-378.7700353948662,-381.8288,3.0587646051337742,1,2
mc6n,362,-379.9158052762737,-389.8406,9.92479472372628,1,1
mc6n,363,-383.2210736390591,-395.7907,12.569626360940902,1,5
mc6n,364,-381.8733685295345,-402.4394,20.566031470465475,1,5
mc6n,365,-379.0627681823015,-370.3506,-8.712168182301525,1,0
mc6n,366,-379.8221073655892,-363.9888,-15.833307365589178,1,4
mc6n,367,-381.2128922916224,-392.253,11.040107708377604,1,3
mc6n,368,-383.96844055911185,-378.9847,-4.9837405591118795,1,7
mc6n,369,-385.01563175716376,-392.8609,7.845268242836255,1,4
mc6n,370,-381.1512331590482,-367.4748,-13.676433159048202,1,7
mc6n,371,-387.06271056681584,-389.9878,2.925089433184155,1,3
mc6n,372,-381.883002063049,-377.5052,-4.377802063048989,1,6
mc6n,373,-382.4897716025548,-380.2732,-2.2165716025548363,1,0
mc6n,374,-385.57250170140725,-408.2248,22.65229829859277,1,2
mc6n,375,-379.32074381837583,-369.8246,-9.496143818375856,1,4
mc6n,376,-385.81096805158586,-391.062,5.251031948414152,1,6
mc6n,377,-381.5029292962135,-378.0255,-3.4774292962134723,1,1
mc6n,378,-380.22574815302414,-370.1753,-10.05044815302415,1,5
mc6n,379,-387.04229452899995,-387.6919,0.6496054710000294,1,4
mc6n,380,-381.93472833986516,-387.8782,5.943471660134833,1,2
mc6n,381,-382.0235159847924,-406.4985,24.474984015207554,1,7
mc6n,382,-382.2765073089992,-402.024,19.747492691000787,1,5
mc6n,383,-383.5151179225074,-375.2882,-8.226917922507369,1,5
mc6n,384,-383.520722841765,-391.8247,8.303977158235,1,6
mc6n,385,-378.8668702279681,-368.1294,-10.737470227968117,1,6
mc6n,386,-381.7070758694415,-384.9494,3.2423241305585293,1,0
mc6n,387,-381.4333340445589,-395.6435,14.210165955441141,1,3
mc6n,388,-382.5174617362684,-387.0292,4.5117382637316155,1,7
mc6n,389,-380.8129349878846,-385.9078,5.094865012115406,1,1
mc6n,390,-384.69253187827167,-393.8171,9.124568121728316,1,9
mc6n,391,-380.61041994066676,-393.0189,12.408480059333215,1,0
mc6n,392,-381.9893210822953,-406.7062,24.71687891770472,1,5
mc6n,393,-380.0761365913461,-373.9725,-6.10363659134606,1,1
mc6n,394,-385.73845048594717,-387.8287,2.090249514052857,1,8
mc6n,395,-386.81247024660536,-397.3487,10.53622975339465,1,6
mc6n,396,-379.64730943501496,-395.2335,15.586190564985031,1,5
mc6n,397,-380.9560392709084,-381.4367,0.4806607290915963,1,2
mc6n,398,-382.3767940746314,-365.4069,-16.969894074631384,1,9
mc6n,399,-384.7805527059556,-399.8526,15.07204729404441,1,2
mc6n,400,-379.12158971470177,-359.9271,-19.194489714701774,1,1
mc6n,401,-379.008243210948,-370.9403,-8.067943210948044,1,3
mc6n,402,-379.0372956688751,-378.7527,-0.284595668875113,1,5
mc6n,403,-385.250906591419,-378.7559,-6.495006591418985,1,6
mc6n,404,-384.7604592081503,-396.1467,11.38624079184973,1,7
mc6n,405,-379.88218705550315,-369.711,-10.17118705550314,1,7
mc6n,406,-378.35910796132373,-359.8626,-18.496507961323744,1,4
mc6n,407,-379.1617472170836,-380.6235,1.4617527829163919,1,1
mc6n,408,-382.7557279107338,-398.6009,15.845172089266214,1,7
mc6n,409,-385.57847873415466,-402.1293,16.550821265845343,1,2
mc6n,410,-379.8317465467767,-369.8807,-9.951046546776695,1,1
mc6n,411,-385.26717667070756,-394.0439,8.776723329292452,1,6
mc6n,412,-379.4132337722438,-380.0453,0.6320662277561837,1,1
mc6n,413,-381.37954263234246,-389.8362,8.456657367657556,1,5
mc6n,414,-380.96927031930306,-362.2611,-18.708170319303065,1,6
mc6n,415,-383.4806594657439,-375.3079,-8.172759465743866,1,6
mc6n,416,-381.53501137248395,-395.0336,13.498588627516028,1,6
mc6n,417,-384.9810270906897,-392.2255,7.244472909310332,1,4
mc6n,418,-381.42064516492036,-405.207,23.786354835079635,1,8
mc6n,419,-381.9790230157272,-376.2613,-5.717723015727188,1,6
mc6n,420,-380.0706446238354,-396.5342,16.463555376164607,1,9
mc6n,421,-379.39776627831833,-372.9989,-6.398866278318337,1,4
mc6n,422,-378.75185266506423,-379.4838,0.7319473349357395,1,9
mc6n,423,-384.2848380036633,-374.1188,-10.166038003663289,1,7
mc6n,424,-385.5773586288078,-383.3111,-2.2662586288078046,1,2
mc6n,425,-381.31897034715143,-397.4334,16.11442965284857,1,7
mc6n,426,-380.24026936188943,-361.9944,-18.245869361889447,1,2
mc6n,427,-385.2782258667922,-372.2249,-13.053325866792193,1,1
mc6n,428,-384.4300030295638,-375.0916,-9.338403029563779,1,1
mc6n,429,-380.0682669884783,-385.9533,5.8850330115217275,1,1
mc6n,430,-379.31603372833183,-365.8707,-13.445333728331832,1,3
mc6n,431,-379.1009283203597,-378.9674,-0.1335283203596873,1,9
mc6n,432,-382.38225968671543,-370.5944,-11.787859686715422,1,2
mc6n,433,-382.0505754709194,-375.4708,-6.579775470919401,1,5
mc6n,434,-382.17949363544113,-401.9278,19.748306364558857,1,7
mc6n,435,-381.61700747659415,-392.4731,10.856092523405835,1,5
mc6n,436,-381.01877458316585,-391.4787,10.459925416834153,1,3
mc6n,437,-384.3984267262837,-386.0128,1.6143732737163532,1,9
mc6n,438,-379.7443758194263,-385.816,6.071624180573679,1,6
mc6n,439,-383.14533694706364,-401.0474,17.90206305293634,1,5
mc6n,440,-377.50466273482175,-365.9173,-11.587362734821738,1,2
mc6n,441,-381.3234695937823,-387.9081,6.584630406217684,1,0
mc6n,442,-383.7677534484545,-402.5497,18.781946551545445,1,1
mc6n,443,-390.02071175811943,-397.7038,7.683088241880569,1,2
mc6n,444,-382.43668551153866,-393.6334,11.196714488461339,1,7
mc6n,445,-384.01491708728395,-391.8849,7.869982912716068,1,5
mc6n,446,-381.50118607346315,-385.2071,3.70591392653688,1,6
mc6n,447,-383.9021158896606,-384.8009,0.8987841103394203,1,3
mc6n,448,-385.01866200286787,-368.0613,-16.957362002867853,1,2
mc6n,449,-386.6722920427286,-403.6999,17.027607957271414,1,1
mc6n,450,-381.13641513795295,-385.6276,4.491184862047021,1,5
mc6n,451,-380.8507920386791,-382.7141,1.8633079613208565,1,2
mc6n,452,-383.4144954388659,-388.5561,5.141604561134102,1,3
mc6n,453,-379.51728748051926,-371.6574,-7.859887480519262,1,3
mc6n,454,-380.2178176816166,-410.9419,30.724082318383353,1,7
mc6n,455,-381.9507059994473,-383.5588,1.6080940005527395,1,8
mc6n,456,-380.34615602689496,-384.9142,4.568043973105034,1,6
mc6n,457,-388.2525347878715,-397.1535,8.900965212128483,1,4
mc6n,458,-378.85822753268064,-374.7388,-4.119427532680618,1,5
mc6n,459,-378.736343755346,-383.3459,4.609556244653959,1,5
mc6n,460,-379.25593019300476,-374.2008,-5.055130193004743,1,9
mc6n,461,-377.9535087150591,-363.484,-14.469508715059135,1,5
mc6n,462,-380.7804080071635,-391.4471,10.66669199283649,1,3
mc6n,463,-381.07842003618623,-409.8982,28.819779963813744,1,9
mc6n,464,-382.2057066106842,-424.3168,42.11109338931578,1,8
mc6n,465,-382.3174284911075,-397.5297,15.212271508892513,1,3
mc6n,466,-380.53587363525094,-389.0123,8.476426364749045,1,4
mc6n,467,-385.28500862241947,-386.486,1.2009913775805217,1,8
mc6n,468,-380.2433560836096,-397.4454,17.20204391639038,1,1
mc6n,469,-384.82335892800126,-402.2976,17.474241071998733,1,7
mc6n,470,-380.790438754445,-387.4421,6.651661245554976,1,3
mc6n,471,-383.83384091906606,-384.7813,0.9474590809339247,1,5
mc6n,472,-383.879903290595,-394.7483,10.868396709404976,1,5
mc6n,473,-386.84836256353657,-391.9045,5.056137436463416,1,5
mc6n,474,-379.8576093714331,-376.6126,-3.2450093714331274,1,0
mc6n,475,-384.1696453654661,-379.8703,-4.299345365466138,1,4
mc6n,476,-389.6357048801135,-398.5088,8.8730951198865,1,8
mc6n,477,-384.7258375989427,-405.7121,20.98626240105733,1,5
mc6n,478,-382.89223329861335,-406.9773,24.085066701386665,1,7
mc6n,479,-383.8513791960648,-390.5004,6.64902080393523,1,9
mc6n,480,-379.70169823671165,-381.49,1.7883017632883593,1,8
mc6n,481,-384.544947801364,-387.1885,2.643552198635973,1,6
mc6n,482,-380.57604682535947,-392.118,11.541953174640526,1,3
mc6n,483,-380.82388691994913,-376.3883,-4.435586919949117,1,6
mc6n,484,-386.53109162502847,-393.8791,7.348008374971528,1,1
mc6n,485,-382.90628010994175,-387.5692,4.6629198900582765,1,9
mc6n,486,-384.3558853133685,-398.3415,13.985614686631493,1,6
mc6n,487,-382.14095322620676,-368.4068,-13.734153226206786,1,9
mc6n,488,-382.6833584374584,-397.7253,15.04194156254158,1,4
mc6n,489,-382.16336098081604,-390.2653,8.101939019183988,1,2
mc6n,490,-381.1566284900422,-394.9766,13.819971509957838,1,5
mc6n,491,-381.90453130367473,-423.3711,41.46656869632528,1,8
mc6n,492,-383.2850307132071,-395.2021,11.917069286792866,1,2
mc6n,493,-379.64095401374414,-360.3619,-19.279054013744144,1,9
mc6n,494,-378.04783539082007,-354.9927,-23.055135390820055,1,9
mc6n,495,-381.7186189159526,-392.2142,10.495581084047387,1,9
mc6n,496,-380.08645536581054,-373.6102,-6.476255365810516,1,7
mc6n,497,-387.3240935822536,-378.8003,-8.523793582253631,1,9
mc6n,498,-384.8463283041136,-389.091,4.244671695886382,1,7
mc6n,499,-380.123860609332,-365.9445,-14.17936060933198,1,4
mc6n,500,-382.52085907543534,-380.7976,-1.723259075435351,1,5
mc6n,501,-385.89278217786574,-410.4975,24.604717822134262,1,0
mc6n,502,-379.01118058515556,-370.2849,-8.726280585155564,1,4
mc6n,503,-385.5550537858917,-383.5865,-1.968553785891686,1,6
mc6n,504,-384.84130634161625,-411.314,26.472693658383776,1,1
mc6n,505,-385.9005112185532,-402.82,16.919488781446773,1,9
mc6n,506,-380.3446179998848,-382.2096,1.8649820001152193,1,8
mc6n,507,-384.44070144755835,-386.7995,2.3587985524416695,1,8
mc6n,508,-379.35192228024283,-381.9806,2.6286777197571496,1,7
mc6n,509,-380.4453139019906,-380.9922,0.5468860980094519,1,7
mc6n,510,-380.8968594303777,-413.7087,32.81184056962235,1,3
mc6n,511,-381.2550753964072,-382.3841,1.129024603592768,1,4
mc6n,512,-381.9406187761496,-386.9016,4.960981223850354,1,4
mc6n,513,-379.957487628095,-389.3088,9.35131237190501,1,6
mc6n,514,-382.9757122090096,-390.9058,7.930087790990399,1,5
mc6n,515,-379.3837188394865,-390.4841,11.100381160513507,1,9
mc6n,516,-382.6786219919878,-381.4248,-1.2538219919878202,1,9
mc6n,517,-385.3125243083431,-395.3974,10.084875691656919,1,9
mc6n,518,-379.4847561071319,-368.5892,-10.895556107131881,1,1
mc6n,519,-383.97602966497976,-410.2019,26.22587033502026,1,1
mc6n,520,-381.16483883094617,-381.0207,-0.14413883094618996,1,5
mc6n,521,-382.11972205296047,-406.4927,24.372977947039544,1,6
mc6n,522,-385.8068258580787,-393.6996,7.892774141921279,1,2
mc6n,523,-384.3259919920878,-383.9385,-0.38749199208780283,1,7
mc6n,524,-384.46269128050426,-378.5868,-5.875891280504277,1,6
mc6n,525,-382.616330329317,-394.8732,12.256869670682988,1,2
mc6n,526,-384.9160954934021,-378.4356,-6.480495493402088,1,2
mc6n,527,-378.45130235796836,-352.4358,-26.015502357968387,1,1
mc6n,528,-383.26113073990393,-389.7325,6.471369260096083,1,7
mc6n,529,-383.65886352067486,-394.8395,11.18063647932513,1,6
mc6n,530,-380.4810054158478,-405.3528,24.871794584152212,1,1
mc6n,531,-380.4763819221241,-406.0484,25.572018077875896,1,3
mc6n,532,-383.7564538758168,-384.0972,0.34074612418316974,1,7
mc6n,533,-378.2004282525118,-377.9938,-0.2066282525117913,1,2
mc6n,534,-383.1931356388059,-393.1953,10.002164361194048,1,0
mc6n,535,-382.9722219983461,-382.0834,-0.8888219983460885,1,7
mc6n,536,-390.71217004720546,-399.9871,9.274929952794537,1,2
mc6n,537,-383.9962794126921,-366.0143,-17.981979412692112,1,9
mc6n,538,-379.72814590078104,-399.0766,19.34845409921894,1,9
mc6n,539,-387.0040854451087,-388.8664,1.8623145548913271,1,0
mc6n,540,-385.3088012916487,-397.6371,12.32829870835127,1,6
mc6n,541,-381.08820417207755,-379.8718,-1.2164041720775458,1,3
mc6n,542,-383.45263988934,-404.9489,21.49626011065999,1,7
mc6n,543,-382.0200282841423,-387.9769,5.956871715857687,1,1
mc6n,544,-383.636174014059,-387.3986,3.762425985940979,1,3
mc6n,545,-382.58272026623285,-370.9475,-11.635220266232864,1,0
mc6n,546,-389.5610945686412,-391.0596,1.498505431358808,1,6
mc6n,547,-383.6363522268691,-366.4782,-17.158152226869106,1,2
mc6n,548,-380.94826442204726,-372.096,-8.852264422047256,1,6
mc6n,549,-382.73005333908407,-398.43,15.699946660915941,1,5
mc6n,550,-378.70931250715574,-370.9775,-7.731812507155723,1,1
mc6n,551,-384.85489193312117,-397.4803,12.625408066878833,1,3
mc6n,552,-379.3974657010681,-388.1047,8.707234298931894,1,9
mc6n,553,-380.18982948066633,-378.4813,-1.708529480666357,1,4
mc6n,554,-385.01096433777656,-383.7637,-1.2472643377765849,1,8
mc6n,555,-387.0959522815731,-374.8187,-12.277252281573112,1,6
mc6n,556,-380.22702011575444,-363.3982,-16.828820115754468,1,5
mc6n,557,-381.4988304008665,-400.3697,18.870869599133528,1,0
mc6n,558,-381.18783330733584,-403.1159,21.928066692664174,1,9
mc6n,559,-387.53046844361137,-417.226,29.69553155638863,1,9
mc6n,560,-387.4672838340943,-407.5905,20.123216165905717,1,9
mc6n,561,-382.9447220001492,-375.4517,-7.49302200014921,1,4
mc6n,562,-385.00863439310314,-403.779,18.77036560689686,1,4
mc6n,563,-381.3657568652669,-391.9542,10.588443134733097,1,6
mc6n,564,-385.6034178641573,-395.3222,9.71878213584273,1,1
mc6n,565,-384.1231550320773,-390.9244,6.801244967922685,1,0
mc6n,566,-381.77392701977953,-370.2069,-11.567027019779516,1,8
mc6n,567,-384.1369979026723,-399.6287,15.491702097327675,1,4
mc6n,568,-383.01170869264064,-393.5963,10.584591307359347,1,4
mc6n,569,-382.78038905375,-398.4291,15.648710946249992,1,1
mc6n,570,-387.62614363822644,-410.1832,22.55705636177356,1,2
mc6n,571,-381.38120616145216,-379.9473,-1.433906161452171,1,1
mc6n,572,-381.5846700038864,-381.5266,-0.05807000388642791,1,4
mc6n,573,-380.83437198451713,-363.5744,-17.259971984517108,1,1
mc6n,574,-379.235000224512,-365.3546,-13.880400224512016,1,3
mc6n,575,-389.9072949731329,-390.1316,0.22430502686711407,1,8
mc6n,576,-381.8295344459926,-373.4805,-8.349034445992572,1,1
mc6n,577,-382.6560379070785,-377.0053,-5.650737907078508,1,1
mc6n,578,-380.43754093563956,-389.9432,9.50565906436043,1,8
mc6n,579,-386.79627170341365,-399.7572,12.96092829658636,1,4
mc6n,580,-382.8310774290161,-396.1636,13.332522570983883,1,7
mc6n,581,-384.16516557158224,-389.7798,5.614634428417787,1,0
mc6n,582,-383.06627696215423,-381.8022,-1.2640769621542063,1,4
mc6n,583,-381.2216981394966,-390.1553,8.933601860503416,1,7
mc6n,584,-379.23158782512166,-374.1104,-5.121187825121638,1,3
mc6n,585,-381.2898262727345,-405.0021,23.712273727265483,1,0
mc6n,586,-380.1634257424031,-379.375,-0.788425742403092,1,8
mc6n,587,-380.38880599903354,-365.6001,-14.788705999033539,1,1
mc6n,588,-381.45207149318435,-383.1872,1.7351285068156699,1,0
mc6n,589,-381.88039789655204,-400.9224,19.042002103447942,1,4
mc6n,590,-384.01384467262085,-369.4465,-14.567344672620834,1,9
mc6n,591,-385.5389192487565,-393.2497,7.710780751243533,1,9
mc6n,592,-381.37220892305453,-387.2218,5.849591076945444,1,7
mc6n,593,-380.7012783685246,-371.9645,-8.736778368524597,1,4
mc6n,594,-388.92212874611124,-395.3312,6.409071253888783,1,1
mc6n,595,-385.5711224344603,-403.0832,17.5120775655397,1,8
mc6n,596,-380.2924574861751,-387.831,7.538542513824893,1,6
mc6n,597,-385.54438862586073,-407.4608,21.916411374139273,1,6
mc6n,598,-387.1543979354634,-398.1606,11.00620206453658,1,4
mc6n,599,-383.8536194067584,-380.3792,-3.4744194067583862,1,7
mc6n,600,-382.7892388272877,-405.444,22.654761172712313,1,3
mc6n,601,-378.2847612039751,-383.2993,5.014538796024908,1,8
mc6n,602,-382.5875062850399,-384.0251,1.4375937149600873,1,3
mc6n,603,-381.8368041493667,-392.8746,11.037795850633302,1,8
mc6n,604,-383.3064771225328,-399.6169,16.310422877467204,1,9
mc6n,605,-379.3454419845185,-368.4336,-10.911841984518503,1,2
mc6n,606,-388.24861787049747,-399.3959,11.147282129502514,1,3
mc6n,607,-380.2094648960222,-363.7977,-16.41176489602219,1,3
mc6n,608,-379.83271855976017,-368.8798,-10.952918559760178,1,8
mc6n,609,-383.2511709012159,-389.9011,6.649929098784071,1,9
mc6n,610,-384.67901970537366,-392.3131,7.634080294626358,1,0
mc6n,611,-380.26843389328246,-381.9968,1.7283661067175444,1,5
mc6n,612,-387.99360470905054,-399.2791,11.285495290949484,1,2
mc6n,613,-379.1173144890547,-368.2894,-10.827914489054706,1,5
mc6n,614,-387.0816921168181,-379.1522,-7.929492116818096,1,0
mc6n,615,-382.2747320831493,-374.3966,-7.878132083149296,1,4
mc6n,616,-384.75755320939635,-387.6862,2.9286467906036364,1,2
mc6n,617,-382.98410390024065,-388.6748,5.69069609975935,1,1
mc6n,618,-389.4374343104499,-398.5858,9.148365689550133,1,0
mc6n,619,-388.27018601675985,-389.2009,0.930713983240139,1,4
mc6n,620,-381.6169409605242,-376.828,-4.788940960524201,1,5
mc6n,621,-380.8596650301266,-397.6111,16.7514349698734,1,1
mc6n,622,-382.98712410589087,-388.5007,5.513575894109124,1,8
mc6n,623,-384.17184478801306,-392.5926,8.420755211986943,1,0
mc6n,624,-384.6402301747356,-381.9525,-2.687730174735634,1,1
mc6n,625,-380.4793833025308,-398.3583,17.878916697469208,1,0
mc6n,626,-384.02113131872846,-381.6209,-2.4002313187284585,1,5
mc6n,627,-381.75617789951036,-413.7732,32.01702210048961,1,4
mc6n,628,-377.96162806697663,-375.3577,-2.603928066976607,1,7
mc6n,629,-384.99301504165146,-385.7624,0.769384958348553,1,9
mc6n,630,-384.3303048682221,-401.4444,17.1140951317779,1,9
mc6n,631,-384.6337994522051,-403.9848,19.35100054779491,1,4
mc6n,632,-381.3356313651734,-391.6934,10.357768634826584,1,9
mc6n,633,-378.00885886218214,-363.0023,-15.006558862182146,1,9
mc6n,634,-386.57976443808803,-394.0784,7.498635561911954,1,2
mc6n,635,-386.2940120718372,-397.8742,11.580187928162786,1,0
mc6n,636,-391.15521532499554,-399.8559,8.700684675004482,1,2
mc6n,637,-381.0198432328088,-401.3329,20.3130567671912,1,2
mc6n,638,-384.09731166031054,-371.5462,-12.55111166031054,1,1
mc6n,639,-380.1981452431342,-359.4649,-20.733245243134206,1,0
mc6n,640,-380.5977304333822,-364.842,-15.755730433382212,1,3
mc6n,641,-383.6069207529153,-400.1137,16.506779247084694,1,0
mc6n,642,-380.91051216545594,-381.8775,0.9669878345440566,1,5
mc6n,643,-380.54647039655913,-398.894,18.347529603440876,1,9
mc6n,644,-383.2540223066065,-376.7592,-6.494822306606466,1,7
mc6n,645,-382.76365524462443,-381.4724,-1.2912552446244376,1,1
mc6n,646,-384.781004513086,-387.7477,2.966695486914034,1,9
mc6n,647,-383.0290210660028,-371.4512,-11.577821066002855,1,7
mc6n,648,-381.6794861372649,-418.8275,37.14801386273507,1,3
mc6n,649,-380.4154877242832,-402.565,22.149512275716802,1,0
mc6n,650,-381.6980522756172,-374.6753,-7.022752275617222,1,8
mc6n,651,-378.927872357529,-375.4164,-3.5114723575289872,1,3
mc6n,652,-379.72105880274063,-392.0591,12.338041197259372,1,8
mc6n,653,-381.6515719824249,-406.7033,25.0517280175751,1,5
mc6n,654,-385.4605306995803,-380.2057,-5.254830699580339,1,8
mc6n,655,-381.3538536279726,-381.4159,0.062046372027396046,1,1
mc6n,656,-379.5415263093485,-408.4144,28.87287369065149,1,9
mc6n,657,-379.5470182768592,-368.763,-10.784018276859229,1,1
mc6n,658,-388.36954093005187,-390.1168,1.747259069948143,1,9
mc6n,659,-380.3917872990472,-387.1989,6.807112700952757,1,9
mc6n,660,-380.89549647866085,-389.2639,8.368403521339133,1,4
mc6n,661,-389.83658212628757,-391.6517,1.8151178737124383,1,0
mc6n,662,-382.10704195836905,-391.1617,9.054658041630944,1,6
mc6n,663,-378.5688368635456,-356.1492,-22.419636863545577,1,2
mc6n,664,-381.94276486048255,-383.6249,1.6821351395174702,1,0
mc6n,665,-378.40797593006965,-386.7688,8.360824069930345,1,9
mc6n,666,-384.88303763912796,-407.3523,22.46926236087205,1,6
mc6n,667,-382.0189903825923,-388.3347,6.31570961740772,1,4
mc6n,668,-380.70561446271137,-386.3455,5.639885537288649,1,1
mc6n,669,-384.2542845418526,-381.6694,-2.5848845418526025,1,9
mc6n,670,-384.7105351401141,-374.5462,-10.164335140114076,1,2
mc6n,671,-388.35956038346745,-407.8886,19.529039616532543,1,5
mc6n,672,-380.7551777124611,-401.0649,20.309722287538932,1,9
mc6n,673,-380.19625392802055,-378.9347,-1.2615539280205326,1,7
mc6n,674,-383.735978852114,-387.0199,3.2839211478860193,1,2
mc6n,675,-378.5434289835364,-394.1937,15.650271016463591,1,7
mc6n,676,-380.82397665392887,-380.9688,0.1448233460711208,1,2
mc6n,677,-386.17068941416534,-395.1871,9.016410585834649,1,0
mc6n,678,-383.2837480827769,-406.2015,22.917751917223086,1,3
mc6n,679,-380.3560882551496,-370.263,-10.09308825514961,1,4
mc6n,680,-378.46525253278,-366.3637,-12.101552532780033,1,3
mc6n,681,-381.1902479658194,-381.495,0.3047520341805807,1,3
mc6n,682,-384.8073153798525,-400.542,15.734684620147448,1,0
mc6n,683,-385.55267803304463,-377.8266,-7.726078033044644,1,9
mc6n,684,-382.94390623707284,-385.821,2.8770937629271884,1,1
mc6n,685,-388.01763583212625,-382.1131,-5.904535832126271,1,3
mc6n,686,-378.6919932311139,-371.969,-6.72299323111389,1,8
mc6n,687,-382.87610503665445,-372.1805,-10.695605036654456,1,9
mc6n,688,-380.2373388902189,-382.1366,1.8992611097810936,1,2
mc6n,689,-384.5422934340272,-381.8336,-2.708693434027225,1,8
mc6n,690,-386.04031040640325,-390.9535,4.913189593596769,1,0
mc6n,691,-385.251188970929,-406.517,21.265811029071017,1,0
mc6n,692,-385.41480153576185,-387.4158,2.000998464238137,1,5
mc6n,693,-383.280042008816,-374.0952,-9.18484200881602,1,5
mc6n,694,-384.9305721491005,-399.4464,14.515827850899484,1,0
mc6n,695,-379.96055301441555,-392.2133,12.252746985584452,1,1
mc6n,696,-388.0688531982925,-402.9688,14.899946801707472,1,1
mc6n,697,-379.2958341814593,-388.1237,8.827865818540658,1,6
mc6n,698,-387.873665585329,-404.1451,16.271434414671035,1,3
mc6n,699,-381.7769924061,-367.4631,-14.313892406100024,1,8
mc6n,700,-379.7407588517991,-377.2254,-2.515358851799135,1,7
mc6n,701,-384.23039774612005,-398.1985,13.968102253879977,1,4
mc6n,702,-378.7711642852601,-385.5397,6.768535714739869,1,2
mc6n,703,-380.08373259989366,-381.3982,1.3144674001063095,1,6
mc6n,704,-387.70294270468855,-381.2308,-6.472142704688565,1,3
mc6n,705,-383.26664278780765,-382.852,-0.41464278780767927,1,0
mc6n,706,-383.348077897918,-380.6728,-2.675277897918022,1,3
mc6n,707,-384.0243717803423,-412.1034,28.079028219657744,1,8
mc6n,708,-384.9097181092282,-402.6995,17.789781890771792,1,7
mc6n,709,-379.6728729374279,-362.8668,-16.80607293742787,1,9
mc6n,710,-381.88792236900275,-386.946,5.058077630997275,1,2
mc6n,711,-379.39469900948774,-357.3353,-22.05939900948772,1,6
mc6n,712,-384.68095871131374,-402.7371,18.056141288686263,1,0
mc6n,713,-380.5971732045453,-377.3456,-3.251573204545309,1,2
mc6n,714,-380.34146727210805,-374.325,-6.016467272108059,1,0
mc6n,715,-380.0623282337214,-392.8566,12.794271766278598,1,5
mc6n,716,-381.618699871144,-396.704,15.085300128856034,1,9
mc6n,717,-385.08490509602575,-400.9032,15.818294903974277,1,1
mc6n,718,-386.1515942847701,-381.4109,-4.740694284770086,1,2
mc6n,719,-384.40717986330463,-368.1098,-16.297379863304627,1,1
mc6n,720,-390.14331591687767,-389.2723,-0.8710159168776954,1,9
mc6n,721,-382.8566308912325,-395.2157,12.359069108767528,1,9
mc6n,722,-384.1328544541584,-372.7771,-11.355754454158387,1,0
mc6n,723,-383.0319540476868,-386.734,3.702045952313199,1,1
mc6n,724,-384.2243102716392,-397.8117,13.58738972836079,1,9
mc6n,725,-382.39780373690735,-389.638,7.240196263092628,1,3
mc6n,726,-382.1864458186888,-382.1291,-0.05734581868881605,1,7
mc6n,727,-382.04593754461837,-393.643,11.597062455381604,1,9
mc6n,728,-381.7006884452138,-373.033,-8.667688445213798,1,8
mc6n,729,-382.4829587264807,-395.5485,13.065541273519273,1,7
mc6n,730,-378.3683718913619,-360.6187,-17.749671891361913,1,9
mc6n,731,-385.929268746903,-390.5251,4.595831253097003,1,1
mc6n,732,-380.92835854988795,-379.0341,-1.8942585498879225,1,6
mc6n,733,-380.118652276338,-379.0177,-1.1009522763380346,1,0
mc6n,734,-388.37451708437567,-389.5276,1.1530829156243385,1,8
mc6n,735,-383.7398060355082,-368.9317,-14.808106035508217,1,8
mc6n,736,-379.7075397273057,-395.1181,15.41056027269434,1,1
mc6n,737,-380.30866669692404,-393.5233,13.21463330307597,1,8
mc6n,738,-379.4483837449909,-358.7862,-20.662183744990898,1,8
mc6n,739,-379.88089250236635,-383.4414,3.560507497633637,1,1
mc6n,740,-384.8941439385894,-383.4115,-1.4826439385894332,1,9
mc6n,741,-385.3529196372107,-407.7993,22.44638036278934,1,1
mc6n,742,-380.50424148360077,-387.0881,6.583858516399232,1,0
mc6n,743,-381.77740028770955,-369.2787,-12.49870028770954,1,0
mc6n,744,-381.56139691300694,-379.321,-2.2403969130069186,1,6
mc6n,745,-384.5073386169664,-391.8556,7.3482613830335595,1,6
mc6n,746,-383.78996228235724,-387.7883,3.9983377176427553,1,2
mc6n,747,-380.91364155783293,-388.9864,8.072758442167071,1,4
mc6n,748,-380.1658862090603,-384.2659,4.10001379093967,1,2
mc6n,749,-386.2104327600466,-389.5198,3.3093672399533602,1,9
mc6n,750,-383.9676009507649,-379.5689,-4.398700950764919,1,4
mc6n,751,-379.082428070574,-384.154,5.071571929426,1,8
mc6n,752,-384.34422617759367,-380.7702,-3.57402617759368,1,0
mc6n,753,-385.9897713785072,-381.9903,-3.9994713785072236,1,9
mc6n,754,-380.8768531565387,-407.4772,26.600346843461296,1,9
mc6n,755,-381.3033974315194,-391.0074,9.704002568480632,1,7
mc6n,756,-382.13574175569596,-378.7054,-3.430341755695963,1,8
mc6n,757,-384.0366157555301,-401.5307,17.494084244469946,1,2
mc6n,758,-384.5524647436317,-386.0289,1.4764352563683474,1,4
mc6n,759,-387.12518734497655,-411.5227,24.397512655023434,1,5
mc6n,760,-379.1696099174144,-385.005,5.835390082585604,1,4
mc6n,761,-380.35629658840656,-378.3738,-1.9824965884065477,1,1
mc6n,762,-381.92158012277054,-401.6473,19.725719877229437,1,2
mc6n,763,-385.5032873484322,-385.3842,-0.11908734843217417,1,6
mc6n,764,-379.9904852413328,-373.9991,-5.991385241332807,1,7
mc6n,765,-384.40990262922145,-403.4053,18.995397370778562,1,9
mc6n,766,-381.6107907351362,-409.3416,27.730809264863808,1,9
mc6n,767,-379.60271292689595,-381.9754,2.372687073104032,1,5
mc6n,768,-381.82731368804593,-382.3553,0.5279863119540664,1,2
mc6n,769,-380.9511258676343,-384.2992,3.3480741323656957,1,1
mc6n,770,-379.41947184924413,-360.1744,-19.24507184924414,1,2
mc6n,771,-383.8654103196664,-381.9254,-1.940010319666385,1,2
mc6n,772,-384.8582340512787,-392.8303,7.972065948721308,1,4
mc6n,773,-383.1560108921417,-387.9274,4.771389107858283,1,5
mc6n,774,-383.20954188775124,-385.8036,2.5940581122487743,1,7
mc6n,775,-382.7448412398752,-361.3956,-21.349241239875198,1,4
mc6n,776,-385.84365693002974,-410.7224,24.878743069970255,1,1
mc6n,777,-385.6237178125668,-387.7316,2.1078821874332334,1,6
mc6n,778,-380.6461321622777,-371.7152,-8.930932162277713,1,2
mc6n,779,-379.4425773948706,-372.5939,-6.848677394870606,1,4
mc6n,780,-383.12847889098794,-391.7318,8.603321109012086,1,4
mc6n,781,-387.2581473013258,-390.6717,3.4135526986742093,1,6
mc6n,782,-385.5776328506314,-390.5632,4.985567149368592,1,8
mc6n,783,-381.19363714729997,-371.7351,-9.458537147299978,1,8
mc6n,784,-389.6145257900744,-405.3939,15.77937420992555,1,8
mc6n,785,-385.23233731554984,-408.2525,23.020162684450156,1,7
mc6n,786,-382.4569647521945,-373.6828,-8.774164752194508,1,5
mc6n,787,-383.7249880144129,-364.6301,-19.094888014412845,1,0
mc6n,788,-384.51590287347733,-376.9735,-7.542402873477329,1,6
mc6n,789,-380.7400189534722,-390.2682,9.528181046527777,1,5
mc6n,790,-381.28633857208445,-390.2189,8.932561427915573,1,1
mc6n,791,-381.87297759080116,-397.2906,15.417622409198827,1,9
mc6n,792,-380.11844017791816,-387.8967,7.77825982208185,1,1
mc6n,793,-390.14386938069447,-396.5168,6.372930619305521,1,7
mc6n,794,-382.3353520591666,-390.1274,7.792047940833413,1,7
mc6n,795,-381.469964313436,-371.5072,-9.962764313435969,1,0
mc6n,796,-381.25653937716436,-378.5371,-2.719439377164349,1,3
mc6n,797,-382.08581957016986,-372.1194,-9.966419570169876,1,3
mc6n,798,-381.8298438084326,-405.6497,23.819856191567396,1,1
mc6n,799,-380.32658838247306,-401.7932,21.46661161752695,1,6
mc6n,800,-383.43197347497096,-389.1756,5.743626525029015,1,9
mc6n,801,-381.75593881816053,-384.025,2.2690611818394473,1,2
mc6n,802,-384.25015991858226,-403.286,19.035840081417746,1,0
mc6n,803,-386.99918333703783,-396.9069,9.907716662962173,1,7
mc6n,804,-380.1050246416797,-393.7613,13.656275358320329,1,0
mc6n,805,-382.54836785882196,-389.8893,7.34093214117803,1,7
mc6n,806,-378.0355437249486,-363.7512,-14.284343724948599,1,9
mc6n,807,-380.72755409481744,-396.3632,15.635645905182571,1,5
mc6n,808,-386.03603518075613,-411.4494,25.413364819243895,1,8
mc6n,809,-380.4464961308838,-374.2438,-6.202696130883794,1,8
mc6n,810,-382.1246266710447,-388.4696,6.344973328955291,1,2
mc6n,811,-386.313221407986,-377.8534,-8.459821407985999,1,0
mc6n,812,-378.611396474201,-363.7152,-14.89619647420102,1,4
mc6n,813,-386.1866695837609,-372.3127,-13.873969583760868,1,9
mc6n,814,-381.9929254997125,-395.2022,13.209274500287506,1,1
mc6n,815,-385.8520862718906,-391.2614,5.409313728109396,1,4
mc6n,816,-386.1950029166083,-387.2357,1.0406970833917057,1,9
mc6n,817,-385.91316307520793,-377.3607,-8.552463075207925,1,6
mc6n,818,-392.6373475092861,-401.8334,9.196052490713896,1,3
mc6n,819,-381.88293554697907,-386.0009,4.117964453020932,1,6
mc6n,820,-385.97622532014225,-414.7691,28.792874679857732,1,9
mc6n,821,-382.87572853064114,-382.0265,-0.8492285306411418,1,2
mc6n,822,-388.14053680311457,-386.4028,-1.737736803114558,1,0
mc6n,823,-378.97717581831785,-372.1161,-6.861075818317829,1,8
mc6n,824,-381.8449423265278,-364.0787,-17.766242326527788,1,2
mc6n,825,-382.723618851676,-398.6176,15.893981148323974,1,7
mc6n,826,-378.36753793054527,-367.697,-10.670537930545265,1,6
mc6n,827,-380.4443418890071,-394.964,14.519658110992907,1,2
mc6n,828,-379.08761632331766,-389.7482,10.660583676682336,1,2
mc6n,829,-381.29344575037516,-362.9326,-18.360845750375177,1,7
mc6n,830,-377.98308012383256,-354.2708,-23.712280123832556,1,9
mc6n,831,-378.9477776023277,-378.6179,-0.32987760232765595,1,6
mc6n,832,-381.2519572992334,-380.4339,-0.8180572992334305,1,2
mc6n,833,-380.3204494521456,-371.8537,-8.46674945214562,1,4
mc6n,834,-390.5798834090996,-396.3016,5.721716590900428,1,4
mc6n,835,-385.2655194167741,-374.1531,-11.112419416774117,1,7
mc6n,836,-388.11730575538854,-392.8387,4.721394244611474,1,2
mc6n,837,-385.62508390180045,-378.1946,-7.430483901800471,1,7
mc6n,838,-387.7111718706935,-389.3939,1.682728129306497,1,6
mc6n,839,-387.90481078908965,-414.3404,26.435589210910337,1,6
mc6n,840,-384.76355910758383,-422.5649,37.80134089241619,1,7
mc6n,841,-386.10077224986077,-395.6936,9.592827750139236,1,6
mc6n,842,-382.2966026891719,-391.8896,9.592997310828082,1,9
mc6n,843,-381.0704092434921,-383.3634,2.2929907565078906,1,8
mc6n,844,-380.5791680601928,-392.5814,12.002231939807189,1,9
mc6n,845,-384.48064434150683,-395.4369,10.956255658493149,1,3
mc6n,846,-379.55376275421065,-370.3089,-9.244862754210658,1,7
mc6n,847,-379.03382742111467,-358.4681,-20.565727421114673,1,7
mc6n,848,-384.45193199397,-385.0004,0.5484680060300207,1,1
mc6n,849,-383.42644699434726,-382.455,-0.971446994347275,1,8
mc6n,850,-379.31367491821834,-366.4647,-12.848974918218346,1,9
mc6n,851,-382.6793285683375,-391.3144,8.635071431662482,1,7
mc6n,852,-382.4057423658586,-372.8636,-9.54214236585858,1,0
mc6n,853,-382.8089884495399,-395.6581,12.849111550460066,1,1
mc6n,854,-382.67880522496756,-404.4093,21.730494775032412,1,0
mc6n,855,-385.90977452123076,-392.0055,6.095725478769225,1,6
mc6n,856,-380.9999379880101,-370.2785,-10.72143798801011,1,5
mc6n,857,-380.86228111933025,-378.0441,-2.8181811193302337,1,8
mc6n,858,-381.52602480178615,-395.0255,13.499475198213872,1,4
mc6n,859,-385.0784655884481,-404.6185,19.540034411551858,1,8
mc6n,860,-380.89275300499025,-385.4966,4.6038469950097465,1,5
mc6n,861,-384.87985804591113,-385.0295,0.14964195408884962,1,2
mc6n,862,-381.34378021003437,-385.1572,3.8134197899656215,1,1
mc6n,863,-388.87910352296603,-390.8896,2.0104964770339393,1,2
mc6n,864,-380.13740666769695,-372.5285,-7.608906667696942,1,3
mc6n,865,-385.58734858794264,-376.2775,-9.309848587942668,1,2
mc6n,866,-381.0460292249792,-385.7071,4.661070775020846,1,9
mc6n,867,-384.39937426649334,-380.564,-3.835374266493318,1,6
mc6n,868,-382.37701433059493,-417.0279,34.650885669405056,1,9
mc6n,869,-379.5369398387513,-360.6945,-18.842439838751318,1,8
mc6n,870,-381.5459068285323,-399.496,17.9500931714677,1,0
mc6n,871,-381.5421267083184,-414.7552,33.21307329168161,1,2
mc6n,872,-383.88012919423153,-405.4946,21.614470805768462,1,9
mc6n,873,-378.53410104744165,-371.6231,-6.91100104744163,1,7
mc6n,874,-380.99321233590234,-379.7875,-1.2057123359023194,1,9
mc6n,875,-382.9610165522117,-369.8181,-13.142916552211659,1,4
mc6n,876,-378.44024437669395,-372.1354,-6.30484437669395,1,9
mc6n,877,-385.47620903691893,-392.6995,7.2232909630810695,1,4
mc6n,878,-379.12556812811886,-366.649,-12.476568128118856,1,3
mc6n,879,-381.838532939397,-381.9522,0.11366706060300658,1,3
mc6n,880,-384.1654573637854,-399.5153,15.349842636214646,1,7
mc6n,881,-382.83687373893986,-393.308,10.471126261060135,1,8
mc6n,882,-381.4635549261625,-366.3784,-15.085154926162488,1,8
mc6n,883,-387.19888651200506,-388.9215,1.72261348799492,1,4
mc6n,884,-380.0109684228648,-382.7689,2.7579315771351958,1,9
mc6n,885,-380.6623884363496,-384.8313,4.168911563650397,1,4
mc6n,886,-381.1308817547922,-409.1492,28.01831824520781,1,0
mc6n,887,-385.16703172240506,-387.5104,2.343368277594948,1,4
mc6n,888,-377.6605475139739,-361.2543,-16.40624751397388,1,4
mc6n,889,-383.6035880473082,-392.7136,9.110011952691764,1,3
mc6n,890,-386.33825403698864,-391.1788,4.84054596301138,1,7
mc6n,891,-387.6561066132366,-392.35,4.6938933867634205,1,1
mc6n,892,-378.9519053631148,-388.3979,9.445994636885189,1,4
mc6n,893,-381.48352982454793,-403.7392,22.255670175452053,1,9
mc6n,894,-385.0155231979404,-406.7897,21.77417680205957,1,8
mc6n,895,-385.84194947539913,-382.7204,-3.1215494753991493,1,2
mc6n,896,-382.75388177643305,-391.2265,8.47261822356694,1,9
mc6n,897,-378.0467880765769,-370.9179,-7.128888076576914,1,4
mc6n,898,-379.33937208027453,-387.4606,8.12122791972547,1,8
mc6n,899,-381.1423890331835,-381.6176,0.47521096681646213,1,7
mc6n,900,-386.7087422160001,-397.9885,11.279757783999912,1,6
mc6n,901,-381.7259814908233,-397.4784,15.75241850917672,1,6
mc6n,902,-379.1346820832836,-385.3554,6.220717916716353,1,0
mc6n,903,-381.1875948534894,-402.2884,21.100805146510652,1,4
mc6n,904,-382.4210755727801,-380.8723,-1.54877557278013,1,8
mc6n,905,-382.67257091313013,-375.3986,-7.273970913130142,1,1
mc6n,906,-381.8778696588181,-388.1294,6.251530341181876,1,3
mc6n,907,-381.7266579465835,-391.2692,9.542542053416526,1,7
mc6n,908,-385.5469702020939,-398.727,13.180029797906059,1,0
mc6n,909,-383.08029490804256,-387.998,4.91770509195743,1,5
mc6n,910,-379.5023301521077,-376.9357,-2.5666301521076775,1,5
mc6n,911,-390.19171388061034,-390.5213,0.32958611938965987,1,4
mc6n,912,-380.6984972442242,-388.9211,8.222602755775824,1,9
mc6n,913,-380.1670188646171,-400.6846,20.517581135382898,1,8
mc6n,914,-383.745562812292,-388.4083,4.6627371877079895,1,2
mc6n,915,-385.67966346666,-386.1553,0.47563653334003675,1,6
mc6n,916,-379.19297085976353,-378.138,-1.0549708597635572,1,6
mc6n,917,-379.8610073379607,-378.0933,-1.767707337960701,1,3
mc6n,918,-382.05867223257314,-408.4042,26.34552776742686,1,4
mc6n,919,-383.8412122791265,-401.8741,18.032887720873475,1,2
mc6n,920,-381.6044673168223,-384.8391,3.234632683177665,1,2
mc6n,921,-380.808252508274,-369.5566,-11.251652508273992,1,9
mc6n,922,-381.39870867033113,-397.8874,16.48869132966888,1,9
mc6n,923,-378.6216474775888,-383.2906,4.668952522411189,1,8
mc6n,924,-384.88033620861086,-401.0967,16.216363791389142,1,9
mc6n,925,-377.5797556015173,-381.9614,4.381644398482706,1,6
mc6n,926,-380.43770785338916,-384.2414,3.8036921466108424,1,2
mc6n,927,-385.9367812965045,-410.2134,24.2766187034955,1,8
mc6n,928,-388.82367744707994,-403.6623,14.838622552920071,1,9
mc6n,929,-389.6284452169359,-392.3602,2.7317547830641047,1,2
mc6n,930,-383.9906406078248,-385.0723,1.0816593921751974,1,0
mc6n,931,-379.8230053324624,-400.1655,20.342494667537608,1,2
mc6n,932,-381.9522471639743,-386.2181,4.265852836025715,1,2
mc6n,933,-390.47895658318765,-390.2083,-0.27065658318764463,1,2
mc6n,934,-380.9321273748986,-407.9057,26.97357262510144,1,2
mc6n,935,-382.2107103754414,-380.3408,-1.8699103754414068,1,7
mc6n,936,-379.9745144844304,-402.2737,22.299185515569604,1,0
mc6n,937,-379.2256867209947,-368.6674,-10.558286720994715,1,0
mc6n,938,-382.14581517377695,-395.5767,13.430884826223064,1,7
mc6n,939,-384.2860516080101,-383.9512,-0.33485160801012626,1,1
mc6n,940,-384.07354032648107,-393.6461,9.572559673518924,1,7
mc6n,941,-381.86448424288375,-380.7786,-1.0858842428837647,1,9
mc6n,942,-382.2194220966696,-402.0825,19.863077903330407,1,9
mc6n,943,-381.0041918782575,-385.6312,4.627008121742506,1,1
mc6n,944,-382.31058298443037,-366.6438,-15.66678298443037,1,2
mc6n,945,-385.27459885896855,-401.4064,16.131801141031474,1,2
mc6n,946,-380.33757420014723,-361.6732,-18.664374200147222,1,5
mc6n,947,-380.81381161935803,-397.0543,16.240488380641978,1,4
mc6n,948,-384.6976724401889,-407.2204,22.522727559811074,1,9
mc6n,949,-384.78349635533937,-388.2981,3.5146036446606104,1,0
mc6n,950,-381.56676526092815,-392.7818,11.215034739071825,1,8
mc6n,951,-387.2365138941429,-376.6784,-10.558113894142878,1,4
mc6n,952,-382.32285519755493,-362.0581,-20.264755197554905,1,4
mc6n,953,-384.7763596841052,-412.5169,27.740540315894805,1,6
mc6n,954,-381.8351004596136,-385.4982,3.6630995403863835,1,7
mc6n,955,-380.31411599377793,-365.7379,-14.576215993777907,1,3
mc6n,956,-379.3378252680746,-375.0167,-4.3211252680745815,1,2
mc6n,957,-381.28511806520066,-374.4466,-6.838518065200674,1,6
mc6n,958,-384.9064399969845,-396.5123,11.605860003015493,1,8
mc6n,959,-382.22573233727013,-388.5513,6.325567662729895,1,0
mc6n,960,-383.2899252912376,-393.5541,10.264174708762425,1,3
mc6n,961,-386.43829356372726,-389.421,2.9827064362727356,1,5
mc6n,962,-379.33388889781094,-378.997,-0.33688889781092257,1,4
mc6n,963,-381.47099593980977,-397.9391,16.468104060190228,1,2
mc6n,964,-379.60337369492936,-397.9942,18.390826305070618,1,9
mc6n,965,-388.9122448360436,-385.7891,-3.1231448360435934,1,7
mc6n,966,-388.9043758606792,-395.6376,6.733224139320839,1,9
mc6n,967,-379.5724813775925,-365.6282,-13.944281377592517,1,2
mc6n,968,-380.29815841444616,-401.3091,21.010941585553837,1,8
mc6n,969,-381.11508921055724,-373.8777,-7.2373892105572395,1,7
mc6n,970,-382.60377071665556,-393.1879,10.584129283344453,1,7
mc6n,971,-390.62438202569507,-408.0621,17.437717974304917,1,5
mc6n,972,-382.3332806487327,-372.7005,-9.632780648732705,1,0
mc6n,973,-379.74535096992656,-366.8428,-12.902550969926551,1,1
mc6n,974,-386.1404779451122,-403.5467,17.40622205488779,1,1
mc6n,975,-386.551217125648,-394.6096,8.058382874351992,1,2
mc6n,976,-382.3263265828322,-398.414,16.087673417167764,1,6
mc6n,977,-385.99933337592483,-421.0453,35.04596662407516,1,8
mc6n,978,-378.2177851791836,-357.5651,-20.652685179183607,1,8
mc6n,979,-379.54445991853584,-372.4478,-7.096659918535863,1,6
mc6n,980,-379.05838000490746,-372.7752,-6.283180004907479,1,8
mc6n,981,-386.22651144866904,-391.331,5.104488551330974,1,1
mc6n,982,-384.71989507930834,-396.8184,12.098504920691653,1,3
mc6n,983,-379.7127555904827,-387.7563,8.043544409517324,1,1
mc6n,984,-386.4378461489777,-395.2881,8.850253851022273,1,8
mc6n,985,-380.0841662092838,-353.0303,-27.053866209283797,1,6
mc6n,986,-380.33126897957357,-373.4804,-6.85086897957359,1,8
mc6n,987,-388.8516518429563,-405.3155,16.463848157043685,1,2
mc6n,988,-382.97420994997657,-398.9125,15.938290050023454,1,0
mc6n,989,-386.68358534018995,-405.0433,18.359714659810038,1,8
mc6n,990,-384.59921737613746,-397.9873,13.388082623862545,1,6
mc6n,991,-380.84058433359417,-384.4978,3.6572156664058184,1,0
mc6n,992,-384.7491546154857,-384.5159,-0.23325461548569137,1,6
mc6n,993,-381.23061505660763,-391.2974,10.06678494339235,1,2
mc6n,994,-386.2181166199212,-419.4307,33.2125833800788,1,7
mc6n,995,-379.8040507653902,-388.1514,8.347349234609851,1,0
mc6n,996,-384.6274170480043,-390.9607,6.33328295199567,1,6
mc6n,997,-385.47680391638573,-393.6005,8.123696083614277,1,1
mc6n,998,-381.5201268353187,-411.6054,30.08527316468127,1,2
mc6n,999,-384.4375413072312,-389.9364,5.498858692768806,1,9
mc6n,1000,-378.1819756934098,-375.5299,-2.652075693409813,1,0
mc6n,1001,-385.3082773207754,-407.7485,22.440222679224576,1,6
mc6n,1002,-381.4366629851458,-368.1141,-13.322562985145794,1,2
mc6n,1003,-386.7354088810263,-383.4167,-3.318708881026282,1,3
mc6n,1004,-383.2590254438603,-395.8443,12.585274556139666,1,5
mc6n,1005,-382.41896964923313,-379.8098,-2.609169649233138,1,4
mc6n,1006,-380.9257807388176,-375.9962,-4.929580738817606,1,6
mc6n,1007,-383.40162458125434,-401.1514,17.749775418745685,1,9
mc6n,1008,-381.17177469896376,-381.8842,0.7124253010362622,1,0
mc6n,1009,-387.34808203452985,-388.7538,1.40571796547016,1,9
mc6n,1010,-386.5552356997084,-385.4495,-1.1057356997084185,1,8
mc6n,1011,-379.58670200920756,-369.8921,-9.694602009207529,1,4
mc6n,1012,-382.74650539634564,-390.7364,7.989894603654363,1,3
mc6n,1013,-382.6390072857229,-391.557,8.91799271427709,1,8
mc6n,1014,-381.8986973431211,-385.4576,3.5589026568788995,1,7
mc6n,1015,-379.9428848427937,-376.4081,-3.5347848427937265,1,2
mc6n,1016,-382.0840405792997,-389.1765,7.092459420700266,1,9
mc6n,1017,-383.4165128835825,-390.2155,6.798987116417493,1,9
mc6n,1018,-384.6274195580178,-377.4102,-7.217219558017803,1,8
mc6n,1019,-390.100757561229,-394.3228,4.222042438770984,1,0
mc6n,1020,-384.2332045983437,-391.9031,7.669895401656277,1,1
mc6n,1021,-381.18169500451177,-399.5341,18.352404995488257,1,1
mc6n,1022,-380.39223659616414,-388.663,8.270763403835872,1,0
mc6n,1023,-382.1751393435141,-382.9956,0.8204606564859205,1,1
mc6n,1024,-385.07205055378705,-405.3405,20.26844944621297,1,7
mc6n,1025,-382.6911056760289,-392.5302,9.839094323971096,1,2
mc6n,1026,-384.64003439154595,-396.2789,11.638865608454068,1,7
mc6n,1027,-383.7648455670478,-378.4887,-5.27614556704782,1,9
mc6n,1028,-382.7476361693923,-386.0761,3.3284638306076886,1,1
mc6n,1029,-386.67443812691886,-416.5368,29.86236187308117,1,2
mc6n,1030,-381.8046003361595,-406.2431,24.438499663840503,1,0
mc6n,1031,-381.91752138820954,-393.1015,11.183978611790451,1,6
mc6n,1032,-382.1681978279663,-396.2243,14.056102172033718,1,1
mc6n,1033,-379.8006308358168,-407.1655,27.364869164183233,1,1
mc6n,1034,-381.5828332819934,-391.4387,9.85586671800661,1,2
mc6n,1035,-380.50738656370453,-375.1225,-5.3848865637045265,1,5
mc6n,1036,-389.59205716706816,-414.311,24.718942832931816,1,7
mc6n,1037,-388.9872511064189,-403.8394,14.852148893581102,1,4
mc6n,1038,-386.0964807089835,-396.5964,10.49991929101651,1,5
mc6n,1039,-380.0692835546286,-360.9133,-19.15598355462862,1,6
mc6n,1040,-379.74896417253353,-368.0892,-11.659764172533528,1,0
mc6n,1041,-381.6703219812603,-388.4887,6.818378018739679,1,7
mc6n,1042,-379.2914899297288,-371.3724,-7.919089929728784,1,2
mc6n,1043,-383.34837471014805,-410.038,26.68962528985196,1,4
mc6n,1044,-379.90105879127526,-407.1423,27.241241208724716,1,2
mc6n,1045,-383.1885836813218,-377.4185,-5.7700836813218075,1,6
mc6n,1046,-386.0082835509995,-378.5,-7.508283550999522,1,7
mc6n,1047,-379.44512132047396,-397.9349,18.48977867952607,1,1
mc6n,1048,-380.7720922445529,-400.857,20.084907755447148,1,1
mc6n,1049,-380.6404412740605,-390.4763,9.835858725939488,1,2
mc6n,1050,-385.60934657857496,-401.1833,15.573953421425017,1,5
mc6n,1051,-384.598527742664,-380.42,-4.1785277426639595,1,3
mc6n,1052,-385.3784272911108,-403.1056,17.727172708889157,1,5
mc6n,1053,-385.5134084571968,-382.2802,-3.233208457196838,1,0
mc6n,1054,-378.0478102904002,-363.5747,-14.4731102904002,1,4
mc6n,1055,-389.0681603632886,-391.1049,2.0367396367113884,1,7
mc6n,1056,-392.22425704881977,-409.8887,17.664442951180206,1,6
mc6n,1057,-387.31867001332296,-393.9962,6.67752998667703,1,8
mc6n,1058,-380.474374517604,-386.1786,5.704225482395998,1,6
mc6n,1059,-380.529636185754,-390.2467,9.71706381424599,1,2
mc6n,1060,-389.9625064405856,-400.4738,10.511293559414355,1,6
mc6n,1061,-381.5055184024871,-376.1166,-5.388918402487093,1,0
mc6n,1062,-380.4611265264758,-391.6326,11.171473473524202,1,4
mc6n,1063,-384.39365890535953,-395.2669,10.873241094640491,1,1
mc6n,1064,-386.0536104808814,-395.7061,9.652489519118603,1,1
mc6n,1065,-386.8734428832229,-393.88,7.006557116777117,1,7
mc6n,1066,-382.5859626103568,-406.5115,23.92553738964324,1,0
mc6n,1067,-379.85688145982635,-380.5079,0.6510185401736521,1,2
mc6n,1068,-385.04272450139706,-393.8695,8.826775498602956,1,2
mc6n,1069,-380.80275677574315,-375.1269,-5.675856775743171,1,0
mc6n,1070,-379.13389518579,-380.8635,1.7296048142100062,1,9
mc6n,1071,-383.27427895699856,-410.5569,27.282621043001427,1,4
mc6n,1072,-382.0143926169345,-387.3398,5.32540738306551,1,9
mc6n,1073,-379.2747423152439,-379.547,0.2722576847561413,1,9
mc6n,1074,-380.255859847901,-401.3587,21.10284015209902,1,4
mc6n,1075,-377.49108655601,-370.4854,-7.005686556009948,1,1
mc6n,1076,-385.305193736572,-401.713,16.40780626342803,1,8
mc6n,1077,-381.02633984376325,-394.0224,12.996060156236751,1,0
mc6n,1078,-388.74847162863745,-385.8528,-2.8956716286374444,1,8
mc6n,1079,-383.52731106920936,-404.9098,21.382488930790657,1,8
mc6n,1080,-380.19066030382345,-364.9953,-15.195360303823463,1,8
mc6n,1081,-379.64341636305414,-381.1016,1.4581836369458756,1,5
mc6n,1082,-384.73618837636405,-381.0586,-3.6775883763640422,1,7
mc6n,1083,-385.6961688621355,-382.7041,-2.992068862135511,1,0
mc6n,1084,-388.9525328605519,-400.8748,11.922267139448081,1,1
mc6n,1085,-384.4579196944172,-371.6839,-12.774019694417234,1,0
mc6n,1086,-386.85794213119107,-384.968,-1.8899421311910487,1,0
mc6n,1087,-377.7382520773495,-382.6625,4.9242479226505225,1,9
mc6n,1088,-384.16175568220535,-410.2234,26.061644317794673,1,7
mc6n,1089,-381.850451236772,-403.2005,21.35004876322796,1,4
mc6n,1090,-382.78475464088024,-384.2197,1.4349453591197516,1,1
mc6n,1091,-385.39348062853577,-405.1525,19.759019371464206,1,0
mc6n,1092,-379.5723646606827,-359.815,-19.757364660682697,1,9
mc6n,1093,-385.5330633254424,-381.9933,-3.5397633254424363,1,4
mc6n,1094,-386.17588833446615,-386.6367,0.46081166553386765,1,0
mc6n,1095,-382.71261546376496,-387.998,5.2853845362350285,1,9
mc6n,1096,-388.517627642433,-386.6788,-1.8388276424329888,1,6
mc6n,1097,-380.7083573088786,-382.0188,1.310442691121409,1,7
mc6n,1098,-380.2711641892397,-385.6006,5.3294358107602875,1,5
mc6n,1099,-379.1357469677637,-361.9004,-17.23534696776369,1,0
mc6n,1100,-383.9552973621868,-408.0753,24.12000263781323,1,7
mc6n,1101,-386.074241754634,-397.7432,11.668958245366014,1,1
mc6n,1102,-383.6112505719258,-410.829,27.217749428074228,1,7
mc6n,1103,-389.01778762549617,-405.1466,16.12881237450381,1,4
mc6n,1104,-379.44976991461755,-395.4174,15.967630085382439,1,4
mc6n,1105,-384.4966885173016,-379.6695,-4.827188517301579,1,5
mc6n,1106,-382.5462744854849,-403.3124,20.766125514515124,1,6
mc6n,1107,-380.55499323742,-398.1418,17.58680676258001,1,1
mc6n,1108,-390.21440777989244,-401.7049,11.49049222010757,1,5
mc6n,1109,-387.8426741213192,-392.9935,5.1508258786807914,1,5
mc6n,1110,-380.36721526250744,-375.5393,-4.8279152625074175,1,8
mc6n,1111,-379.8988832141415,-376.2701,-3.6287832141414924,1,4
mc6n,1112,-379.52124769605336,-362.2911,-17.230147696053393,1,3
mc6n,1113,-380.0048062746275,-370.0193,-9.98550627462754,1,8
mc6n,1114,-379.26692918824955,-371.8734,-7.393529188249545,1,7
mc6n,1115,-384.2663358713675,-396.099,11.832664128632473,1,9
mc6n,1116,-385.6700500133958,-384.7055,-0.964550013395808,1,7
mc6n,1117,-385.994315805951,-377.3489,-8.645415805950961,1,1
mc6n,1118,-385.9543107884561,-406.9654,21.01108921154389,1,6
mc6n,1119,-388.35112727658645,-397.6456,9.294472723413548,1,6
mc6n,1120,-382.4531450988406,-388.4703,6.017154901159415,1,2
mc6n,1121,-380.54249072813536,-399.7087,19.16620927186466,1,8
mc6n,1122,-392.27297002252266,-404.8797,12.606729977477357,1,8
mc6n,1123,-381.76900232130225,-374.1402,-7.62880232130226,1,4
mc6n,1124,-387.0341990224956,-401.4608,14.426600977504393,1,4
mc6n,1125,-381.03100663564703,-388.8603,7.829293364352964,1,7
mc6n,1126,-379.8477285988823,-398.4243,18.57657140111769,1,3
mc6n,1127,-380.4532688463146,-399.4527,18.999431153685407,1,7
mc6n,1128,-382.53362576634703,-396.3029,13.769274233652993,1,7
mc6n,1129,-385.7823755584756,-396.0869,10.304524441524393,1,2
mc6n,1130,-382.57924888095556,-383.7367,1.157451119044424,1,5
mc6n,1131,-385.3467173283301,-385.7712,0.4244826716699208,1,4
mc6n,1132,-379.04021672785245,-364.5952,-14.445016727852476,1,9
mc6n,1133,-379.7647008682557,-371.3062,-8.458500868255726,1,7
mc6n,1134,-381.25065898107647,-368.2615,-12.989158981076457,1,3
mc6n,1135,-383.18214354609813,-363.9309,-19.251243546098124,1,8
mc6n,1136,-383.19179088482935,-392.9842,9.792409115170642,1,2
mc6n,1137,-382.5293160277296,-376.1418,-6.387516027729589,1,7
mc6n,1138,-379.17309134288814,-392.9743,13.801208657111886,1,3
mc6n,1139,-383.93005137975763,-393.4249,9.494848620242351,1,6
mc6n,1140,-386.44593287043494,-390.1973,3.7513671295650397,1,6
mc6n,1141,-380.24386060173595,-373.2369,-7.006960601735955,1,0
mc6n,1142,-380.76442658241854,-399.8727,19.108273417581472,1,6
mc6n,1143,-381.2506138002635,-396.4297,15.179086199736503,1,5
mc6n,1144,-380.548452073156,-395.5991,15.050647926844022,1,3
mc6n,1145,-382.69748870773304,-380.037,-2.660488707733066,1,8
mc6n,1146,-381.0086854773581,-398.8917,17.88301452264193,1,5
mc6n,1147,-383.53715607364035,-412.928,29.39084392635965,1,5
mc6n,1148,-381.10668057659274,-388.4119,7.305219423407266,1,0
mc6n,1149,-380.8416536105978,-376.2529,-4.5887536105977915,1,4
mc6n,1150,-384.5335534747196,-381.6188,-2.914753474719589,1,4
mc6n,1151,-382.09902238048517,-388.4386,6.3395776195148414,1,0
mc6n,1152,-384.74174121241447,-409.8257,25.083958787585516,1,8
mc6n,1153,-383.2540850576563,-388.2848,5.030714942343707,1,0
mc6n,1154,-381.2764835275996,-372.6283,-8.648183527599599,1,8
mc6n,1155,-380.9086597559788,-380.6162,-0.29245975597882534,1,5
mc6n,1156,-382.02419620557276,-403.5554,21.531203794427256,1,3
mc6n,1157,-384.4605357836208,-388.6851,4.224564216379179,1,4
mc6n,1158,-382.1779141927809,-379.0562,-3.121714192780928,1,5
mc6n,1159,-380.8698620676544,-374.933,-5.936862067654431,1,2
mc6n,1160,-379.569530825529,-359.4106,-20.158930825529012,1,3
mc6n,1161,-380.7855855920646,-405.2373,24.451714407935413,1,2
mc6n,1162,-381.33627079780706,-389.1156,7.779329202192912,1,1
mc6n,1163,-382.8425100337937,-402.4284,19.58588996620631,1,2
mc6n,1164,-385.20637659936995,-404.7811,19.574723400630035,1,6
mc6n,1165,-381.0686101723717,-375.1117,-5.956910172371693,1,4
mc6n,1166,-386.75096422642144,-390.4204,3.6694357735785275,1,5
mc6n,1167,-382.64026042320967,-384.7983,2.1580395767903156,1,8
mc6n,1168,-386.6936211074984,-406.6522,19.958578892501578,1,3
mc6n,1169,-382.7193022103788,-394.4077,11.688397789621149,1,4
mc6n,1170,-381.95584844387463,-381.5722,-0.3836484438746197,1,2
mc6n,1171,-389.03564091246517,-399.3006,10.264959087534805,1,6
mc6n,1172,-383.80717864670606,-376.2182,-7.588978646706039,1,0
mc6n,1173,-385.0234404916346,-401.2539,16.230459508365414,1,9
mc6n,1174,-381.5337212118707,-378.1849,-3.3488212118706997,1,6
mc6n,1175,-379.3622780778338,-372.5475,-6.814778077833807,1,5
mc6n,1176,-378.9253598075219,-365.4644,-13.460959807521874,1,3
mc6n,1177,-378.49241806825967,-377.9995,-0.49291806825965523,1,8
mc6n,1178,-380.15775681708897,-389.7497,9.591943182911052,1,0
mc6n,1179,-384.0670292826639,-382.8565,-1.210529282663913,1,1
mc6n,1180,-386.7066187222162,-392.8036,6.0969812777838115,1,1
mc6n,1181,-382.9498820148135,-391.0941,8.144217985186515,1,9
mc6n,1182,-384.0498097807983,-397.4818,13.431990219201737,1,8
mc6n,1183,-385.3580514139382,-403.6316,18.273548586061793,1,0
mc6n,1184,-378.88146548308634,-376.6408,-2.2406654830863317,1,2
mc6n,1185,-380.8515111652388,-393.1252,12.27368883476123,1,0
mc6n,1186,-381.2368782338852,-376.3478,-4.889078233885186,1,4
mc6n,1187,-385.77537003687127,-404.1898,18.414429963128725,1,9
mc6n,1188,-380.37879344949226,-386.8038,6.42500655050776,1,4
mc6n,1189,-382.5313698679266,-403.1573,20.625930132073393,1,1
mc6n,1190,-380.81636997768146,-397.0913,16.27493002231853,1,4
mc6n,1191,-384.0308426635161,-380.7459,-3.2849426635161194,1,3
mc6n,1192,-381.82375633395174,-374.0896,-7.7341563339517165,1,9
mc6n,1193,-384.82491766290775,-401.2411,16.416182337092266,1,8
mc6n,1194,-382.35409829298186,-389.0846,6.730501707018163,1,7
mc6n,1195,-380.32151057160553,-391.6123,11.290789428394476,1,6
mc6n,1196,-387.0665848136758,-384.4822,-2.584384813675797,1,8
mc6n,1197,-386.3105613931189,-393.0448,6.734238606881092,1,0
mc6n,1198,-381.59309307057094,-373.6271,-7.96599307057096,1,2
mc6n,1199,-381.4203665504306,-393.6269,12.206533449569406,1,5
mc6n,1200,-380.54971211317974,-397.7467,17.19698788682024,1,5
mc6n,1201,-380.4321612923724,-396.0712,15.639038707627549,1,6
mc6n,1202,-381.60906194496323,-370.5043,-11.10476194496323,1,7
mc6n,1203,-386.2577802720192,-393.1889,6.931119727980786,1,2
mc6n,1204,-380.7274028649373,-364.2935,-16.433902864937295,1,8
mc6n,1205,-382.3554248490756,-406.8106,24.455175150924447,1,8
mc6n,1206,-379.98264889657133,-371.7117,-8.270948896571326,1,5
mc6n,1207,-380.04275494191194,-399.7874,19.744645058088054,1,9
mc6n,1208,-383.6619351821717,-384.1492,0.48726481782830433,1,0
mc6n,1209,-387.0281234707213,-408.7572,21.7290765292787,1,8
mc6n,1210,-387.96671527804733,-384.9707,-2.9960152780473095,1,7
mc6n,1211,-380.5568870625471,-378.1524,-2.404487062547105,1,0
mc6n,1212,-381.7738636413691,-393.9827,12.208836358630947,1,0
mc6n,1213,-384.72997288991286,-389.2616,4.531627110087129,1,5
mc6n,1214,-390.1861441019691,-396.4493,6.263155898030902,1,6
mc6n,1215,-379.7309634207046,-384.5935,4.8625365792954085,1,9
mc6n,1216,-383.8961194040235,-393.4254,9.529280595976502,1,5
mc6n,1217,-384.6978374752858,-394.1228,9.424962524714203,1,8
mc6n,1218,-382.7208389822396,-382.5871,-0.13373898223960623,1,8
mc6n,1219,-384.70496285131674,-414.4058,29.700837148683263,1,7
mc6n,1220,-378.8013142582702,-363.2409,-15.560414258270214,1,3
mc6n,1221,-380.5213003428931,-372.0111,-8.510200342893086,1,4
mc6n,1222,-380.6756502326945,-369.3708,-11.304850232694548,1,7
mc6n,1223,-382.42390062274404,-380.6873,-1.7366006227440494,1,6
mc6n,1224,-384.1870386876183,-388.3192,4.132161312381697,1,3
mc6n,1225,-385.404938961094,-400.4992,15.094261038905984,1,3
mc6n,1226,-382.5913918269604,-414.3555,31.76410817303963,1,9
mc6n,1227,-384.40120534057064,-390.319,5.917794659429376,1,7
mc6n,1228,-378.81270481975173,-365.3193,-13.493404819751731,1,4
mc6n,1229,-380.14255099477714,-372.1978,-7.944750994777166,1,1
mc6n,1230,-385.7080990823598,-401.6167,15.908600917640172,1,9
mc6n,1231,-379.05199446304715,-380.2039,1.1519055369528246,1,3
mc6n,1232,-380.43083034375513,-394.3388,13.907969656244859,1,9
mc6n,1233,-378.73083798261865,-368.4158,-10.315037982618662,1,8
mc6n,1234,-382.33618288246646,-406.7879,24.45171711753352,1,6
mc6n,1235,-386.35267860933715,-396.8616,10.508921390662863,1,1
mc6n,1236,-382.9427422060625,-395.5054,12.56265779393749,1,3
mc6n,1237,-384.0843278508094,-389.8313,5.746972149190583,1,3
mc6n,1238,-385.826805776491,-396.017,10.190194223508968,1,6
mc6n,1239,-381.1723024348572,-368.1594,-13.01290243485721,1,6
mc6n,1240,-381.90294935085836,-398.1393,16.236350649141627,1,1
mc6n,1241,-381.744064446449,-373.0521,-8.691964446448992,1,3
mc6n,1242,-380.8494692476056,-393.2573,12.407830752394375,1,5
mc6n,1243,-378.8434528097455,-388.5398,9.696347190254528,1,2
mc6n,1244,-380.4340406849222,-396.609,16.174959315077786,1,5
mc6n,1245,-378.8744982394726,-362.8361,-16.0383982394726,1,0
mc6n,1246,-387.15367316151617,-403.5762,16.422526838483805,1,5
mc6n,1247,-380.8716862391948,-397.1292,16.25751376080524,1,9
mc6n,1248,-386.3973196707657,-380.5727,-5.824619670765685,1,6
mc6n,1249,-381.0617270152074,-386.259,5.197272984792619,1,3
mc6n,1250,-380.10237152934957,-365.4491,-14.653271529349581,1,4
mc6n,1251,-381.8450672009813,-401.8399,19.994832799018695,1,2
mc6n,1252,-380.67642897264443,-393.5607,12.884271027355567,1,9
mc6n,1253,-379.41034346121666,-379.7581,0.3477565387833579,1,8
mc6n,1254,-382.9870023689542,-395.2777,12.29069763104576,1,4
mc6n,1255,-384.5436363053511,-387.716,3.1723636946489364,1,6
mc6n,1256,-381.91802967121333,-387.6287,5.710670328786648,1,8
mc6n,1257,-387.4166218142548,-406.6105,19.193878185745177,1,7
mc6n,1258,-383.54061930137385,-365.6382,-17.902419301373868,1,5
mc6n,1259,-378.2426182598336,-369.8397,-8.402918259833598,1,7
mc6n,1260,-387.1310507984736,-396.6599,9.528849201526384,1,5
mc6n,1261,-384.7378324525842,-417.534,32.79616754741579,1,0
mc6n,1262,-378.5677556638353,-389.2719,10.704144336164688,1,6
mc6n,1263,-380.72516955678066,-381.92,1.1948304432193595,1,0
mc6n,1264,-380.53246374587405,-411.1421,30.609636254125974,1,5
mc6n,1265,-378.96368937334313,-370.7285,-8.235189373343133,1,0
mc6n,1266,-380.0859577503639,-400.4414,20.3554422496361,1,8
mc6n,1267,-388.0657783992789,-396.797,8.731221600721142,1,4
mc6n,1268,-389.97733010921127,-409.5944,19.61706989078874,1,5
mc6n,1269,-382.4105277571623,-390.5981,8.187572242837689,1,2
mc6n,1270,-380.2837081141744,-375.5707,-4.713008114174386,1,2
mc6n,1271,-383.00418861271345,-383.6791,0.6749113872865564,1,4
mc6n,1272,-382.57654933294856,-368.8881,-13.68844933294855,1,3
mc6n,1273,-384.4004611137338,-399.3626,14.962138886266189,1,8
mc6n,1274,-382.3589815758091,-363.7518,-18.60718157580908,1,3
mc6n,1275,-387.8392993725587,-413.0178,25.178500627441338,1,8
mc6n,1276,-383.4638804759481,-392.8427,9.378819524051892,1,4
mc6n,1277,-378.9894530514693,-358.665,-20.324453051469277,1,3
mc6n,1278,-388.502370991778,-400.5186,12.016229008222012,1,7
mc6n,1279,-379.5572397871609,-361.3825,-18.17473978716089,1,8
mc6n,1280,-384.65894064043107,-385.671,1.012059359568923,1,0
mc6n,1281,-381.1657217374532,-388.9141,7.748378262546794,1,8
mc6n,1282,-378.26879985962313,-383.9022,5.633400140376864,1,0
mc6n,1283,-381.15749884648193,-415.0831,33.92560115351807,1,0
mc6n,1284,-385.71581118017116,-410.1502,24.434388819828825,1,2
mc6n,1285,-379.9250591662581,-361.5116,-18.41345916625812,1,0
mc6n,1286,-379.2988738398565,-374.4419,-4.8569738398565505,1,8
mc6n,1287,-381.5338517339972,-403.1652,21.631348266002817,1,6
mc6n,1288,-383.09786142297804,-391.2848,8.186938577021976,1,5
mc6n,1289,-379.9758874762011,-399.7904,19.814512523798896,1,9
mc6n,1290,-385.243423534761,-387.6839,2.440476465238987,1,1
mc6n,1291,-380.4367000722859,-384.743,4.306299927714122,1,8
mc6n,1292,-380.4629463054926,-388.7449,8.281953694507365,1,5
mc6n,1293,-386.1439750584554,-391.5119,5.367924941544629,1,7
mc6n,1294,-386.70642544918263,-388.1499,1.4434745508173705,1,8
mc6n,1295,-382.14779685037377,-390.9369,8.789103149626214,1,1
mc6n,1296,-387.68713635523693,-396.8844,9.197263644763098,1,9
mc6n,1297,-380.15366105925875,-390.0578,9.904138940741234,1,3
mc6n,1298,-381.22669688422684,-365.0612,-16.165496884226854,1,8
mc6n,1299,-381.0114904470717,-403.0274,22.015909552928292,1,0
mc6n,1300,-382.2056815102643,-383.3552,1.1495184897357262,1,7
mc6n,1301,-379.2280907119211,-400.4363,21.208209288078933,1,4
mc6n,1302,-387.29126476913285,-377.9618,-9.32946476913287,1,3
mc6n,1303,-382.1076550355761,-381.513,-0.5946550355761246,1,5
mc6n,1304,-381.26203071717174,-411.4538,30.19176928282826,1,1
mc6n,1305,-384.68027158785367,-377.1454,-7.534871587853672,1,0
mc6n,1306,-383.8207962411679,-391.381,7.560203758832074,1,9
mc6n,1307,-379.683683679666,-385.9819,6.2982163203340065,1,0
mc6n,1308,-385.2753619111917,-399.3395,14.064138088808306,1,2
mc6n,1309,-378.996243337137,-376.7883,-2.20794333713701,1,8
mc6n,1310,-381.892961901737,-387.0768,5.1838380982629815,1,9
mc6n,1311,-382.2216773677293,-398.069,15.847322632270732,1,4
mc6n,1312,-380.0928616154245,-374.0454,-6.047461615424538,1,4
mc6n,1313,-379.19671834937446,-377.5082,-1.6885183493744762,1,7
mc6n,1314,-385.3482923784668,-404.0908,18.742507621533207,1,0
mc6n,1315,-382.56446725534073,-386.7974,4.2329327446592515,1,8
mc6n,1316,-381.433962182132,-378.0021,-3.431862182132022,1,6
mc6n,1317,-380.47461046143707,-368.2117,-12.262910461437059,1,1
mc6n,1318,-382.13770209689307,-368.2681,-13.869602096893061,1,2
mc6n,1319,-379.37241989435216,-391.4009,12.028480105647816,1,5
mc6n,1320,-380.70074373009413,-397.2548,16.554056269905857,1,9
mc6n,1321,-386.034484603536,-389.1488,3.114315396464008,1,5
mc6n,1322,-379.6970201497673,-367.9028,-11.794220149767284,1,5
mc6n,1323,-384.5996967938439,-408.2823,23.682603206156102,1,8
mc6n,1324,-384.28417660812653,-397.4126,13.128423391873469,1,3
mc6n,1325,-383.5730226626482,-407.9715,24.39847733735178,1,7
mc6n,1326,-380.8771160833017,-357.8944,-22.982716083301682,1,3
mc6n,1327,-382.98845317199806,-394.3339,11.345446828001968,1,9
mc6n,1328,-380.8772215048656,-397.0512,16.173978495134406,1,4
mc6n,1329,-379.1344467670966,-383.2182,4.083753232903405,1,0
mc6n,1330,-379.8455254113152,-393.4356,13.590074588684843,1,1
mc6n,1331,-384.2229460649156,-389.542,5.319053935084355,1,5
mc6n,1332,-379.82494433825974,-396.2318,16.40685566174028,1,1
mc6n,1333,-387.5246884489177,-403.7873,16.26261155108233,1,8
mc6n,1334,-382.6177918002034,-406.3889,23.771108199796572,1,1
mc6n,1335,-381.33873628463385,-368.9547,-12.38403628463385,1,9
mc6n,1336,-379.56610085590177,-377.666,-1.9001008559017691,1,6
mc6n,1337,-386.4178543080015,-404.2301,17.8122456919985,1,2
mc6n,1338,-381.9180340638796,-384.2032,2.285165936120393,1,2
mc6n,1339,-381.314311712954,-386.2075,4.893188287045973,1,5
mc6n,1340,-389.13448377759045,-406.1638,17.029316222409534,1,9
mc6n,1341,-378.9510437918648,-368.301,-10.650043791864789,1,1
mc6n,1342,-382.54269705099773,-385.4408,2.8981029490022934,1,1
mc6n,1343,-379.7468626415101,-362.7427,-17.004162641510106,1,7
mc6n,1344,-382.1730007895069,-390.8102,8.637199210493122,1,4
mc6n,1345,-386.6879277092677,-383.8712,-2.8167277092676954,1,0
mc6n,1346,-379.2393174933125,-364.4631,-14.776217493312515,1,7
mc6n,1347,-381.7654562622686,-373.2436,-8.521856262268557,1,4
mc6n,1348,-378.8577876482569,-374.9767,-3.88108764825688,1,4
mc6n,1349,-379.96149114178934,-368.814,-11.147491141789317,1,9
mc6n,1350,-380.7516956594839,-378.7302,-2.0214956594838895,1,9
mc6n,1351,-380.7083786442783,-404.487,23.778621355721725,1,0
mc6n,1352,-383.1404875498461,-398.8893,15.748812450153878,1,4
mc6n,1353,-387.970053003824,-389.2702,1.3001469961760108,1,6
mc6n,1354,-381.1565494237622,-397.0043,15.847750576237786,1,4
mc6n,1355,-381.0319962188674,-394.8408,13.80880378113261,1,8
mc6n,1356,-383.68244032632134,-372.5146,-11.167840326321368,1,3
mc6n,1357,-382.7134073814282,-373.1989,-9.514507381428245,1,5
mc6n,1358,-380.1039321467662,-392.8308,12.726867853233784,1,7
mc6n,1359,-380.1701350792808,-383.3902,3.22006492071921,1,7
mc6n,1360,-381.4872239759449,-402.3441,20.85687602405511,1,1
mc6n,1361,-381.6597522028821,-406.5961,24.93634779711789,1,9
mc6n,1362,-383.8425087147734,-391.131,7.288491285226598,1,0
mc6n,1363,-381.21354490211206,-392.7971,11.583555097887938,1,1
mc6n,1364,-386.71858157290075,-390.3574,3.6388184270992383,1,8
mc6n,1365,-387.89583300358163,-393.5929,5.697066996418357,1,0
mc6n,1366,-380.89297326095385,-374.0838,-6.809173260953855,1,5
mc6n,1367,-382.4059281088518,-391.1171,8.711171891148183,1,2
mc6n,1368,-380.98579893268845,-413.7382,32.75240106731155,1,6
mc6n,1369,-380.0848100345837,-371.4035,-8.681310034583703,1,9
mc6n,1370,-385.0429002041938,-385.5698,0.5268997958061732,1,6
mc6n,1371,-382.32360569956813,-383.3099,0.9862943004318936,1,7
mc6n,1372,-379.44799406126424,-362.3119,-17.13609406126426,1,3
mc6n,1373,-381.803984121293,-391.7397,9.935715878707015,1,2
mc6n,1374,-384.4470612613527,-383.6621,-0.7849612613526915,1,9
mc6n,1375,-380.90079203547845,-377.8451,-3.055692035478444,1,8
mc6n,1376,-386.80015599032737,-387.0263,0.22614400967262327,1,6
mc6n,1377,-377.70385950915255,-368.4293,-9.274559509152539,1,0
mc6n,1378,-387.0752933973871,-405.688,18.61270660261289,1,7
mc6n,1379,-378.7782231452211,-377.118,-1.6602231452210958,1,0
mc6n,1380,-386.3988062419293,-384.2588,-2.1400062419293135,1,1
mc6n,1381,-383.82487819378144,-387.1624,3.3375218062185468,1,6
mc6n,1382,-383.3076085230828,-386.8866,3.5789914769171673,1,9
mc6n,1383,-380.7991178452129,-377.4998,-3.2993178452128973,1,2
mc6n,1384,-379.60505165661647,-384.3967,4.791648343383542,1,8
mc6n,1385,-379.94863283438775,-382.5083,2.559667165612268,1,9
mc6n,1386,-382.27436247981564,-406.0229,23.748537520184357,1,1
mc6n,1387,-384.9731938833024,-393.6296,8.65640611669761,1,7
mc6n,1388,-382.0099372958245,-409.5059,27.495962704175497,1,3
mc6n,1389,-388.55628602344126,-382.9239,-5.632386023441256,1,9
mc6n,1390,-381.62337921323774,-379.6857,-1.9376792132377432,1,5
mc6n,1391,-381.7446204202792,-405.2947,23.550079579720773,1,8
mc6n,1392,-383.67116083407666,-381.3487,-2.322460834076651,1,5
mc6n,1393,-380.9696675330701,-367.9825,-12.987167533070078,1,1
mc6n,1394,-381.2257474615072,-377.822,-3.40374746150718,1,1
mc6n,1395,-382.3130196058171,-412.1418,29.8287803941829,1,9
mc6n,1396,-381.29712421404537,-379.2949,-2.002224214045384,1,8
mc6n,1397,-382.3653300944002,-405.7738,23.408469905599816,1,1
mc6n,1398,-380.63551783058995,-385.2336,4.598082169410077,1,3
mc6n,1399,-382.6252949372544,-366.2125,-16.412794937254432,1,9
mc6n,1400,-378.32104508714303,-376.8992,-1.4218450871430264,1,4
mc6n,1401,-382.1715794792638,-371.4621,-10.709479479263791,1,0
mc6n,1402,-382.76324108798127,-405.4101,22.64685891201873,1,9
mc6n,1403,-379.4223339223346,-382.2593,2.8369660776654086,1,0
mc6n,1404,-379.31154075673464,-391.6059,12.294359243265376,1,0
mc6n,1405,-379.9665325571764,-362.416,-17.550532557176382,1,4
mc6n,1406,-382.87674572429484,-395.5321,12.655354275705179,1,0
mc6n,1407,-385.1875036085911,-384.5512,-0.6363036085911062,1,8
mc6n,1408,-379.9898000005256,-389.8149,9.825099999474446,1,7
mc6n,1409,-384.825265303481,-381.1289,-3.6963653034810022,1,4
mc6n,1410,-381.1913147328096,-367.0577,-14.133614732809576,1,9
mc6n,1411,-381.62413285276773,-398.1654,16.541267147232247,1,1
mc6n,1412,-378.3488255823397,-359.3988,-18.95002558233972,1,7
mc6n,1413,-388.23722166134297,-384.5231,-3.714121661342972,1,8
mc6n,1414,-384.080732218582,-392.4441,8.363367781417992,1,9
mc6n,1415,-382.6475294990804,-372.7708,-9.876729499080398,1,8
mc6n,1416,-384.5244727775185,-399.2468,14.72232722248151,1,6
mc6n,1417,-382.3702842858209,-389.9877,7.617415714179117,1,8
mc6n,1418,-380.71692344789955,-402.2737,21.556776552100473,1,4
mc6n,1419,-383.5314281622966,-402.0242,18.4927718377034,1,4
mc6n,1420,-383.3878268914723,-390.2575,6.8696731085277065,1,0
mc6n,1421,-381.5318939028135,-379.053,-2.4788939028135246,1,7
mc6n,1422,-384.3269200792651,-395.0101,10.683179920734915,1,2
mc6n,1423,-383.10257967070845,-381.7689,-1.3336796707084773,1,5
mc6n,1424,-384.32359490384107,-388.0176,3.6940050961589463,1,7
mc6n,1425,-387.6995566607248,-410.8756,23.176043339275225,1,4
mc6n,1426,-380.2255291520673,-380.7244,0.4988708479327215,1,0
mc6n,1427,-381.4243957921908,-377.6535,-3.7708957921907995,1,0
mc6n,1428,-380.52974788263685,-405.8853,25.355552117363118,1,5
mc6n,1429,-381.9520181228209,-369.9523,-11.999718122820923,1,8
mc6n,1430,-386.50884074797233,-384.3703,-2.1385407479723426,1,8
mc6n,1431,-381.8515136112386,-383.6665,1.8149863887613833,1,8
mc6n,1432,-378.465863727477,-358.9679,-19.497963727476986,1,8
mc6n,1433,-380.7843318270745,-393.5384,12.754068172925543,1,3
mc6n,1434,-380.79969640944955,-373.8865,-6.91319640944954,1,0
mc6n,1435,-385.340274683093,-409.7381,24.39782531690696,1,5
mc6n,1436,-379.0676822130789,-385.789,6.721317786921077,1,2
mc6n,1437,-381.89732121369093,-413.3701,31.47277878630905,1,0
mc6n,1438,-384.97198090645895,-401.0536,16.081619093541065,1,7
mc6n,1439,-386.574547320047,-389.4111,2.8365526799530016,1,4
mc6n,1440,-380.1938819401937,-400.4787,20.284818059806298,1,5
mc6n,1441,-379.8094605291041,-371.1286,-8.680860529104109,1,5
mc6n,1442,-389.2452317625202,-394.6246,5.3793682374798095,1,7
mc6n,1443,-378.91064658062976,-388.1191,9.208453419370244,1,1
mc6n,1444,-384.154521746951,-389.1837,5.029178253048997,1,5
mc6n,1445,-381.88029121983874,-374.4666,-7.413691219838711,1,0
mc6n,1446,-389.28358580125797,-398.2877,9.004114198742002,1,6
mc6n,1447,-378.6378811612542,-369.5159,-9.121981161254212,1,3
mc6n,1448,-386.35744078273103,-407.4066,21.049159217268993,1,1
mc6n,1449,-385.2053098323798,-393.4497,8.244390167620224,1,4
mc6n,1450,-384.19164335609844,-407.4518,23.260156643901553,1,2
mc6n,1451,-381.476209920334,-385.7273,4.251090079666028,1,2
mc6n,1452,-379.5533184772633,-375.1996,-4.353718477263328,1,3
mc6n,1453,-384.2680119505445,-384.2696,0.0015880494555062796,1,3
mc6n,1454,-385.5474910353077,-385.5461,-0.0013910353076767024,1,4
mc6n,1455,-381.0698131090186,-364.2344,-16.83541310901859,1,0
mc6n,1456,-382.27906880469675,-394.0547,11.775631195303276,1,2
mc6n,1457,-391.7892470364977,-399.0476,7.2583529635022614,1,7
mc6n,1458,-380.27882922387073,-390.9578,10.67897077612929,1,7
mc6n,1459,-383.68914527067545,-386.0228,2.3336547293245644,1,5
mc6n,1460,-379.9081760097625,-388.233,8.324823990237519,1,6
mc6n,1461,-380.4273721360485,-368.5693,-11.85807213604852,1,8
mc6n,1462,-384.8533030777678,-391.9995,7.146196922232207,1,3
mc6n,1463,-382.8487531306783,-391.6241,8.775346869321709,1,6
mc6n,1464,-381.8355033210536,-409.8454,28.009896678946404,1,0
mc6n,1465,-384.4526875160101,-380.3756,-4.077087516010067,1,2
mc6n,1466,-380.5873012171843,-375.1788,-5.408501217184266,1,7
mc6n,1467,-384.5144821907376,-401.4075,16.893017809262403,1,4
mc6n,1468,-386.6950832058881,-390.7609,4.065816794111868,1,5
mc6n,1469,-386.1152896938485,-385.1979,-0.91738969384852,1,0
mc6n,1470,-379.0667108275988,-389.0332,9.966489172401225,1,2
mc6n,1471,-381.37389064990447,-393.9303,12.556409350095521,1,4
mc6n,1472,-381.48728421683853,-394.1323,12.645015783161455,1,6
mc6n,1473,-380.05606191892707,-369.9359,-10.120161918927067,1,2
mc6n,1474,-387.88193051945365,-403.7561,15.874169480546357,1,1
mc6n,1475,-384.4077245420743,-400.8268,16.419075457925715,1,3
mc6n,1476,-385.1976667605092,-399.173,13.975333239490794,1,3
mc6n,1477,-382.840827051937,-390.2965,7.455672948062954,1,2
mc6n,1478,-381.35108568138554,-386.3383,4.987214318614463,1,5
mc6n,1479,-383.9600545154111,-391.6961,7.736045484588885,1,0
mc6n,1480,-378.17828091465213,-387.4717,9.293419085347864,1,4
mc6n,1481,-381.926642246054,-383.2462,1.3195577539460146,1,0
mc6n,1482,-378.56131552861166,-368.875,-9.686315528611658,1,8
mc6n,1483,-386.20720610350673,-397.4329,11.225693896493283,1,9
mc6n,1484,-384.5913898164231,-391.3904,6.799010183576911,1,5
mc6n,1485,-384.41320646938846,-404.2533,19.84009353061157,1,7
mc6n,1486,-380.3662187766074,-368.4637,-11.902518776607394,1,5
mc6n,1487,-379.24291626319945,-383.7022,4.459283736800558,1,8
mc6n,1488,-384.440848284915,-391.2165,6.775651715085019,1,4
mc6n,1489,-383.32692139828544,-400.763,17.43607860171454,1,4
mc6n,1490,-379.4695314594337,-400.5396,21.070068540566297,1,2
mc6n,1491,-383.4548531171036,-403.7678,20.312946882896426,1,0
mc6n,1492,-383.68294672695777,-366.8363,-16.846646726957772,1,2
mc6n,1493,-378.951047556885,-376.559,-2.392047556884961,1,0
mc6n,1494,-382.3567451301356,-393.944,11.58725486986441,1,4
mc6n,1495,-379.9895220135391,-376.1623,-3.8272220135390853,1,9
mc6n,1496,-382.2711533936553,-375.0316,-7.239553393655285,1,7
mc6n,1497,-381.159660618399,-394.6444,13.484739381601003,1,8
mc6n,1498,-384.0617839265434,-372.3361,-11.725683926543411,1,3
mc6n,1499,-380.41189773958604,-379.969,-0.4428977395860443,1,9
mc6n,1500,-383.87103092679354,-401.8218,17.95076907320646,1,8
mc6n,1501,-378.9999079955905,-369.0406,-9.959307995590507,1,4
mc6n,1502,-379.82570990049635,-367.1215,-12.704209900496323,1,0
mc6n,1503,-385.1581191978176,-399.9839,14.825780802182408,1,7
mc6n,1504,-384.4422520247785,-375.5396,-8.90265202477849,1,8
mc6n,1505,-384.0628111605363,-382.4235,-1.6393111605362947,1,4
mc6n,1506,-380.4661823745829,-396.6054,16.139217625417075,1,1
mc6n,1507,-381.2263059454935,-403.6035,22.377194054506504,1,5
mc6n,1508,-384.16901095285937,-401.4221,17.253089047140634,1,1
mc6n,1509,-385.1863885232712,-404.9954,19.809011476728813,1,7
mc6n,1510,-380.8268713574796,-381.7011,0.8742286425203929,1,0
mc6n,1511,-385.4458519856586,-409.5217,24.07584801434143,1,9
mc6n,1512,-384.3159198290136,-380.349,-3.966919829013591,1,7
mc6n,1513,-386.4878059851337,-411.0926,24.604794014866286,1,3
mc6n,1514,-380.38628152631986,-391.1291,10.742818473680131,1,6
mc6n,1515,-378.03106644107817,-377.0015,-1.0295664410781455,1,4
mc6n,1516,-382.3594540908358,-371.8485,-10.51095409083581,1,5
mc6n,1517,-380.8631991664537,-367.4166,-13.446599166453666,1,6
mc6n,1518,-382.0074649064607,-379.2885,-2.7189649064607124,1,4
mc6n,1519,-383.2698173608549,-397.8902,14.620382639145078,1,4
mc6n,1520,-382.85982491716936,-381.7929,-1.0669249171693878,1,7
mc6n,1521,-379.874431659389,-372.9676,-6.906831659389013,1,0
mc6n,1522,-379.5847906137009,-378.0556,-1.5291906137008482,1,6
mc6n,1523,-385.22284936438524,-381.3977,-3.825149364385254,1,0
mc6n,1524,-384.5596798536424,-386.2467,1.687020146357554,1,5
mc6n,1525,-380.9624392454887,-386.779,5.816560754511272,1,1
mc6n,1526,-382.8006613918688,-388.6186,5.8179386081312146,1,6
mc6n,1527,-380.8200798168052,-369.0882,-11.731879816805247,1,4
mc6n,1528,-384.88077860304804,-391.3765,6.4957213969519785,1,0
mc6n,1529,-384.592585850533,-397.5312,12.938614149467014,1,4
mc6n,1530,-381.3395570677372,-397.5199,16.180342932262818,1,2
mc6n,1531,-382.54850528348544,-398.6861,16.13759471651457,1,8
mc6n,1532,-382.57144202899485,-408.5603,25.98885797100513,1,5
mc6n,1533,-379.730831016068,-374.0511,-5.67973101606799,1,9
mc6n,1534,-382.59585405060744,-385.0219,2.4260459493925737,1,2
mc6n,1535,-382.06593566077095,-401.4232,19.35726433922906,1,4
mc6n,1536,-378.26978818783675,-392.6657,14.395911812163263,1,4
mc6n,1537,-382.9461608804865,-399.3174,16.37123911951352,1,3
mc6n,1538,-379.07181436638956,-397.3183,18.24648563361046,1,4
mc6n,1539,-379.3782080465895,-373.0783,-6.299908046589508,1,8
mc6n,1540,-381.0686603732115,-397.8141,16.74543962678848,1,7
mc6n,1541,-381.0376820870577,-375.4235,-5.6141820870577135,1,7
mc6n,1542,-381.828641499289,-391.6641,9.835458500711013,1,6
mc6n,1543,-377.8922141657917,-366.2201,-11.672114165791697,1,9
mc6n,1544,-380.26358198590884,-371.5577,-8.705881985908832,1,7
mc6n,1545,-383.62583264933073,-398.118,14.492167350669263,1,3
mc6n,1546,-380.6246342972482,-381.343,0.7183657027518393,1,6
mc6n,1547,-381.5983083061019,-383.0464,1.4480916938981068,1,4
mc6n,1548,-381.03355997380083,-404.3549,23.321340026199152,1,3
mc6n,1549,-381.6523450748445,-368.6757,-12.976645074844498,1,5
mc6n,1550,-385.4438935269716,-393.0928,7.648906473028433,1,4
mc6n,1551,-380.79626957733916,-372.9558,-7.8404695773391495,1,4
mc6n,1552,-382.1578357553417,-384.0367,1.8788642446583026,1,1
mc6n,1553,-386.58782292160856,-395.377,8.789177078391447,1,3
mc6n,1554,-382.37037527480743,-382.9275,0.5571247251925797,1,2
mc6n,1555,-384.8721133174969,-371.8225,-13.049613317496892,1,9
mc6n,1556,-386.33597680316853,-395.9767,9.640723196831459,1,4
mc6n,1557,-380.00891270001495,-402.4865,22.477587299985032,1,2
mc6n,1558,-383.7632705170538,-393.3832,9.61992948294619,1,7
mc6n,1559,-384.54040023640346,-401.8232,17.28279976359653,1,9
mc6n,1560,-383.9074861202346,-407.9333,24.025813879765394,1,3
mc6n,1561,-384.8529077465109,-385.4904,0.6374922534891425,1,0
mc6n,1562,-386.3501823745602,-398.537,12.1868176254398,1,2
mc6n,1563,-381.4200835434172,-406.4958,25.075716456582768,1,3
mc6n,1564,-381.39664102491736,-385.6041,4.207458975082659,1,7
mc6n,1565,-379.96609392775935,-373.0314,-6.9346939277593265,1,8
mc6n,1566,-380.95065586262103,-391.0764,10.125744137378945,1,8
mc6n,1567,-381.2144893046622,-388.0144,6.799910695337815,1,6
mc6n,1568,-382.0844792087168,-407.9167,25.83222079128319,1,2
mc6n,1569,-379.7252148016072,-369.5164,-10.208814801607218,1,8
mc6n,1570,-380.5874932353538,-383.2684,2.6809067646461813,1,7
mc6n,1571,-386.3054076534883,-398.2825,11.97709234651171,1,8
mc6n,1572,-384.77920795197895,-390.2224,5.4431920480210465,1,0
mc6n,1573,-384.7004849399429,-387.231,2.5305150600570983,1,3
mc6n,1574,-379.79372948091225,-371.4121,-8.381629480912238,1,9
mc6n,1575,-384.2017418744566,-392.2384,8.036658125543397,1,4
mc6n,1576,-379.3813907773232,-365.7896,-13.591790777323183,1,7
mc6n,1577,-387.48757436995334,-386.9073,-0.5802743699533153,1,2
mc6n,1578,-390.4720916237636,-408.0512,17.579108376236377,1,8
mc6n,1579,-380.6264722740052,-402.0997,21.473227725994775,1,5
mc6n,1580,-381.89460723296384,-384.6163,2.7216927670361883,1,7
mc6n,1581,-379.71407273402593,-387.2463,7.532227265974086,1,9
mc6n,1582,-384.53138040759933,-397.7566,13.225219592400663,1,6
mc6n,1583,-378.72326205446404,-384.515,5.791737945535942,1,0
mc6n,1584,-379.3462577474523,-372.6857,-6.6605577474522875,1,7
mc6n,1585,-382.62814257762477,-401.1017,18.473557422375222,1,3
mc6n,1586,-386.57060530225306,-386.065,-0.5056053022530591,1,6
mc6n,1587,-382.81088792234004,-394.0527,11.241812077659972,1,7
mc6n,1588,-380.10383111772586,-390.7616,10.657768882274127,1,7
mc6n,1589,-380.29187578427894,-394.7272,14.435324215721039,1,4
mc6n,1590,-380.5383905777816,-370.846,-9.692390577781623,1,9
mc6n,1591,-381.56664164148134,-385.4951,3.9284583585186397,1,7
mc6n,1592,-379.63111214697267,-391.3553,11.724187853027331,1,8
mc6n,1593,-381.1294133813688,-383.0931,1.9636866186311863,1,9
mc6n,1594,-382.20138369421073,-406.8933,24.691916305789277,1,9
mc6n,1595,-389.12809823587287,-409.7976,20.66950176412712,1,6
mc6n,1596,-390.9814063502809,-400.6141,9.632693649719101,1,0
mc6n,1597,-383.226952780283,-381.9999,-1.2270527802829747,1,0
mc6n,1598,-382.5305208468866,-398.3318,15.801279153113398,1,9
mc6n,1599,-387.3751973691696,-375.4883,-11.886897369169617,1,7
mc6n,1600,-388.7417271511434,-406.0529,17.311172848856643,1,9
mc6n,1601,-382.6833967155917,-404.0455,21.362103284408306,1,9
mc6n,1602,-380.206909047855,-366.5149,-13.692009047854981,1,1
mc6n,1603,-380.2559596219346,-392.5831,12.327140378065394,1,1
mc6n,1604,-383.6016069982148,-379.701,-3.900606998214755,1,0
mc6n,1605,-380.91111018243953,-358.8142,-22.0969101824395,1,0
mc6n,1606,-380.49578641381663,-388.2551,7.759313586183396,1,4
mc6n,1607,-378.8466562483755,-374.8862,-3.9604562483755217,1,9
mc6n,1608,-380.60012375660875,-403.8306,23.23047624339125,1,7
mc6n,1609,-381.10198680177893,-380.8794,-0.2225868017789594,1,1
mc6n,1610,-383.0845713886964,-398.5124,15.427828611303596,1,7
mc6n,1611,-382.7011069303669,-385.6591,2.957993069633119,1,1
mc6n,1612,-382.7291641575433,-394.734,12.004835842456657,1,8
mc6n,1613,-389.7899744486283,-392.718,2.928025551371718,1,2
mc6n,1614,-381.1112250040365,-402.3254,21.214174995963504,1,5
mc6n,1615,-383.5756312218115,-404.3978,20.82216877818854,1,5
mc6n,1616,-383.91994031118946,-398.5458,14.625859688810522,1,8
mc6n,1617,-384.9046453183876,-373.2813,-11.623345318387635,1,4
mc6n,1618,-384.8493723551771,-380.9016,-3.947772355177108,1,9
mc6n,1619,-383.47960901412654,-382.6339,-0.8457090141265553,1,8
mc6n,1620,-384.59630447470386,-392.1922,7.595895525296157,1,6
mc6n,1621,-383.0775181764084,-379.853,-3.224518176408367,1,3
mc6n,1622,-378.3270083146737,-362.8154,-15.511608314673708,1,6
mc6n,1623,-378.38036235247984,-377.5267,-0.8536623524798301,1,8
mc6n,1624,-383.65511226590104,-385.1916,1.5364877340989551,1,9
mc6n,1625,-384.0035961793892,-388.112,4.1084038206108175,1,5
mc6n,1626,-381.156712576349,-389.7427,8.585987423651034,1,8
mc6n,1627,-387.1396169374946,-395.9511,8.811483062505374,1,3
mc6n,1628,-382.004805519097,-380.3728,-1.6320055190969924,1,8
mc6n,1629,-386.331767466088,-393.1171,6.785332533911969,1,6
mc6n,1630,-382.7127641836317,-407.5007,24.787935816368304,1,6
mc6n,1631,-379.3545697449,-387.5298,8.175230255100018,1,0
mc6n,1632,-384.74635968596857,-404.3371,19.59074031403145,1,7
mc6n,1633,-384.68384274730727,-403.9547,19.270857252692736,1,1
mc6n,1634,-381.43791800514265,-409.2659,27.82798199485734,1,9
mc6n,1635,-382.5513937120025,-389.4333,6.881906287997481,1,3
mc6n,1636,-384.51019127736373,-387.9572,3.4470087226362693,1,1
mc6n,1637,-382.75397025526337,-420.8648,38.110829744736634,1,4
mc6n,1638,-379.3024581770234,-389.0832,9.780741822976552,1,7
mc6n,1639,-379.7587978817613,-373.2318,-6.526997881761304,1,5
mc6n,1640,-382.8076681684799,-385.6703,2.8626318315201047,1,2
mc6n,1641,-386.2475819794847,-388.0173,1.7697180205152563,1,0
mc6n,1642,-381.8425759863739,-369.7574,-12.085175986373883,1,3
mc6n,1643,-382.12159140517105,-381.0492,-1.0723914051710608,1,3
mc6n,1644,-383.53072095858624,-393.1352,9.604479041413754,1,6
mc6n,1645,-379.92971717295217,-375.4453,-4.484417172952192,1,9
mc6n,1646,-383.79165279425433,-393.828,10.036347205745642,1,3
mc6n,1647,-385.97570950695535,-401.6236,15.647890493044656,1,6
mc6n,1648,-392.1072935772962,-409.8947,17.787406422703782,1,1
mc6n,1649,-385.7444883872343,-405.7094,19.964911612765718,1,5
mc6n,1650,-388.7815746637245,-407.8957,19.114125336275492,1,3
mc6n,1651,-382.1870833688124,-407.6809,25.4938166311876,1,3
mc6n,1652,-381.11251390950036,-411.3671,30.25458609049963,1,8
mc6n,1653,-380.6272987046388,-403.3913,22.764001295361197,1,3
mc6n,1654,-383.7807196875761,-394.3463,10.56558031242389,1,2
mc6n,1655,-388.167282534278,-393.5902,5.42291746572198,1,8
mc6n,1656,-379.4332469487625,-378.4836,-0.9496469487624495,1,9
mc6n,1657,-387.99273309774674,-404.4055,16.41276690225328,1,7
mc6n,1658,-379.45360713820827,-398.0722,18.61859286179174,1,0
mc6n,1659,-383.4988716884893,-395.7381,12.239228311510658,1,5
mc6n,1660,-385.3560339692216,-406.0201,20.66406603077843,1,2
mc6n,1661,-382.26261486506775,-382.8176,0.5549851349322807,1,3
mc6n,1662,-381.9337274614416,-395.164,13.230272538558381,1,3
mc6n,1663,-379.822761858589,-379.032,-0.7907618585890077,1,9
mc6n,1664,-383.29658003475186,-380.9998,-2.296780034751862,1,0
mc6n,1665,-385.69411690444855,-403.2658,17.571683095551464,1,8
mc6n,1666,-383.7917607259743,-383.4507,-0.3410607259743301,1,5
mc6n,1667,-378.9800698943652,-389.2187,10.238630105634797,1,6
mc6n,1668,-387.01945881267346,-388.5036,1.4841411873265429,1,5
mc6n,1669,-388.1590063049501,-389.9056,1.74659369504991,1,8
mc6n,1670,-379.8542283474963,-387.3356,7.481371652503697,1,8
mc6n,1671,-381.6414069479967,-396.1614,14.519993052003315,1,9
mc6n,1672,-384.2333602208901,-378.7335,-5.4998602208901275,1,3
mc6n,1673,-388.6709277079778,-395.8336,7.162672292022194,1,5
mc6n,1674,-379.57266963059914,-355.6898,-23.882869630599146,1,7
mc6n,1675,-388.28811272233577,-396.3319,8.04378727766425,1,4
mc6n,1676,-380.23276183231485,-378.7113,-1.5214618323148557,1,1
mc6n,1677,-386.99226817677396,-383.9539,-3.038368176773986,1,8
mc6n,1678,-384.5975362767909,-403.4884,18.890863723209122,1,2
mc6n,1679,-381.48769021579534,-374.5108,-6.976890215795322,1,0
mc6n,1680,-382.7094791687083,-402.4498,19.740320831291683,1,1
mc6n,1681,-384.5488540510382,-383.4969,-1.0519540510381944,1,0
mc6n,1682,-385.0771628776249,-391.1087,6.031537122375084,1,4
mc6n,1683,-390.80357942886656,-396.7396,5.93602057113344,1,5
mc6n,1684,-383.5545650835193,-379.7544,-3.800165083519346,1,9
mc6n,1685,-381.6917909808497,-380.1339,-1.55789098084972,1,7
mc6n,1686,-382.82737386506864,-364.3751,-18.452273865068662,1,3
mc6n,1687,-383.90953996043163,-395.4905,11.580960039568367,1,3
mc6n,1688,-382.8705892237306,-373.6192,-9.251389223730598,1,5
mc6n,1689,-377.93430314407317,-374.2639,-3.670403144073191,1,2
mc6n,1690,-384.01497168064736,-400.0723,16.05732831935262,1,1
mc6n,1691,-385.5508444488112,-397.2638,11.712955551188827,1,5
mc6n,1692,-379.5265388604902,-371.4908,-8.035738860490198,1,4
mc6n,1693,-380.5156420852788,-402.1259,21.610257914721217,1,7
mc6n,1694,-385.7752815578982,-399.2112,13.435918442101809,1,3
mc6n,1695,-379.58533027230095,-382.5189,2.933569727699023,1,0
mc6n,1696,-381.4940920728858,-406.2488,24.754707927114225,1,8
mc6n,1697,-379.88457786871624,-380.8221,0.9375221312837425,1,2
mc6n,1698,-383.3479298056974,-398.3192,14.971270194302633,1,2
mc6n,1699,-380.2138072652427,-390.2367,10.022892734757306,1,3
mc6n,1700,-384.0495512467015,-367.7841,-16.265451246701502,1,8
mc6n,1701,-385.1037743217844,-410.6408,25.537025678215628,1,7
mc6n,1702,-379.0780687586201,-384.47,5.39193124137995,1,4
mc6n,1703,-380.7682801213821,-393.0512,12.282919878617918,1,5
mc6n,1704,-381.96959656046295,-391.1893,9.219703439537057,1,5
mc6n,1705,-381.3912237310204,-376.752,-4.6392237310203654,1,5
mc6n,1706,-388.4843633372694,-392.0445,3.560136662730656,1,8
mc6n,1707,-381.9167125278128,-372.581,-9.335712527812802,1,9
mc6n,1708,-381.3771963725816,-391.0642,9.687003627418449,1,1
mc6n,1709,-385.672476594586,-399.4967,13.824223405413989,1,9
mc6n,1710,-387.17117065036825,-389.8874,2.71622934963176,1,2
mc6n,1711,-382.0730660568288,-366.861,-15.212066056828803,1,9
mc6n,1712,-381.8841108731926,-406.5168,24.632689126807406,1,1
mc6n,1713,-385.6668264945154,-393.8845,8.217673505484584,1,8
mc6n,1714,-385.8553468138974,-402.1164,16.261053186102572,1,7
mc6n,1715,-392.7315367602409,-405.5297,12.798163239759106,1,3
mc6n,1716,-382.9780214457867,-373.4354,-9.542621445786665,1,7
mc6n,1717,-383.4936815533782,-392.7474,9.253718446621804,1,4
mc6n,1718,-389.4482331301241,-393.0808,3.632566869875916,1,0
mc6n,1719,-390.84311318634144,-400.9368,10.093686813658564,1,0
mc6n,1720,-379.41903698484725,-382.6379,3.218863015152749,1,3
mc6n,1721,-380.7921361690217,-402.8449,22.05276383097828,1,1
mc6n,1722,-382.8702980590308,-378.5122,-4.3580980590307945,1,4
mc6n,1723,-378.57935832373676,-374.0389,-4.540458323736743,1,3
mc6n,1724,-380.61820859474454,-369.2295,-11.388708594744571,1,9
mc6n,1725,-382.2221335673832,-406.0402,23.81806643261683,1,6
mc6n,1726,-389.0530850629606,-401.0594,12.006314937039406,1,1
mc6n,1727,-384.2652791445738,-397.1213,12.856020855426209,1,1
mc6n,1728,-384.18420234245116,-405.4849,21.300697657548824,1,4
mc6n,1729,-387.44862168672853,-408.8539,21.40527831327148,1,7
mc6n,1730,-380.59157393281794,-384.1498,3.5582260671820904,1,4
mc6n,1731,-389.44661729184077,-389.6311,0.18448270815923706,1,9
mc6n,1732,-378.77880547462064,-370.7485,-8.030305474620661,1,3
mc6n,1733,-378.3785758315694,-373.3453,-5.0332758315693695,1,5
mc6n,1734,-378.9069618419259,-370.9792,-7.927761841925928,1,0
mc6n,1735,-382.44616844267637,-362.1941,-20.252068442676375,1,7
mc6n,1736,-380.8400735404342,-382.698,1.8579264595657605,1,4
mc6n,1737,-386.72829982022546,-392.1651,5.4368001797745364,1,5
mc6n,1738,-382.04930288068573,-368.3203,-13.729002880685755,1,0
mc6n,1739,-383.5349917917098,-372.0387,-11.49629179170978,1,5
mc6n,1740,-384.30321463400225,-404.755,20.45178536599775,1,7
mc6n,1741,-379.3636874652276,-366.2037,-13.159987465227573,1,9
mc6n,1742,-380.6761007848181,-398.3291,17.652999215181865,1,7
mc6n,1743,-383.82351524206456,-407.4033,23.579784757935442,1,1
mc6n,1744,-381.4753546242603,-383.2811,1.8057453757396615,1,4
mc6n,1745,-382.03512993989705,-404.311,22.275870060102932,1,7
mc6n,1746,-379.9697416433367,-377.2271,-2.7426416433366967,1,2
mc6n,1747,-381.1964439995237,-400.7978,19.6013560004763,1,2
mc6n,1748,-381.68899918884944,-395.8111,14.122100811150574,1,0
mc6n,1749,-383.29031936748777,-400.6592,17.36888063251223,1,3
mc6n,1750,-382.1988284735469,-386.2502,4.051371526453124,1,2
mc6n,1751,-379.67266836919106,-380.6328,0.9601316308089167,1,6
mc6n,1752,-391.06846395002844,-406.3931,15.32463604997156,1,3
mc6n,1753,-383.97881392693967,-386.0032,2.0243860730603274,1,4
mc6n,1754,-378.86354003237443,-383.1924,4.32885996762559,1,5
mc6n,1755,-387.85286049114706,-392.073,4.220139508852924,1,0
mc6n,1756,-385.51284432568025,-413.7297,28.21685567431973,1,4
mc6n,1757,-382.79844941911193,-393.1168,10.31835058088808,1,8
mc6n,1758,-383.2386464290282,-373.7801,-9.458546429028218,1,0
mc6n,1759,-388.43238793904953,-388.7918,0.35941206095048983,1,3
mc6n,1760,-387.8312026110476,-399.3147,11.4834973889524,1,3
mc6n,1761,-379.8963706641344,-363.144,-16.75237066413439,1,1
mc6n,1762,-379.2604338323018,-376.2757,-2.984733832301856,1,2
mc6n,1763,-380.11977740185444,-388.0054,7.885622598145574,1,3
mc6n,1764,-380.04536350093247,-379.6792,-0.36616350093248684,1,0
mc6n,1765,-379.94142462705673,-374.0717,-5.869724627056712,1,3
mc6n,1766,-381.4312274935086,-389.3165,7.885272506491447,1,0
mc6n,1767,-384.1853174277711,-412.279,28.093682572228886,1,9
mc6n,1768,-382.29225906494474,-389.299,7.006740935055234,1,4
mc6n,1769,-382.61804970679685,-396.1658,13.547750293203137,1,4
mc6n,1770,-380.44517773233383,-379.5258,-0.9193777323338281,1,1
mc6n,1771,-381.2138373216759,-405.5797,24.365862678324106,1,6
mc6n,1772,-381.1941090348233,-379.3101,-1.8840090348233502,1,2
mc6n,1773,-384.0059505968365,-369.9957,-14.0102505968365,1,5
mc6n,1774,-382.28477475313736,-368.7739,-13.51087475313733,1,7
mc6n,1775,-387.56646241722893,-398.5702,11.003737582771066,1,8
mc6n,1776,-380.4093538139827,-401.1617,20.75234618601729,1,6
mc6n,1777,-380.974046925417,-407.2891,26.315053074583034,1,4
mc6n,1778,-384.4781248889627,-379.3604,-5.117724888962698,1,5
mc6n,1779,-383.6416314685993,-390.3843,6.742668531400682,1,2
mc6n,1780,-380.8091987934769,-399.6437,18.8345012065231,1,9
mc6n,1781,-384.00878129447335,-385.2544,1.2456187055266241,1,0
mc6n,1782,-386.879933846647,-408.9149,22.03496615335297,1,9
mc6n,1783,-383.72299943527906,-386.2222,2.4992005647209226,1,5
mc6n,1784,-379.90115354528194,-397.9569,18.055746454718076,1,6
mc6n,1785,-381.3260856829859,-379.2362,-2.08988568298588,1,5
mc6n,1786,-380.3545320303992,-402.52,22.165467969600797,1,8
mc6n,1787,-379.354106015063,-370.2048,-9.149306015063019,1,8
mc6n,1788,-381.82897470699953,-389.5111,7.6821252930004675,1,5
mc6n,1789,-380.7551193540775,-372.7983,-7.956819354077538,1,9
mc6n,1790,-378.72056062380426,-383.5483,4.827739376195723,1,0
mc6n,1791,-385.159884383471,-389.1554,3.9955156165289623,1,0
mc6n,1792,-382.81688817299727,-390.6685,7.851611827002728,1,2
mc6n,1793,-380.35846400799664,-394.8023,14.443835992003358,1,1
mc6n,1794,-379.89965003138485,-364.538,-15.36165003138484,1,4
mc6n,1795,-382.24624501174554,-397.6585,15.41225498825446,1,1
mc6n,1796,-380.24594644488997,-376.9291,-3.3168464448899613,1,2
mc6n,1797,-382.59246675163695,-362.803,-19.78946675163695,1,5
mc6n,1798,-380.03116043955424,-404.4584,24.42723956044574,1,6
mc6n,1799,-380.4596763509353,-402.3717,21.91202364906468,1,7
mc6n,1800,-384.05838156734956,-395.481,11.422618432650438,1,6
mc6n,1801,-378.772460720907,-373.4459,-5.326560720907025,1,3
mc6n,1802,-381.0405410226313,-376.4192,-4.621341022631327,1,0
mc6n,1803,-378.89107893620786,-383.4166,4.525521063792155,1,2
mc6n,1804,-380.5707782514719,-368.0827,-12.488078251471904,1,7
mc6n,1805,-385.69328545378806,-383.8276,-1.8656854537880463,1,4
mc6n,1806,-382.28227224332676,-386.817,4.534727756673249,1,8
mc6n,1807,-381.9933747969721,-411.2266,29.233225203027928,1,4
mc6n,1808,-378.39597668376194,-359.9664,-18.429576683761923,1,7
mc6n,1809,-382.23407006264114,-398.8329,16.598829937358857,1,7
mc6n,1810,-383.7232931098496,-379.9482,-3.7750931098495926,1,0
mc6n,1811,-382.8078978371366,-400.3469,17.539002162863426,1,1
mc6n,1812,-382.74551832313875,-380.332,-2.41351832313876,1,2
mc6n,1813,-381.6614044366459,-380.6799,-0.9815044366459347,1,3
mc6n,1814,-385.39775836419636,-389.8063,4.408541635803658,1,9
mc6n,1815,-384.5183551825908,-385.6648,1.14644481740919,1,8
mc6n,1816,-385.59656482743986,-391.2806,5.6840351725601295,1,5
mc6n,1817,-381.56717188753095,-389.2893,7.722128112469079,1,4
mc6n,1818,-381.3417269973407,-371.6931,-9.64862699734067,1,2
mc6n,1819,-389.6967283450742,-397.4455,7.748771654925804,1,1
mc6n,1820,-382.2633760346381,-396.6962,14.432823965361877,1,9
mc6n,1821,-378.89910604413217,-370.7569,-8.142206044132195,1,0
mc6n,1822,-383.0241183304287,-387.7896,4.765481669571329,1,1
mc6n,1823,-380.40682306609267,-381.4117,1.004876933907326,1,6
mc6n,1824,-383.81895826441087,-382.7043,-1.1146582644108776,1,1
mc6n,1825,-380.45272542269436,-369.3466,-11.106125422694333,1,4
mc6n,1826,-387.088272814222,-402.9117,15.823427185777973,1,0
mc6n,1827,-381.90036965727796,-368.8581,-13.042269657277984,1,5
mc6n,1828,-381.1060919721596,-399.724,18.61790802784037,1,4
mc6n,1829,-381.2971286065689,-388.4417,7.144571393431136,1,0
mc6n,1830,-380.8870056408996,-395.6255,14.7384943591004,1,8
mc6n,1831,-389.82171202184236,-390.8613,1.0395879781576696,1,8
mc6n,1832,-384.21754822390824,-386.2401,2.0225517760917455,1,2
mc6n,1833,-380.3119554768676,-374.4519,-5.860055476867558,1,6
mc6n,1834,-380.43689334531945,-364.1357,-16.30119334531946,1,7
mc6n,1835,-381.34436881432487,-399.0323,17.687931185675154,1,7
mc6n,1836,-379.0682469720989,-380.9188,1.8505530279010713,1,7
mc6n,1837,-378.73589069320894,-372.5515,-6.184390693208968,1,1
mc6n,1838,-386.8199947189134,-379.871,-6.948994718913411,1,4
mc6n,1839,-385.4916257025012,-394.597,9.10537429749877,1,3
mc6n,1840,-380.22222593940364,-372.5984,-7.623825939403616,1,4
mc6n,1841,-378.9648044586631,-381.2141,2.249295541336892,1,7
mc6n,1842,-390.42896223391864,-393.8534,3.4244377660813825,1,8
mc6n,1843,-382.31571476130057,-397.0786,14.762885238699425,1,6
mc6n,1844,-382.912717735152,-372.9462,-9.966517735152024,1,2
mc6n,1845,-380.45338305306825,-402.5213,22.067916946931746,1,8
mc6n,1846,-380.2939653925958,-371.9713,-8.322665392595809,1,8
mc6n,1847,-384.60040023253407,-391.1407,6.5402997674659105,1,7
mc6n,1848,-382.37320848245776,-380.3352,-2.0380084824577693,1,8
mc6n,1849,-379.389960053861,-392.5079,13.117939946139018,1,6
mc6n,1850,-384.66018624773477,-386.1073,1.4471137522652384,1,1
mc6n,1851,-387.01713451553036,-385.643,-1.3741345155303861,1,8
mc6n,1852,-382.32478981082875,-390.1587,7.833910189171263,1,1
mc6n,1853,-382.8493160071882,-395.0577,12.208383992811832,1,2
mc6n,1854,-381.70415983049105,-395.2589,13.554740169508932,1,2
mc6n,1855,-385.8069086893788,-384.9348,-0.8721086893788197,1,2
mc6n,1856,-379.0089453946315,-383.7452,4.736254605368515,1,9
mc6n,1857,-387.84695750465266,-404.9927,17.14574249534735,1,0
mc6n,1858,-381.28804602685767,-387.8803,6.592253973142306,1,4
mc6n,1859,-382.0423481874246,-388.2315,6.189151812575403,1,2
mc6n,1860,-379.8884778433568,-371.0773,-8.811177843356802,1,0
mc6n,1861,-384.4720920078452,-381.275,-3.1970920078452423,1,5
mc6n,1862,-387.1700379948115,-390.4421,3.272062005188502,1,2
mc6n,1863,-377.59417515383893,-383.7382,6.144024846161074,1,7
mc6n,1864,-380.3639616230376,-386.7827,6.418738376962381,1,0
mc6n,1865,-379.40222222678904,-383.5292,4.126977773210967,1,8
mc6n,1866,-382.64173569917006,-403.7184,21.07666430082992,1,0
mc6n,1867,-379.55503848210384,-384.0424,4.487361517896147,1,7
mc6n,1868,-383.98366206915045,-379.7762,-4.207462069150438,1,6
mc6n,1869,-381.14843634702106,-398.4673,17.318863652978962,1,1
mc6n,1870,-379.14706034561806,-383.6398,4.492739654381921,1,4
mc6n,1871,-379.6946337292204,-391.7158,12.021166270779588,1,4
mc6n,1872,-383.43526288241793,-386.0156,2.5803371175820757,1,2
mc6n,1873,-381.66581143942625,-372.4707,-9.195111439426228,1,9
mc6n,1874,-386.4517906762591,-385.0398,-1.4119906762591086,1,2
mc6n,1875,-383.099744580548,-401.3034,18.20365541945199,1,4
mc6n,1876,-381.84616785358116,-377.1651,-4.681067853581169,1,4
mc6n,1877,-383.3076580964193,-390.9607,7.653041903580686,1,7
mc6n,1878,-388.4857582920858,-390.29,1.8042417079142297,1,3
mc6n,1879,-380.9574135178284,-389.2151,8.257686482171607,1,3
mc6n,1880,-383.1455233175602,-373.7586,-9.386923317560218,1,7
mc6n,1881,-380.27352111684314,-391.6179,11.344378883156878,1,9
mc6n,1882,-385.7501880604986,-373.0231,-12.727088060498602,1,2
mc6n,1883,-385.6827150477638,-387.985,2.3022849522362208,1,4
mc6n,1884,-384.45791655690044,-388.1676,3.70968344309955,1,3
mc6n,1885,-380.77592382061334,-390.5789,9.802976179386633,1,4
mc6n,1886,-389.5648056627716,-387.3317,-2.2331056627716066,1,8
mc6n,1887,-380.5525748139162,-367.6657,-12.886874813916165,1,2
mc6n,1888,-380.08721716288426,-385.9888,5.901582837115768,1,2
mc6n,1889,-382.6387569093125,-376.6521,-5.986656909312501,1,5
mc6n,1890,-378.4411222631741,-366.2115,-12.229622263174122,1,3
mc6n,1891,-380.5543914552735,-390.0373,9.482908544726513,1,9
mc6n,1892,-379.70602240819187,-378.0733,-1.632722408191853,1,1
mc6n,1893,-380.7958516556758,-377.5024,-3.293451655675767,1,9
mc6n,1894,-387.18819060402393,-399.2346,12.04640939597607,1,5
mc6n,1895,-381.18481561169904,-388.8598,7.67498438830097,1,9
mc6n,1896,-381.3470426345513,-384.2507,2.90365736544868,1,9
mc6n,1897,-383.81711401262015,-384.7847,0.9675859873798345,1,6
mc6n,1898,-388.88855445100415,-386.5422,-2.3463544510041743,1,1
mc6n,1899,-387.6764661751791,-382.7688,-4.907666175179088,1,8
mc6n,1900,-382.25080951943966,-392.7539,10.503090480560331,1,9
mc6n,1901,-383.8154492285037,-380.6793,-3.1361492285037116,1,7
mc6n,1902,-383.1516208322376,-374.0282,-9.12342083223757,1,8
mc6n,1903,-385.6488878662329,-397.3105,11.661612133767107,1,3
mc6n,1904,-381.6035084815522,-417.893,36.28949151844779,1,1
mc6n,1905,-383.06769325222774,-394.7051,11.637406747772275,1,8
mc6n,1906,-380.9522422079609,-380.4889,-0.4633422079609204,1,0
mc6n,1907,-379.0661203406555,-382.3764,3.3102796593444737,1,7
mc6n,1908,-380.48936761413535,-373.3051,-7.184267614135365,1,9
mc6n,1909,-382.3532950801154,-379.7423,-2.6109950801154014,1,6
mc6n,1910,-380.81344452603787,-379.6557,-1.1577445260378454,1,7
mc6n,1911,-381.856737004456,-379.3918,-2.464937004456033,1,5
mc6n,1912,-382.66710530104604,-393.4577,10.790594698953953,1,8
mc6n,1913,-389.2239598009845,-394.0378,4.8138401990154875,1,3
mc6n,1914,-381.2114872967521,-391.2809,10.069412703247849,1,4
mc6n,1915,-380.9987049309164,-372.4214,-8.577304930916398,1,6
mc6n,1916,-389.94630413237377,-396.7253,6.778995867626236,1,5
mc6n,1917,-382.53100716713004,-388.4065,5.875492832869952,1,4
mc6n,1918,-387.61741371911535,-393.0623,5.444886280884646,1,3
mc6n,1919,-380.0920138493912,-395.5852,15.493186150608778,1,3
mc6n,1920,-387.1066168141007,-392.8229,5.716283185899329,1,3
mc6n,1921,-378.99615548581,-370.8339,-8.162255485809965,1,9
mc6n,1922,-380.44770157754414,-380.5931,0.14539842245585533,1,8
mc6n,1923,-378.9012690711986,-381.8207,2.9194309288013756,1,5
mc6n,1924,-378.84430371329563,-385.3574,6.513096286704354,1,7
mc6n,1925,-382.74431538649185,-376.852,-5.892315386491873,1,2
mc6n,1926,-381.11440208709723,-399.0035,17.88909791290274,1,3
mc6n,1927,-379.40360714140894,-364.678,-14.725607141408943,1,7
mc6n,1928,-380.5153797861618,-380.8793,0.36392021383818474,1,3
mc6n,1929,-382.38160895887853,-373.1316,-9.250008958878539,1,8
mc6n,1930,-380.9347076959824,-384.7695,3.834792304017583,1,1
mc6n,1931,-381.92859317455793,-391.4572,9.528606825442068,1,1
mc6n,1932,-382.2492846701428,-374.3248,-7.924484670142817,1,5
mc6n,1933,-377.6993201018784,-359.5059,-18.193420101878417,1,7
mc6n,1934,-384.55816190688256,-392.661,8.102838093117441,1,6
mc6n,1935,-381.59707211149134,-370.8986,-10.698472111491355,1,3
mc6n,1936,-379.1786924971256,-365.2302,-13.948492497125585,1,5
mc6n,1937,-380.09052100305126,-366.0583,-14.03222100305129,1,0
mc6n,1938,-378.50310268089487,-361.5971,-16.906002680894858,1,3
mc6n,1939,-380.2382381120988,-376.2043,-4.033938112098838,1,1
mc6n,1940,-379.43184446390563,-397.5869,18.15505553609438,1,3
mc6n,1941,-380.7080855970685,-392.9114,12.20331440293154,1,3
mc6n,1942,-384.4807554108864,-412.2831,27.802344589113602,1,4
mc6n,1943,-388.57608521902995,-390.3906,1.8145147809700575,1,6
mc6n,1944,-389.66640957194704,-398.9749,9.308490428052949,1,6
mc6n,1945,-381.28537785430416,-404.9551,23.669722145695857,1,8
mc6n,1946,-386.363100295352,-389.7054,3.342299704647985,1,2
mc6n,1947,-389.4212608676781,-396.5608,7.139539132321886,1,6
mc6n,1948,-383.50944962455395,-402.9753,19.465850375446053,1,3
mc6n,1949,-389.6573207170595,-395.621,5.963679282940461,1,5
mc6n,1950,-382.80008659265235,-374.9359,-7.864186592652345,1,5
mc6n,1951,-381.56739904603154,-392.6592,11.091800953968459,1,3
mc6n,1952,-379.3983699429749,-372.794,-6.604369942974927,1,4
mc6n,1953,-385.4296609726499,-394.2816,8.851939027350113,1,2
mc6n,1954,-391.2848337906906,-397.0128,5.727966209309443,1,9
mc6n,1955,-387.3300473970912,-399.0648,11.73475260290877,1,3
mc6n,1956,-379.09895793896607,-365.7842,-13.314757938966068,1,8
mc6n,1957,-379.9751777624773,-394.8458,14.870622237522696,1,1
mc6n,1958,-386.7444952257577,-400.5712,13.826704774242273,1,3
mc6n,1959,-382.36204507961946,-383.2509,0.8888549203805383,1,7
mc6n,1960,-383.963329490138,-388.4762,4.512870509862012,1,2
mc6n,1961,-378.81621385565893,-377.157,-1.6592138556589475,1,0
mc6n,1962,-383.141285742543,-397.0708,13.929514257457015,1,3
mc6n,1963,-381.3277975302827,-400.3403,19.012502469717333,1,9
mc6n,1964,-381.9570664408877,-389.5326,7.57553355911233,1,0
mc6n,1965,-381.7407304858352,-392.4508,10.710069514164843,1,8
mc6n,1966,-380.4909840797794,-397.6343,17.143315920220573,1,9
mc6n,1967,-385.45016925445907,-385.5122,0.06203074554093746,1,9
mc6n,1968,-383.2704241630283,-387.0922,3.8217758369717103,1,4
mc6n,1969,-385.4376033666213,-397.4671,12.029496633378699,1,1
mc6n,1970,-383.56678897831415,-405.9868,22.420011021685866,1,0
mc6n,1971,-385.91125418971467,-391.104,5.192745810285317,1,6
mc6n,1972,-380.24645912056,-392.2056,11.959140879439985,1,3
mc6n,1973,-380.8382807443474,-392.9255,12.087219255652599,1,5
mc6n,1974,-382.91462787550927,-374.785,-8.129627875509243,1,0
mc6n,1975,-381.5494070793924,-389.474,7.9245929206076084,1,8
mc6n,1976,-385.68985171899794,-398.6472,12.957348281002055,1,6
mc6n,1977,-380.00032020556733,-375.0942,-4.906120205567333,1,8
mc6n,1978,-381.9993499472094,-392.7512,10.751850052790587,1,5
mc6n,1979,-388.46156715408284,-400.4931,12.031532845917184,1,3
mc6n,1980,-381.69544748161684,-367.2029,-14.492547481616839,1,1
mc6n,1981,-382.070431769885,-404.059,21.98856823011505,1,0
mc6n,1982,-382.03078694317327,-396.7789,14.748113056826753,1,1
mc6n,1983,-385.8865641812584,-392.9791,7.092535818741624,1,1
mc6n,1984,-384.00800255452344,-372.7082,-11.299802554523467,1,4
mc6n,1985,-381.6554073236482,-357.4553,-24.200107323648183,1,7
mc6n,1986,-385.30234170367805,-386.4737,1.171358296321955,1,2
mc6n,1987,-378.60219090254634,-367.5313,-11.070890902546353,1,9
mc6n,1988,-379.6514346857886,-383.9942,4.342765314211363,1,7
mc6n,1989,-379.0380781738452,-379.3707,0.3326218261548206,1,0
mc6n,1990,-381.3615751386198,-379.6222,-1.7393751386197778,1,4
mc6n,1991,-387.44158541717405,-400.2772,12.83561458282594,1,0
mc6n,1992,-380.5795916293864,-377.085,-3.4945916293864343,1,1
mc6n,1993,-384.80191251881826,-383.7832,-1.0187125188182335,1,9
mc6n,1994,-378.0008279892377,-367.4829,-10.517927989237705,1,3
mc6n,1995,-378.84280772943885,-366.9733,-11.869507729438851,1,4
mc6n,1996,-385.7265560339854,-416.7283,31.0017439660146,1,4
mc6n,1997,-380.5169002427925,-374.8676,-5.649300242792492,1,9
mc6n,1998,-382.5840192118932,-409.3962,26.812180788106843,1,9
mc6n,1999,-382.0372415109743,-385.7346,3.697358489025703,1,9
mc6n,2000,-380.7869058731247,-385.5514,4.76449412687532,1,7
mc6n,2001,-386.13390854305413,-377.968,-8.165908543054115,1,4
mc6n,2002,-381.3843399463527,-383.8618,2.4774600536472917,1,4
mc6n,2003,-382.4930484597918,-399.9678,17.474751540208217,1,0
mc6n,2004,-383.41732864651624,-390.8575,7.440171353483777,1,8
mc6n,2005,-381.23200875627464,-398.9988,17.76679124372538,1,2
mc6n,2006,-381.7411615852119,-391.8041,10.062938414788107,1,2
mc6n,2007,-389.98399614792874,-399.0745,9.090503852071265,1,9
mc6n,2008,-382.4825420598241,-396.9034,14.420857940175893,1,8
mc6n,2009,-380.89165548990724,-392.8543,11.962644510092787,1,9
mc6n,2010,-381.66055416059913,-387.0657,5.405145839400859,1,6
mc6n,2011,-386.5692021898929,-392.7096,6.1403978101071175,1,2
mc6n,2012,-382.2429154436553,-396.1096,13.866684556344694,1,5
mc6n,2013,-382.7469860690588,-374.328,-8.418986069058803,1,3
mc6n,2014,-380.7581590124747,-368.1371,-12.621059012474745,1,2
mc6n,2015,-388.5627939297416,-392.0254,3.4626060702584027,1,3
mc6n,2016,-384.70638227890703,-394.7825,10.076117721092999,1,5
mc6n,2017,-381.5276142846429,-379.1844,-2.3432142846428974,1,0
mc6n,2018,-382.35825680171916,-401.1979,18.83964319828084,1,9
mc6n,2019,-385.0109116269233,-388.8261,3.815188373076694,1,7
mc6n,2020,-382.2346592945777,-376.0955,-6.1391592945776665,1,1
mc6n,2021,-382.4408672381858,-373.6852,-8.755667238185765,1,3
mc6n,2022,-380.1791178849584,-404.0396,23.860482115041634,1,1
mc6n,2023,-385.8543183248978,-381.8171,-4.037218324897822,1,2
mc6n,2024,-384.3317381010291,-375.0004,-9.331338101029075,1,7
mc6n,2025,-381.8371505347905,-410.4954,28.658249465209508,1,8
mc6n,2026,-383.4245920748567,-391.918,8.493407925143288,1,4
mc6n,2027,-383.79291283442075,-369.5918,-14.201112834420769,1,1
mc6n,2028,-381.0850032436037,-388.9536,7.8685967563963,1,6
mc6n,2029,-380.2735913979333,-375.9514,-4.322191397933295,1,6
mc6n,2030,-386.7898529035897,-395.0277,8.237847096410292,1,9
mc6n,2031,-380.1134997917141,-396.9364,16.822900208285887,1,0
mc6n,2032,-387.2487145710279,-388.9306,1.681885428972123,1,0
mc6n,2033,-383.3880088693026,-405.1721,21.78409113069739,1,3
mc6n,2034,-386.64204668820844,-396.0302,9.388153311791541,1,0
mc6n,2035,-380.5171355591221,-380.8728,0.35566444087788796,1,5
mc6n,2036,-381.3807449416287,-398.9364,17.555655058371315,1,8
mc6n,2037,-379.52775999487733,-364.6151,-14.912659994877345,1,9
mc6n,2038,-379.9470960623843,-400.7454,20.798303937615742,1,0
mc6n,2039,-382.7344659895373,-389.6051,6.870634010462709,1,3
mc6n,2040,-379.2468080801536,-365.2924,-13.954408080153598,1,7
mc6n,2041,-384.50615011303955,-373.8429,-10.663250113039567,1,2
mc6n,2042,-382.6239238278511,-371.5843,-11.03962382785113,1,1
mc6n,2043,-383.3832466959087,-370.6734,-12.709846695908709,1,1
mc6n,2044,-384.5746472221078,-373.4428,-11.131847222107808,1,7
mc6n,2045,-379.0894561825848,-376.9311,-2.1583561825847823,1,0
mc6n,2046,-380.13985709430034,-363.81,-16.329857094300337,1,4
mc6n,2047,-380.2297861798315,-386.2204,5.990613820168505,1,2
mc6n,2048,-381.72354737945005,-374.0974,-7.62614737945006,1,0
mc6n,2049,-388.37197504128244,-393.2733,4.9013249587175665,1,6
mc6n,2050,-383.29239203307105,-403.5487,20.256307966928944,1,2
mc6n,2051,-379.68656081297985,-395.4721,15.785539187020163,1,4
mc6n,2052,-379.03367681873783,-367.7181,-11.315576818737838,1,5
mc6n,2053,-385.24335262602483,-399.0298,13.786447373975193,1,7
mc6n,2054,-385.33024079829465,-397.9742,12.643959201705343,1,4
mc6n,2055,-382.3752083567948,-404.0763,21.70109164320519,1,5
mc6n,2056,-378.7229828124709,-364.7448,-13.978182812470891,1,0
mc6n,2057,-379.299151826843,-382.8131,3.5139481731570186,1,9
mc6n,2058,-385.3438320373299,-395.5506,10.206767962670085,1,1
mc6n,2059,-379.426884624812,-364.0487,-15.37818462481198,1,3
mc6n,2060,-383.28629577340047,-375.689,-7.597295773400447,1,9
mc6n,2061,-385.2579710990529,-393.3492,8.091228900947101,1,2
mc6n,2062,-378.9467648011975,-379.1295,0.18273519880250433,1,9
mc6n,2063,-379.06376215818807,-382.7756,3.7118378418119278,1,8
mc6n,2064,-385.2997042790748,-390.885,5.585295720925217,1,2
mc6n,2065,-384.92500237031663,-382.3434,-2.5816023703166593,1,9
mc6n,2066,-386.16646125169854,-405.5535,19.38703874830145,1,6
mc6n,2067,-388.0801603009706,-400.1941,12.113939699029402,1,6
mc6n,2068,-379.6792101609584,-393.7248,14.045589839041611,1,7
mc6n,2069,-386.9762986748783,-382.8744,-4.101898674878328,1,8
mc6n,2070,-388.0304288784646,-385.2391,-2.791328878464583,1,1
mc6n,2071,-384.63914646501195,-391.1448,6.505653534988028,1,2
mc6n,2072,-382.94842368158663,-385.7967,2.8482763184133546,1,2
mc6n,2073,-381.99461287423543,-386.112,4.117387125764594,1,6
mc6n,2074,-380.487079085112,-391.4372,10.950120914888032,1,1
mc6n,2075,-387.4053693049401,-404.3909,16.98553069505988,1,1
mc6n,2076,-380.03395223155457,-369.6833,-10.35065223155459,1,3
mc6n,2077,-381.90117036013095,-404.7371,22.83592963986905,1,5
mc6n,2078,-382.5913660990371,-402.8555,20.264133900962918,1,4
mc6n,2079,-384.95319953216995,-402.7369,17.783700467830045,1,1
mc6n,2080,-387.65718028290644,-387.4798,-0.1773802829064266,1,3
mc6n,2081,-387.54488611328014,-390.48,2.9351138867198756,1,8
mc6n,2082,-381.36091186057297,-410.0907,28.729788139427058,1,8
mc6n,2083,-382.28098145521017,-367.1569,-15.12408145521016,1,7
mc6n,2084,-381.56884357404175,-375.7306,-5.838243574041769,1,4
mc6n,2085,-378.86917193470475,-392.0723,13.203128065295232,1,3
mc6n,2086,-382.5800546038355,-390.6771,8.097045396164503,1,4
mc6n,2087,-381.68614150842524,-404.0278,22.341658491574776,1,4
mc6n,2088,-380.79394402533194,-373.1623,-7.631644025331923,1,5
mc6n,2089,-381.3111183145205,-396.583,15.271881685479514,1,4
mc6n,2090,-382.64387864584353,-374.1216,-8.522278645843528,1,2
mc6n,2091,-382.5704367580478,-380.0455,-2.5249367580477724,1,9
mc6n,2092,-383.5141615972507,-394.9321,11.417938402749314,1,3
mc6n,2093,-390.7055071460048,-398.8849,8.179392853995239,1,3
mc6n,2094,-389.0953045633685,-387.6679,-1.4274045633684977,1,9
mc6n,2095,-380.78946611395816,-393.9592,13.169733886041854,1,6
mc6n,2096,-379.9944787149733,-366.1868,-13.807678714973292,1,7
mc6n,2097,-385.08514041235543,-412.611,27.52585958764456,1,7
mc6n,2098,-382.3574366461192,-400.9523,18.594863353880783,1,8
mc6n,2099,-384.92916213420335,-410.5428,25.613637865796647,1,5
mc6n,2100,-380.9371430623624,-404.7675,23.83035693763759,1,0
mc6n,2101,-381.8335423523531,-367.8766,-13.95694235235311,1,5
mc6n,2102,-383.7214582706094,-397.7308,14.009341729390599,1,7
mc6n,2103,-379.0997548766562,-386.5895,7.489745123343766,1,3
mc6n,2104,-380.4748922134437,-360.3377,-20.13719221344371,1,9
mc6n,2105,-379.19595215977716,-363.2053,-15.990652159777142,1,1
mc6n,2106,-384.2117111258378,-387.3146,3.102888874162204,1,7
mc6n,2107,-381.4869554016516,-388.0703,6.58334459834839,1,2
mc6n,2108,-383.35729413741524,-391.198,7.840705862584741,1,6
mc6n,2109,-380.2027800320611,-378.1132,-2.0895800320611215,1,5
mc6n,2110,-379.20895102935907,-357.4276,-21.781351029359087,1,2
mc6n,2111,-387.7994292697138,-396.2797,8.480270730286179,1,7
mc6n,2112,-383.3486169290147,-411.8139,28.465283070985265,1,5
mc6n,2113,-386.02189612543447,-385.8648,-0.15709612543446383,1,2
mc6n,2114,-391.73744859593864,-400.0026,8.265151404061328,1,5
mc6n,2115,-381.4499925525674,-389.2731,7.823107447432619,1,9
mc6n,2116,-381.1654418679567,-367.6226,-13.542841867956724,1,4
mc6n,2117,-379.67116485515123,-369.8787,-9.792464855151252,1,6
mc6n,2118,-387.16425172508417,-391.128,3.9637482749158153,1,3
mc6n,2119,-384.31266744469315,-394.9643,10.651632555306833,1,0
mc6n,2120,-382.70967934442155,-376.5741,-6.135579344421558,1,0
mc6n,2121,-377.9640772385733,-372.0799,-5.8841772385732725,1,0
mc6n,2122,-380.53357067350754,-381.738,1.204429326492459,1,1
mc6n,2123,-380.27748698005024,-373.9881,-6.289386980050267,1,7
mc6n,2124,-378.67631301126517,-372.9891,-5.6872130112651575,1,6
mc6n,2125,-377.8318571165374,-366.5741,-11.257757116537391,1,8
mc6n,2126,-381.0602536217571,-387.1626,6.102346378242885,1,1
mc6n,2127,-384.15477024099397,-370.7001,-13.454670240993948,1,6
mc6n,2128,-381.4688165975131,-401.0793,19.610483402486864,1,3
mc6n,2129,-380.3590111967797,-367.9144,-12.444611196779704,1,8
mc6n,2130,-385.6386123899286,-385.4515,-0.18711238992858625,1,9
mc6n,2131,-384.6359285936619,-387.2412,2.6052714063380904,1,6
mc6n,2132,-381.5431840627581,-378.168,-3.3751840627580805,1,3
mc6n,2133,-382.41511736527633,-390.4899,8.074782634723647,1,1
mc6n,2134,-384.59232982644966,-403.1194,18.527070173550328,1,2
mc6n,2135,-379.693778433004,-388.6235,8.929721566995966,1,4
mc6n,2136,-384.6166201109828,-386.6219,2.0052798890171744,1,3
mc6n,2137,-382.74162525103526,-393.9791,11.237474748964758,1,2
mc6n,2138,-382.1165757177073,-401.9193,19.80272428229273,1,3
mc6n,2139,-384.4260013982369,-378.1085,-6.317501398236914,1,7
mc6n,2140,-382.91816640435985,-413.4747,30.556533595640133,1,7
mc6n,2141,-383.63651788961204,-382.3675,-1.26901788961203,1,4
mc6n,2142,-385.3042775719586,-376.9717,-8.332577571958609,1,3
mc6n,2143,-384.72939558068293,-379.7103,-5.019095580682915,1,4
mc6n,2144,-380.9307462254415,-369.4646,-11.466146225441491,1,2
mc6n,2145,-379.37746068223584,-389.664,10.286539317764152,1,3
mc6n,2146,-387.11860037253894,-398.5957,11.477099627461087,1,2
mc6n,2147,-382.1427020966301,-387.8867,5.743997903369916,1,2
mc6n,2148,-379.149804446792,-378.9694,-0.18040444679201073,1,0
mc6n,2149,-385.18302757972737,-401.4356,16.252572420272656,1,4
mc6n,2150,-385.1991721570591,-386.7713,1.5721278429409153,1,0
mc6n,2151,-382.0265669383929,-376.4932,-5.533366938392874,1,8
mc6n,2152,-379.7599418323786,-384.4525,4.692558167621371,1,4
mc6n,2153,-385.9867907059969,-400.7538,14.767009294003117,1,8
mc6n,2154,-379.1315815563467,-399.9224,20.79081844365328,1,8
mc6n,2155,-380.4620426910892,-370.3972,-10.064842691089211,1,1
mc6n,2156,-385.83904661401937,-405.0444,19.20535338598063,1,9
mc6n,2157,-382.7301192276506,-385.5693,2.83918077234938,1,4
mc6n,2158,-380.7411716892793,-379.6045,-1.1366716892793534,1,1
mc6n,2159,-381.4860436295618,-383.6515,2.1654563704382213,1,3
mc6n,2160,-381.95340303744086,-377.693,-4.260403037440881,1,0
mc6n,2161,-380.36582783787406,-387.3083,6.94247216212591,1,8
mc6n,2162,-384.27401220120174,-390.3791,6.105087798798252,1,7
mc6n,2163,-386.7237472350953,-401.4686,14.744852764904692,1,4
mc6n,2164,-385.89368390975903,-402.6869,16.793216090240946,1,5
mc6n,2165,-386.5944908428362,-396.6063,10.011809157163782,1,2
mc6n,2166,-387.76307385030634,-407.0846,19.321526149693682,1,6
mc6n,2167,-378.3547360991598,-376.1433,-2.211436099159812,1,4
mc6n,2168,-383.4262518388036,-388.2278,4.801548161196422,1,0
mc6n,2169,-380.39943852846153,-381.4159,1.0164614715384914,1,4
mc6n,2170,-378.79732454964994,-370.4954,-8.301924549649925,1,7
mc6n,2171,-380.80759299539005,-365.1128,-15.69479299539006,1,3
mc6n,2172,-382.6063955910489,-393.6998,11.093404408951073,1,0
mc6n,2173,-380.6208171539078,-378.2358,-2.3850171539078246,1,6
mc6n,2174,-381.28320164966703,-386.6144,5.331198350332954,1,5
mc6n,2175,-379.0141618851692,-366.3306,-12.683561885169183,1,4
mc6n,2176,-385.89140228341535,-395.755,9.86359771658465,1,2
mc6n,2177,-382.00621867165364,-400.1131,18.106881328346333,1,8
mc6n,2178,-380.1956025726803,-391.3537,11.158097427319717,1,6
mc6n,2179,-387.1500618414193,-393.0097,5.859638158580708,1,2
mc6n,2180,-382.87522150250135,-397.422,14.546778497498678,1,0
mc6n,2181,-382.15192774867774,-392.2887,10.13677225132227,1,8
mc6n,2182,-384.9872563825003,-381.5137,-3.4735563825003055,1,2
mc6n,2183,-380.09911851752577,-367.0169,-13.082218517525746,1,9
mc6n,2184,-385.5140736177538,-391.5659,6.05182638224619,1,1
mc6n,2185,-381.4677812061192,-390.573,9.105218793880795,1,5
mc6n,2186,-379.95807246736535,-381.2567,1.2986275326346686,1,1
mc6n,2187,-380.1005661831955,-370.6329,-9.46766618319549,1,4
mc6n,2188,-379.59098915756124,-383.7091,4.118110842438739,1,7
mc6n,2189,-381.829213160846,-365.8645,-15.964713160845974,1,7
mc6n,2190,-379.5580235471377,-404.1988,24.640776452862326,1,7
mc6n,2191,-384.7792393274325,-383.07,-1.709239327432499,1,6
mc6n,2192,-379.18949319930994,-371.774,-7.415493199309935,1,0
mc6n,2193,-383.34918733570765,-381.7552,-1.5939873357076522,1,5
mc6n,2194,-380.4995276285366,-377.7308,-2.768727628536624,1,2
mc6n,2195,-380.6807098458218,-386.0329,5.3521901541781745,1,4
mc6n,2196,-385.518983883511,-387.393,1.8740161164889741,1,9
mc6n,2197,-378.44956666525843,-355.9694,-22.480166665258423,1,8
mc6n,2198,-380.5402913055884,-361.5918,-18.948491305588448,1,3
mc6n,2199,-381.8177611033214,-364.8936,-16.92416110332141,1,9
mc6n,2200,-381.5218757055993,-403.3817,21.85982429440071,1,8
mc6n,2201,-384.61267432816874,-388.811,4.198325671831242,1,5
mc6n,2202,-379.59261629090514,-378.4596,-1.1330162909051182,1,9
mc6n,2203,-381.1647302717228,-366.155,-15.009730271722844,1,8
mc6n,2204,-383.4399510095588,-386.4463,3.006348990441211,1,1
mc6n,2205,-381.3010492891058,-397.4877,16.18665071089424,1,5
mc6n,2206,-380.92861018130503,-394.6014,13.67278981869498,1,6
mc6n,2207,-380.03746879764475,-399.8228,19.785331202355223,1,7
mc6n,2208,-386.1189179565362,-409.2255,23.10658204346379,1,6
mc6n,2209,-388.3317905559706,-410.7901,22.458309444029396,1,2
mc6n,2210,-380.0681791370086,-367.3054,-12.762779137008579,1,6
mc6n,2211,-380.50080900396006,-390.7087,10.207890996039964,1,4
mc6n,2212,-387.1454753708221,-384.4543,-2.6911753708221227,1,6
mc6n,2213,-383.6027917371215,-394.9602,11.357408262878494,1,2
mc6n,2214,-386.4492574183556,-393.2062,6.7569425816444095,1,4
mc6n,2215,-382.33474337448314,-420.3793,38.04455662551686,1,6
mc6n,2216,-383.7754611537423,-404.6184,20.84293884625771,1,8
mc6n,2217,-379.15124207226523,-386.4352,7.283957927734775,1,9
mc6n,2218,-381.2307681689978,-399.6805,18.44973183100217,1,3
mc6n,2219,-382.2686320584584,-385.7746,3.5059679415415985,1,9
mc6n,2220,-381.59719008340784,-377.8629,-3.7342900834078137,1,9
mc6n,2221,-379.79374454113565,-378.0377,-1.7560445411356795,1,7
mc6n,2222,-387.6987521928516,-400.6902,12.991447807148404,1,1
mc6n,2223,-380.64232254912037,-398.3615,17.719177450879613,1,6
mc6n,2224,-378.4350931472195,-362.1665,-16.26859314721952,1,6
mc6n,2225,-379.31131610810485,-370.2828,-9.028516108104839,1,3
mc6n,2226,-379.1596720414868,-384.4905,5.330827958513225,1,4
mc6n,2227,-383.33212220123903,-394.932,11.599877798760986,1,9
mc6n,2228,-381.6452096586171,-367.0604,-14.584809658617075,1,6
mc6n,2229,-383.18452494661807,-392.0462,8.86167505338193,1,9
mc6n,2230,-383.29768005984835,-392.116,8.818319940151639,1,2
mc6n,2231,-385.142474745946,-379.6785,-5.463974745946018,1,8
mc6n,2232,-383.167692618323,-381.3656,-1.8020926183230017,1,6
mc6n,2233,-386.2849822029793,-393.1823,6.897317797020719,1,0
mc6n,2234,-382.7202867735723,-407.3107,24.5904132264277,1,0
mc6n,2235,-384.41344806075176,-391.4686,7.055151939248219,1,8
mc6n,2236,-384.449792184956,-388.7788,4.329007815044008,1,7
mc6n,2237,-383.399437081414,-399.6358,16.236362918585996,1,6
mc6n,2238,-389.04612158450965,-390.6486,1.6024784154903386,1,5
mc6n,2239,-387.06716337776976,-375.3889,-11.678263377769781,1,6
mc6n,2240,-379.90005540283823,-377.3632,-2.5368554028382277,1,7
mc6n,2241,-385.4464537676624,-370.9571,-14.489353767662351,1,6
mc6n,2242,-380.4295539883586,-387.7478,7.318246011641406,1,3
mc6n,2243,-378.15248711607916,-373.6281,-4.52438711607914,1,0
mc6n,2244,-384.60808785757155,-384.0424,-0.5656878575715609,1,7
mc6n,2245,-383.2141245933283,-370.0161,-13.198024593328284,1,9
mc6n,2246,-378.32882746618714,-370.8067,-7.5221274661871576,1,6
mc6n,2247,-379.4739378347107,-376.0572,-3.416737834710659,1,1
mc6n,2248,-384.8297764728184,-379.154,-5.675776472818427,1,5
mc6n,2249,-383.76230477910394,-385.2368,1.474495220896074,1,1
mc6n,2250,-385.29945453016774,-393.2655,7.966045469832238,1,2
mc6n,2251,-385.1640604624452,-386.9175,1.7534395375548115,1,6
mc6n,2252,-385.12822022886394,-396.2375,11.109279771136073,1,8
mc6n,2253,-381.17849156602443,-387.4338,6.255308433975586,1,9
mc6n,2254,-385.77624917835817,-388.2157,2.439450821641856,1,8
mc6n,2255,-378.36202086261466,-370.6755,-7.686520862614657,1,6
mc6n,2256,-381.7734168541229,-405.878,24.104583145877086,1,8
mc6n,2257,-387.3164053297128,-396.2508,8.934394670287247,1,8
mc6n,2258,-382.43138618955817,-388.9169,6.48551381044183,1,3
mc6n,2259,-380.9955611058193,-391.007,10.011438894180685,1,8
mc6n,2260,-378.0184428223602,-362.7077,-15.310742822360226,1,5
mc6n,2261,-378.90853500940983,-361.1496,-17.75893500940981,1,7
mc6n,2262,-378.96206663252275,-383.8263,4.864233367477254,1,3
mc6n,2263,-378.10076334927646,-363.8903,-14.210463349276438,1,3
mc6n,2264,-381.56235010060414,-384.3025,2.740149899395874,1,4
mc6n,2265,-378.7931007798494,-365.9434,-12.8497007798494,1,9
mc6n,2266,-385.48871593872707,-394.7906,9.301884061272915,1,7
mc6n,2267,-385.18112496941046,-386.5966,1.4154750305895618,1,8
mc6n,2268,-379.981039960825,-380.8233,0.8422600391750166,1,4
mc6n,2269,-380.0132876998383,-371.0291,-8.984187699838287,1,2
mc6n,2270,-380.3184784432487,-391.959,11.64052155675131,1,0
mc6n,2271,-382.51066454792107,-411.0516,28.54093545207894,1,5
mc6n,2272,-386.42150202357885,-393.5467,7.125197976421134,1,1
mc6n,2273,-389.70413861062855,-387.6298,-2.0743386106285584,1,5
mc6n,2274,-378.63368939455324,-375.2853,-3.3483893945532373,1,7
mc6n,2275,-382.6994785418736,-392.3884,9.688921458126401,1,9
mc6n,2276,-387.18461630705355,-406.57,19.385383692946448,1,3
mc6n,2277,-378.5915483329219,-370.8213,-7.770248332921881,1,7
mc6n,2278,-382.30796375771,-392.9585,10.650536242290002,1,5
mc6n,2279,-379.53774430648184,-389.6825,10.144755693518164,1,4
mc6n,2280,-385.32051564829027,-392.9433,7.622784351709754,1,7
mc6n,2281,-382.2880396876678,-399.4057,17.117660312332248,1,5
mc6n,2282,-388.8395986309313,-403.4514,14.6118013690687,1,6
mc6n,2283,-379.86996253320495,-374.4049,-5.465062533204957,1,7
mc6n,2284,-381.95797570282133,-368.8905,-13.067475702821355,1,5
mc6n,2285,-382.3724215849641,-376.8734,-5.499021584964112,1,7
mc6n,2286,-383.92664964806715,-391.5385,7.611850351932844,1,0
mc6n,2287,-380.5079619904244,-393.917,13.409038009575568,1,2
mc6n,2288,-383.8244088162715,-401.3343,17.509891183728485,1,7
mc6n,2289,-383.6623355334555,-402.9346,19.27226446654447,1,9
mc6n,2290,-381.15695103019544,-380.0617,-1.0952510301954703,1,8
mc6n,2291,-385.4423015341014,-396.9182,11.475898465898638,1,2
mc6n,2292,-379.54552982304284,-383.439,3.8934701769571802,1,0
mc6n,2293,-382.3332787660799,-391.9677,9.63442123392008,1,0
mc6n,2294,-380.85084035700885,-371.8291,-9.021740357008866,1,5
mc6n,2295,-379.8157626120183,-364.4193,-15.396462612018297,1,5
mc6n,2296,-377.8058305117909,-369.1462,-8.659630511790851,1,6
mc6n,2297,-381.24846395105305,-363.1065,-18.14196395105307,1,1
mc6n,2298,-380.62654632011555,-386.0141,5.387553679884434,1,0
mc6n,2299,-384.2670455850913,-391.1259,6.858854414908706,1,0
mc6n,2300,-385.4862604920968,-390.79,5.303739507903231,1,7
mc6n,2301,-382.58636484429337,-385.068,2.4816351557066127,1,2
mc6n,2302,-386.08159805432837,-393.8349,7.753301945671637,1,9
mc6n,2303,-379.7153961526028,-383.0636,3.348203847397201,1,7
mc6n,2304,-380.80858822614067,-382.6323,1.8237117738593156,1,0
mc6n,2305,-380.93801404616283,-375.8826,-5.055414046162809,1,6
mc6n,2306,-383.40285826599415,-412.9742,29.57134173400584,1,2
mc6n,2307,-384.4048336034011,-390.1964,5.79156639659891,1,0
mc6n,2308,-380.11559128254106,-362.5504,-17.565191282541036,1,9
mc6n,2309,-382.60767696647235,-391.9416,9.33392303352764,1,6
mc6n,2310,-381.3434099790547,-390.0674,8.723990020945337,1,4
mc6n,2311,-378.0283800707844,-382.1976,4.169219929215615,1,1
mc6n,2312,-383.03611004641067,-387.9129,4.876789953589309,1,1
mc6n,2313,-379.8225773706025,-392.0044,12.181822629397459,1,6
mc6n,2314,-388.30103691830396,-395.1911,6.8900630816960415,1,0
mc6n,2315,-378.2451314374868,-367.7963,-10.448831437486831,1,6
mc6n,2316,-380.0132864446889,-379.2699,-0.7433864446888947,1,3
mc6n,2317,-386.58055572824793,-392.0291,5.448544271752098,1,3
mc6n,2318,-382.67669490889705,-409.5049,26.828205091102973,1,6
mc6n,2319,-384.9519131367196,-401.8349,16.882986863280394,1,7
mc6n,2320,-379.060382389258,-367.326,-11.734382389257974,1,3
mc6n,2321,-383.1084468892257,-387.1914,4.08295311077427,1,8
mc6n,2322,-382.83749685634336,-406.812,23.974503143656648,1,7
mc6n,2323,-386.9629659697972,-389.5947,2.6317340302027787,1,0
mc6n,2324,-381.13397977157297,-381.3823,0.24832022842701917,1,3
mc6n,2325,-381.4467778188768,-388.5998,7.1530221811232195,1,5
mc6n,2326,-380.1227894498183,-374.2331,-5.88968944981832,1,7
mc6n,2327,-380.30354056772677,-391.5455,11.241959432273234,1,3
mc6n,2328,-390.68681174053273,-395.8682,5.181388259467269,1,0
mc6n,2329,-380.1881684617127,-383.4204,3.2322315382872944,1,5
mc6n,2330,-382.7759425179724,-371.8152,-10.960742517972392,1,2
mc6n,2331,-379.4925861768597,-383.596,4.103413823140329,1,8
mc6n,2332,-379.0101608814884,-364.8292,-14.180960881488375,1,0
mc6n,2333,-381.7268292567139,-388.3606,6.63377074328605,1,2
mc6n,2334,-379.9638374016929,-392.2315,12.267662598307083,1,0
mc6n,2335,-383.36401100433324,-381.5633,-1.800711004333209,1,1
mc6n,2336,-383.06631712279756,-383.0199,-0.04641712279754984,1,9
mc6n,2337,-385.14785752673,-386.8335,1.6856424732700361,1,4
mc6n,2338,-387.3012697884911,-405.3151,18.01383021150889,1,9
mc6n,2339,-389.5106251943319,-406.9302,17.419574805668105,1,2
mc6n,2340,-380.77718637079323,-385.1494,4.372213629206783,1,2
mc6n,2341,-390.06176032469466,-397.6916,7.629839675305334,1,9
mc6n,2342,-380.16677350823363,-381.7011,1.5343264917663646,1,6
mc6n,2343,-384.18982420458497,-387.5442,3.3543757954150237,1,0
mc6n,2344,-381.2392420640256,-390.9511,9.711857935974422,1,4
mc6n,2345,-382.6014627348852,-409.0912,26.489737265114798,1,8
mc6n,2346,-381.72324554719313,-371.9875,-9.735745547193119,1,0
mc6n,2347,-384.09706504877767,-388.1164,4.0193349512223335,1,7
mc6n,2348,-383.7493906233323,-409.5632,25.813809376667677,1,3
mc6n,2349,-387.1951998907911,-394.1834,6.98820010920889,1,2
mc6n,2350,-380.5581125896005,-361.4742,-19.083912589600516,1,4
mc6n,2351,-385.7380532721802,-384.7579,-0.9801532721801891,1,1
mc6n,2352,-385.8952853153224,-380.7181,-5.17718531532239,1,8
mc6n,2353,-384.8313728582122,-399.6494,14.818027141787809,1,4
mc6n,2354,-381.1342000276792,-394.7222,13.587999972320802,1,8
mc6n,2355,-389.07852557343006,-400.3896,11.311074426569917,1,8
mc6n,2356,-386.9994506563244,-373.4473,-13.552150656324443,1,7
mc6n,2357,-379.4059653240191,-370.8952,-8.510765324019133,1,1
mc6n,2358,-385.85039889751033,-408.2093,22.358901102489654,1,6
mc6n,2359,-383.9575212575076,-387.5061,3.5485787424923956,1,3
mc6n,2360,-382.1175477306908,-398.5262,16.408652269309243,1,7
mc6n,2361,-382.7568800191802,-372.2999,-10.456980019180207,1,0
mc6n,2362,-378.26305437804257,-370.0932,-8.169854378042544,1,0
mc6n,2363,-383.0201668999416,-388.6608,5.6406331000583805,1,6
mc6n,2364,-382.98695279561775,-403.7507,20.76374720438224,1,9
mc6n,2365,-382.11133287174295,-399.3087,17.197367128257042,1,0
mc6n,2366,-378.8770120446291,-385.724,6.846987955370878,1,7
mc6n,2367,-380.5600290051341,-398.4147,17.8546709948659,1,1
mc6n,2368,-380.1322152774365,-369.9519,-10.180315277436478,1,3
mc6n,2369,-381.5812356415929,-408.4849,26.90366435840707,1,3
mc6n,2370,-378.37232081183555,-380.2681,1.895779188164454,1,9
mc6n,2371,-383.6968824690494,-392.2169,8.52001753095061,1,6
mc6n,2372,-380.4566247698315,-397.7352,17.278575230168542,1,1
mc6n,2373,-384.26795798468453,-386.4567,2.1887420153154835,1,1
mc6n,2374,-379.57743745152334,-387.9322,8.354762548476685,1,4
mc6n,2375,-380.6771324113346,-365.6613,-15.0158324113346,1,4
mc6n,2376,-381.58551525976355,-393.381,11.795484740236418,1,3
mc6n,2377,-388.98888137727965,-393.2078,4.218918622720366,1,8
mc6n,2378,-380.82281827044886,-391.7711,10.948281729551127,1,6
mc6n,2379,-383.11078561894624,-379.9345,-3.176285618946224,1,8
mc6n,2380,-388.94654641525403,-407.6258,18.679253584745993,1,8
mc6n,2381,-381.0988228962889,-366.0748,-15.024022896288898,1,0
mc6n,2382,-380.9285656281382,-380.1415,-0.7870656281381798,1,1
mc6n,2383,-380.0757086294862,-373.8956,-6.180108629486199,1,7
mc6n,2384,-387.3474218939998,-383.8374,-3.510021893999806,1,6
mc6n,2385,-383.35685990037905,-381.4525,-1.9043599003790632,1,2
mc6n,2386,-379.63495188057686,-383.8546,4.219648119423141,1,8
mc6n,2387,-384.08404484379605,-397.123,13.03895515620394,1,3
mc6n,2388,-387.91283162183765,-398.4503,10.537468378162373,1,2
mc6n,2389,-379.8266292026265,-398.9434,19.116770797373476,1,4
mc6n,2390,-385.4110465159679,-394.2251,8.814053484032115,1,0
mc6n,2391,-382.9439137672559,-374.4778,-8.466113767255877,1,6
mc6n,2392,-382.86649974107667,-407.6162,24.749700258923326,1,0
mc6n,2393,-386.2504013819184,-405.7844,19.533998618081625,1,7
mc6n,2394,-381.8300665744096,-371.5563,-10.273766574409592,1,2
mc6n,2395,-381.9719748234661,-367.7959,-14.176074823466081,1,4
mc6n,2396,-380.074210135616,-395.1758,15.101589864383982,1,1
mc6n,2397,-381.71385046738243,-393.0383,11.324449532617564,1,7
mc6n,2398,-384.2578914692832,-387.1915,2.9336085307168105,1,2
mc6n,2399,-381.4856514358217,-380.2433,-1.2423514358217176,1,6
mc6n,2400,-380.43663669373274,-377.6743,-2.7623366937327205,1,9
mc6n,2401,-379.00210051545776,-395.7294,16.727299484542243,1,8
mc6n,2402,-385.9775041855523,-380.4356,-5.541904185552255,1,9
mc6n,2403,-379.27010250643275,-370.5566,-8.713502506432746,1,2
mc6n,2404,-378.61404205634807,-371.7107,-6.9033420563480945,1,5
mc6n,2405,-383.8770776131277,-394.4481,10.5710223868723,1,6
mc6n,2406,-381.16495680272004,-398.3065,17.141543197279987,1,1
mc6n,2407,-378.1507307156155,-358.5349,-19.615830715615516,1,2
mc6n,2408,-386.93460126283355,-397.7537,10.819098737166428,1,5
mc6n,2409,-378.3396005579381,-374.9937,-3.345900557938137,1,3
mc6n,2410,-384.14833449843655,-407.2025,23.054165501563432,1,1
mc6n,2411,-384.23758650070414,-377.6223,-6.615286500704144,1,2
mc6n,2412,-380.1194956498478,-386.3177,6.198204350152196,1,0
mc6n,2413,-383.6181651045436,-391.901,8.282834895456404,1,1
mc6n,2414,-379.8208441880487,-367.7715,-12.049344188048678,1,4
mc6n,2415,-381.62165105071085,-387.7465,6.124848949289174,1,5
mc6n,2416,-379.5791700067165,-374.7559,-4.823270006716484,1,9
mc6n,2417,-381.9726964598965,-380.9644,-1.008296459896485,1,3
mc6n,2418,-388.5989585859863,-400.3508,11.751841414013711,1,6
mc6n,2419,-384.74621912378825,-390.4077,5.661480876211726,1,9
mc6n,2420,-382.61054217707965,-395.2829,12.672357822920333,1,4
mc6n,2421,-386.5949144120298,-393.6401,7.045185587970195,1,7
mc6n,2422,-382.44061121410243,-383.0,0.5593887858975677,1,1
mc6n,2423,-386.3913288328016,-405.96,19.568671167198374,1,5
mc6n,2424,-382.6216685569341,-397.4681,14.84643144306591,1,1
mc6n,2425,-380.82666616173947,-367.302,-13.524666161739447,1,4
mc6n,2426,-381.8902328607865,-377.9561,-3.9341328607865194,1,7
mc6n,2427,-385.18099883995023,-381.5508,-3.6301988399502534,1,4
mc6n,2428,-383.26052205522046,-366.9608,-16.299722055220457,1,2
mc6n,2429,-386.7790227084619,-390.0428,3.2637772915380765,1,8
mc6n,2430,-382.1832944635514,-397.6715,15.488205536448561,1,5
mc6n,2431,-383.01571848151127,-394.1843,11.168581518488736,1,2
mc6n,2432,-381.60566272342885,-395.5737,13.968037276571124,1,0
mc6n,2433,-381.24368106976283,-393.5804,12.336718930237168,1,7
mc6n,2434,-384.9641621319343,-397.7531,12.788937868065716,1,5
mc6n,2435,-379.82361715466266,-390.6284,10.804782845337343,1,9
mc6n,2436,-385.18516738888405,-380.7939,-4.391267388884046,1,7
mc6n,2437,-387.6865490058105,-379.256,-8.43054900581052,1,5
mc6n,2438,-388.92677043757516,-392.181,3.2542295624248254,1,0
mc6n,2439,-388.24598923108397,-396.2752,8.029210768916016,1,7
mc6n,2440,-384.64412638435596,-382.5865,-2.057626384355956,1,2
mc6n,2441,-383.7910955654174,-386.0431,2.2520044345826022,1,9
mc6n,2442,-382.29001006906134,-396.5607,14.270689930938659,1,6
mc6n,2443,-381.3072553630065,-406.1217,24.81444463699347,1,6
mc6n,2444,-380.8622459787138,-363.8744,-16.987845978713835,1,4
mc6n,2445,-383.23442140422094,-405.4689,22.23447859577908,1,5
mc6n,2446,-381.3723187372846,-384.4538,3.0814812627153856,1,6
mc6n,2447,-383.23871608275766,-375.7292,-7.509516082757671,1,9
mc6n,2448,-381.69930353059385,-371.0776,-10.621703530593834,1,9
mc6n,2449,-381.0710988771083,-380.2625,-0.8085988771082953,1,7
mc6n,2450,-379.5909496244213,-392.2297,12.638750375578695,1,8
mc6n,2451,-384.21062616110737,-384.56,0.34937383889263174,1,0
mc6n,2452,-382.55541981624594,-383.7993,1.2438801837540723,1,2
mc6n,2453,-383.52048438791854,-399.2959,15.775415612081474,1,1
mc6n,2454,-383.2482793350394,-381.5693,-1.6789793350394007,1,6
mc6n,2455,-379.05635754016396,-371.7975,-7.258857540163945,1,9
mc6n,2456,-381.5600132533937,-380.1652,-1.3948132533936928,1,8
mc6n,2457,-384.8817719514313,-385.8643,0.9825280485687244,1,7
mc6n,2458,-383.12062623085365,-374.2432,-8.877426230853644,1,9
mc6n,2459,-382.6570532183648,-400.334,17.676946781635195,1,7
mc6n,2460,-385.8982923432593,-404.1567,18.2584076567407,1,5
mc6n,2461,-382.07276736208865,-377.1436,-4.929167362088663,1,1
mc6n,2462,-379.97411350550055,-378.2113,-1.76281350550056,1,6
mc6n,2463,-378.69255108745415,-379.7474,1.0548489125458786,1,0
mc6n,2464,-385.9691187693549,-398.8106,12.841481230645115,1,2
mc6n,2465,-383.18089542878096,-380.4718,-2.7090954287809836,1,4
mc6n,2466,-383.1380816765523,-378.5456,-4.592481676552325,1,7
mc6n,2467,-381.6614276545557,-396.9805,15.319072345444283,1,4
mc6n,2468,-385.7962692574138,-407.0973,21.301030742586192,1,1
mc6n,2469,-381.77915794317994,-370.8426,-10.936557943179935,1,7
mc6n,2470,-382.28177588288685,-398.0285,15.74672411711316,1,1
mc6n,2471,-382.05599213731307,-391.4099,9.353907862686924,1,4
mc6n,2472,-383.7988672767617,-395.4511,11.652232723238285,1,2
mc6n,2473,-385.4952483178013,-401.2957,15.800451682198684,1,2
mc6n,2474,-385.48948526598383,-379.0375,-6.451985265983808,1,4
mc6n,2475,-385.6552012443503,-400.2144,14.559198755649732,1,8
mc6n,2476,-382.42237263593034,-391.7486,9.326227364069666,1,6
mc6n,2477,-380.0170954304856,-372.3244,-7.692695430485571,1,9
mc6n,2478,-381.3433384429578,-382.5138,1.170461557042188,1,5
mc6n,2479,-387.3207784468834,-390.6161,3.295321553116594,1,5
mc6n,2480,-380.3945728158712,-380.4784,0.08382718412883605,1,8
mc6n,2481,-380.0377392544481,-368.4621,-11.575639254448106,1,7
mc6n,2482,-387.7400335657431,-390.3748,2.6347664342569033,1,9
mc6n,2483,-381.0480460421924,-386.7714,5.723353957807603,1,7
mc6n,2484,-385.81003682674907,-372.0639,-13.74613682674908,1,2
mc6n,2485,-382.53259288496656,-398.8533,16.32070711503343,1,7
mc6n,2486,-385.61216158848504,-403.576,17.963838411514985,1,4
mc6n,2487,-380.79182178655486,-401.8074,21.01557821344511,1,7
mc6n,2488,-386.14082935084826,-386.2245,0.0836706491517134,1,3
mc6n,2489,-383.64112130294274,-384.1585,0.5173786970572678,1,7
mc6n,2490,-380.54470960357196,-367.0551,-13.489609603571978,1,0
mc6n,2491,-382.84137424072014,-403.8333,20.991925759279866,1,3
mc6n,2492,-379.307611916654,-382.3454,3.0377880833459585,1,5
mc6n,2493,-380.22621941304413,-406.6528,26.42658058695588,1,6
mc6n,2494,-379.6304890294264,-392.3477,12.717210970573547,1,2
mc6n,2495,-379.1244630829954,-381.6445,2.5200369170045747,1,5
mc6n,2496,-393.8297846820285,-406.4868,12.657015317971513,1,7
mc6n,2497,-384.53059915763595,-390.9067,6.376100842364053,1,9
mc6n,2498,-386.6166438283688,-384.32,-2.296643828368815,1,1
mc6n,2499,-387.871384586346,-395.6087,7.7373154136540165,1,2
mc6n,2500,-379.00302483775755,-372.0817,-6.921324837757538,1,9
mc6n,2501,-391.46330390975874,-385.3346,-6.128703909758713,1,7
mc6n,2502,-378.7291079375816,-377.1942,-1.534907937581579,1,8
mc6n,2503,-386.0316997142154,-388.9565,2.924800285784613,1,0
mc6n,2504,-382.8877127165827,-369.3311,-13.55661271658272,1,0
mc6n,2505,-380.32308875925906,-379.0781,-1.2449887592590585,1,9
mc6n,2506,-383.6289130958747,-381.0448,-2.5841130958746703,1,5
mc6n,2507,-386.4672726030473,-397.5299,11.062627396952678,1,6
mc6n,2508,-383.7405577925281,-383.8638,0.12324220747194659,1,0
mc6n,2509,-382.9284349781272,-390.1709,7.2424650218728175,1,7
mc6n,2510,-385.12713275397743,-378.6573,-6.469832753977414,1,4
mc6n,2511,-379.1937194791239,-365.8498,-13.343919479123883,1,3
mc6n,2512,-384.4067738643478,-382.8316,-1.5751738643478461,1,2
mc6n,2513,-383.95644256795356,-381.9642,-1.9922425679535536,1,1
mc6n,2514,-382.4489953751504,-365.6621,-16.78689537515038,1,0
mc6n,2515,-382.7821956550535,-378.1144,-4.66779565505351,1,1
mc6n,2516,-381.0405755356017,-382.9898,1.9492244643982986,1,2
mc6n,2517,-380.16242674648964,-383.1285,2.9660732535103307,1,0
mc6n,2518,-387.251799410238,-407.8392,20.587400589762012,1,1
mc6n,2519,-377.81987167544634,-363.5615,-14.258371675446313,1,3
mc6n,2520,-387.18675611621023,-391.8456,4.658843883789757,1,3
mc6n,2521,-381.94281819883923,-405.0595,23.11668180116078,1,9
mc6n,2522,-379.7962514436125,-390.8444,11.048148556387503,1,7
mc6n,2523,-385.75426687545263,-397.4009,11.64663312454735,1,7
mc6n,2524,-382.12141068234746,-382.3042,0.18278931765252082,1,2
mc6n,2525,-379.12402382593234,-374.321,-4.803023825932314,1,6
mc6n,2526,-384.3511011772142,-392.2652,7.914098822785775,1,4
mc6n,2527,-379.6429940487245,-387.4914,7.848405951275481,1,3
mc6n,2528,-390.99625386431967,-393.0287,2.0324461356803454,1,2
mc6n,2529,-383.3332266188591,-392.6994,9.366173381140925,1,7
mc6n,2530,-383.7148788283548,-402.0824,18.367521171645194,1,4
mc6n,2531,-382.41067396701555,-378.8618,-3.5488739670155383,1,8
mc6n,2532,-386.06669469191945,-406.0882,20.02150530808052,1,6
mc6n,2533,-382.6533458892545,-407.1336,24.480254110745477,1,7
mc6n,2534,-378.15569118206986,-380.9655,2.8098088179301612,1,4
mc6n,2535,-383.72461966608597,-366.3996,-17.32501966608595,1,0
mc6n,2536,-382.17811625100427,-395.614,13.435883748995707,1,5
mc6n,2537,-381.06760992145144,-402.1163,21.04869007854859,1,1
mc6n,2538,-379.49758994161687,-366.1327,-13.364889941616866,1,0
mc6n,2539,-380.44326884698324,-382.8292,2.38593115301677,1,4
mc6n,2540,-380.1810048075485,-378.9815,-1.1995048075485215,1,1
mc6n,2541,-380.43973220064277,-381.0967,0.6569677993572327,1,4
mc6n,2542,-379.6990256716346,-398.0157,18.316674328365366,1,6
mc6n,2543,-382.52923947146314,-375.6272,-6.902039471463127,1,0
mc6n,2544,-382.46137740250504,-406.0494,23.588022597494955,1,5
mc6n,2545,-385.8869607676647,-395.5974,9.710439232335318,1,0
mc6n,2546,-379.42553045828487,-371.8671,-7.5584304582848745,1,0
mc6n,2547,-381.60276048955245,-388.8508,7.248039510447541,1,3
mc6n,2548,-379.48877028852604,-358.3016,-21.187170288526033,1,1
mc6n,2549,-381.5867225890767,-407.6771,26.09037741092328,1,1
mc6n,2550,-385.88827728356193,-391.6965,5.808222716438081,1,9
mc6n,2551,-386.9024532979965,-396.8651,9.962646702003497,1,7
mc6n,2552,-378.5868765210111,-365.519,-13.067876521011101,1,4
mc6n,2553,-381.6785957005748,-394.5575,12.878904299425187,1,5
mc6n,2554,-381.34124193210397,-389.7122,8.370958067896026,1,4
mc6n,2555,-383.5304956824531,-377.3986,-6.1318956824530915,1,9
mc6n,2556,-378.8296005266,-382.8183,3.988699473400004,1,9
mc6n,2557,-380.6112250360433,-369.1035,-11.507725036043325,1,1
mc6n,2558,-382.42523596402754,-390.4872,8.061964035972437,1,3
mc6n,2559,-383.54857612806535,-391.3074,7.758823871934624,1,7
mc6n,2560,-380.7187482469433,-371.6726,-9.04614824694329,1,7
mc6n,2561,-380.567739220578,-379.5158,-1.0519392205779923,1,8
mc6n,2562,-383.5249528865992,-390.5591,7.03414711340082,1,4
mc6n,2563,-383.98830125060095,-398.1478,14.159498749399063,1,3
mc6n,2564,-387.4390126261306,-402.564,15.12498737386943,1,4
mc6n,2565,-381.6346304675457,-377.6539,-3.9807304675456976,1,8
mc6n,2566,-385.9589223594732,-414.6425,28.683577640526778,1,5
mc6n,2567,-380.3369586127841,-391.3773,11.040341387215904,1,6
mc6n,2568,-381.50054099315656,-395.5367,14.036159006843434,1,6
mc6n,2569,-379.10379980614323,-383.9579,4.854100193856766,1,9
mc6n,2570,-379.95564839618856,-369.9003,-10.055348396188549,1,1
mc6n,2571,-386.96119074408995,-376.8219,-10.13929074408992,1,5
mc6n,2572,-381.6039521311388,-378.5533,-3.050652131138804,1,1
mc6n,2573,-379.6584665628196,-385.953,6.294533437180348,1,4
mc6n,2574,-381.71267137614865,-403.4952,21.782528623851363,1,8
mc6n,2575,-382.3843474125222,-363.659,-18.725347412522183,1,0
mc6n,2576,-379.2881158084717,-366.564,-12.724115808471652,1,6
mc6n,2577,-380.6356219972898,-365.7507,-14.88492199728978,1,6
mc6n,2578,-381.93072921855173,-375.0739,-6.856829218551752,1,4
mc6n,2579,-390.45293876348825,-400.1853,9.732361236511736,1,8
mc6n,2580,-384.76694452404416,-378.0466,-6.720344524044151,1,1
mc6n,2581,-379.3488939170489,-390.443,11.0941060829511,1,4
mc6n,2582,-385.83031355739143,-398.7087,12.878386442608587,1,3
mc6n,2583,-381.83884418434707,-394.6985,12.859655815652957,1,2
mc6n,2584,-382.6922590393393,-408.8506,26.158340960660666,1,3
mc6n,2585,-383.3499309350412,-373.8557,-9.494230935041173,1,9
mc6n,2586,-383.06830758458415,-382.4481,-0.6202075845841364,1,9
mc6n,2587,-380.84948556297843,-381.6017,0.7522144370215642,1,1
mc6n,2588,-379.99440153134617,-377.4421,-2.5523015313461883,1,8
mc6n,2589,-379.8684477241046,-378.603,-1.2654477241046038,1,5
mc6n,2590,-384.4773919571864,-384.9475,0.4701080428135924,1,9
mc6n,2591,-384.2283482984465,-386.9299,2.7015517015534556,1,8
mc6n,2592,-384.67415022776316,-379.4192,-5.2549502277631746,1,7
mc6n,2593,-384.47986058153003,-403.2402,18.760339418469982,1,5
mc6n,2594,-381.0794334648198,-396.4504,15.37096653518023,1,9
mc6n,2595,-385.7430181313008,-406.5725,20.82948186869919,1,9
mc6n,2596,-384.30627500029584,-384.8946,0.5883249997041844,1,7
mc6n,2597,-382.545778125045,-403.0615,20.515721874955034,1,2
mc6n,2598,-382.6111445867295,-395.0107,12.399555413270491,1,9
mc6n,2599,-387.19267981060096,-388.5251,1.3324201893990448,1,9
mc6n,2600,-387.8049902633079,-397.5155,9.710509736692075,1,4
mc6n,2601,-383.0638591661538,-392.2398,9.175940833846198,1,5
mc6n,2602,-381.7661095002616,-402.1209,20.354790499738385,1,4
mc6n,2603,-381.8987262085612,-383.5954,1.6966737914387977,1,6
mc6n,2604,-381.3138391979273,-376.8825,-4.4313391979272865,1,6
mc6n,2605,-383.4791609718736,-385.7744,2.295239028126389,1,5
mc6n,2606,-381.81731619872807,-387.4664,5.649083801271956,1,5
mc6n,2607,-384.66044038930806,-402.9827,18.322259610691958,1,6
mc6n,2608,-382.5691792278948,-391.8902,9.321020772105214,1,1
mc6n,2609,-380.48134615374136,-372.2378,-8.243546153741363,1,7
mc6n,2610,-380.3362633316376,-373.3104,-7.025863331637595,1,2
mc6n,2611,-382.1610749619488,-383.5241,1.3630250380511484,1,6
mc6n,2612,-383.4361269636814,-374.1632,-9.272926963681357,1,5
mc6n,2613,-383.91458576834225,-400.3214,16.406814231657734,1,9
mc6n,2614,-380.31564523559837,-382.3676,2.0519547644016143,1,2
mc6n,2615,-388.9785324823684,-396.146,7.167467517631621,1,5
mc6n,2616,-381.7896649706511,-372.3089,-9.48076497065108,1,8
mc6n,2617,-383.6262330006146,-394.8945,11.26826699938539,1,8
mc6n,2618,-387.6080795078443,-394.3077,6.699620492155702,1,1
mc6n,2619,-380.79653501411565,-390.4825,9.685964985884368,1,5
mc6n,2620,-384.1054642701917,-370.0364,-14.069064270191689,1,6
mc6n,2621,-383.6212336285236,-375.9348,-7.686433628523616,1,2
mc6n,2622,-380.93327760069224,-392.021,11.08772239930778,1,0
mc6n,2623,-383.2360836781813,-403.5485,20.312416321818716,1,4
mc6n,2624,-382.50511171201333,-391.6481,9.142988287986668,1,8
mc6n,2625,-383.9438020065021,-374.3716,-9.572202006502096,1,9
mc6n,2626,-388.6181177212953,-410.9608,22.34268227870473,1,9
mc6n,2627,-389.087575522681,-395.5019,6.414324477318985,1,2
mc6n,2628,-384.2602440042204,-377.0438,-7.2164440042204205,1,1
mc6n,2629,-385.1444645802292,-392.7792,7.634735419770777,1,0
mc6n,2630,-382.5191478556419,-388.3699,5.850752144358069,1,5
mc6n,2631,-383.46200171104437,-398.4893,15.027298288955649,1,0
mc6n,2632,-385.3975186553431,-393.8238,8.4262813446569,1,5
mc6n,2633,-378.1381146269379,-371.1828,-6.955314626937934,1,0
mc6n,2634,-380.4846794868518,-380.8345,0.3498205131481882,1,1
mc6n,2635,-379.06850613369903,-387.1883,8.119793866300995,1,1
mc6n,2636,-378.8744059954793,-378.8231,-0.051305995479310695,1,3
mc6n,2637,-384.07398146605425,-381.2647,-2.8092814660542444,1,0
mc6n,2638,-378.4990326511306,-366.2435,-12.255532651130636,1,3
mc6n,2639,-387.4247587364092,-378.0736,-9.351158736409218,1,5
mc6n,2640,-380.797995857356,-383.6727,2.8747041426440205,1,5
mc6n,2641,-387.4941236919037,-406.9674,19.473276308096274,1,5
mc6n,2642,-380.7497340632801,-383.3328,2.5830659367199473,1,7
mc6n,2643,-382.27258160643544,-370.7979,-11.47468160643541,1,4
mc6n,2644,-380.7780667672868,-380.246,-0.5320667672868353,1,2
mc6n,2645,-387.0930406352889,-382.3661,-4.726940635288884,1,6
mc6n,2646,-379.87546454091216,-386.985,7.1095354590878515,1,6
mc6n,2647,-385.42461579224266,-377.5174,-7.907215792242653,1,5
mc6n,2648,-382.7777478642692,-394.4342,11.656452135730774,1,4
mc6n,2649,-379.197854142448,-371.668,-7.529854142448016,1,7
mc6n,2650,-383.3436646201041,-385.6583,2.31463537989589,1,0
mc6n,2651,-385.7356517914099,-410.3028,24.567148208590083,1,9
mc6n,2652,-381.5883472124072,-368.1621,-13.42624721240719,1,1
mc6n,2653,-378.75271925634115,-386.2776,7.524880743658855,1,1
mc6n,2654,-379.46486215753646,-379.7994,0.3345378424635328,1,5
mc6n,2655,-380.6075823404929,-373.1286,-7.478982340492905,1,8
mc6n,2656,-384.2995612708946,-378.2295,-6.070061270894655,1,2
mc6n,2657,-379.0469078669899,-389.1309,10.0839921330101,1,1
mc6n,2658,-381.1586553473092,-395.8718,14.7131446526908,1,0
mc6n,2659,-388.6773490178152,-388.7146,0.037250982184843906,1,0
mc6n,2660,-385.1695197994957,-387.6825,2.5129802005043302,1,7
mc6n,2661,-380.50807933483753,-392.5623,12.054220665162461,1,4
mc6n,2662,-378.2076860331793,-359.6486,-18.559086033179312,1,3
mc6n,2663,-387.09864994707004,-388.3779,1.2792500529299673,1,5
mc6n,2664,-379.5176577113562,-373.279,-6.238657711356211,1,0
mc6n,2665,-386.4334736593105,-410.2678,23.83432634068953,1,1
mc6n,2666,-385.125456047297,-397.2092,12.083743952703003,1,9
mc6n,2667,-381.7820175062569,-392.8973,11.115282493743052,1,7
mc6n,2668,-384.721967744749,-375.985,-8.736967744748995,1,1
mc6n,2669,-379.3656107834409,-383.6802,4.3145892165591135,1,7
mc6n,2670,-380.17481630388465,-364.9117,-15.263116303884658,1,6
mc6n,2671,-385.2723755911511,-383.9352,-1.3371755911510945,1,8
mc6n,2672,-381.28557238234447,-381.2869,0.001327617655533686,1,0
mc6n,2673,-383.5089457340737,-396.3732,12.86425426592632,1,3
mc6n,2674,-381.81928783512836,-364.6121,-17.207187835128366,1,3
mc6n,2675,-382.8703281796203,-391.2942,8.423871820379702,1,6
mc6n,2676,-379.8029658005171,-390.9811,11.17813419948294,1,9
mc6n,2677,-382.914541279189,-382.97,0.05545872081103198,1,5
mc6n,2678,-387.32692176987706,-389.7626,2.43567823012296,1,6
mc6n,2679,-380.17684253364837,-387.4824,7.305557466351615,1,0
mc6n,2680,-388.96983958638384,-397.1369,8.167060413616184,1,1
mc6n,2681,-378.69799473677784,-378.0077,-0.6902947367778438,1,8
mc6n,2682,-384.4658024749984,-377.0729,-7.39290247499838,1,4
mc6n,2683,-379.88377214583636,-414.9465,35.062727854163654,1,3
mc6n,2684,-390.1821820037822,-406.4339,16.251717996217792,1,6
mc6n,2685,-383.07496609311863,-373.4559,-9.619066093118647,1,1
mc6n,2686,-381.26887685135216,-381.0955,-0.17337685135214542,1,3
mc6n,2687,-384.85585202339803,-394.537,9.681147976601949,1,1
mc6n,2688,-377.643181802255,-370.1352,-7.507981802255017,1,2
mc6n,2689,-381.5584645586837,-365.8762,-15.682264558683698,1,9
mc6n,2690,-382.7381250003179,-404.3391,21.60097499968208,1,7
mc6n,2691,-381.5088555006177,-396.7893,15.280444499382327,1,6
mc6n,2692,-379.80880666360775,-383.2371,3.428293336392244,1,6
mc6n,2693,-381.04064581669184,-415.9943,34.953654183308174,1,9
mc6n,2694,-382.17034830468015,-387.8793,5.708951695319854,1,4
mc6n,2695,-383.4663309024088,-412.1695,28.70316909759123,1,5
mc6n,2696,-383.4244408449765,-379.6601,-3.764340844976516,1,6
mc6n,2697,-382.0589351591935,-390.9864,8.927464840806522,1,8
mc6n,2698,-381.15222023225516,-396.6899,15.537679767744862,1,3
mc6n,2699,-378.2054627652192,-372.1041,-6.101362765219164,1,8
mc6n,2700,-384.35760782836513,-381.5577,-2.7999078283651215,1,5
mc6n,2701,-385.4026460395471,-372.2678,-13.134846039547085,1,8
mc6n,2702,-381.59727103219785,-411.7096,30.11232896780217,1,3
mc6n,2703,-381.0480366294993,-384.7829,3.7348633705007046,1,9
mc6n,2704,-386.4946583943478,-397.8333,11.338641605652185,1,2
mc6n,2705,-390.881561979086,-405.0579,14.176338020914045,1,1
mc6n,2706,-383.06746421107437,-391.9673,8.899835788925657,1,7
mc6n,2707,-380.9556972780081,-396.6276,15.671902721991898,1,3
mc6n,2708,-378.5950134431655,-372.0859,-6.509113443165518,1,7
mc6n,2709,-383.1080860709392,-404.4522,21.344113929060825,1,8
mc6n,2710,-380.4008002251717,-394.1376,13.736799774828341,1,5
mc6n,2711,-384.57376745311757,-378.0889,-6.484867453117545,1,4
mc6n,2712,-381.627253459955,-400.8706,19.243346540045025,1,9
mc6n,2713,-380.24280701245914,-395.538,15.295192987540872,1,4
mc6n,2714,-381.5694371985018,-383.279,1.7095628014981799,1,7
mc6n,2715,-382.2016190105404,-397.1143,14.912680989459602,1,9
mc6n,2716,-381.90750193598853,-397.9965,16.08899806401149,1,5
mc6n,2717,-382.1899830925327,-392.6863,10.496316907467303,1,0
mc6n,2718,-379.554011875757,-376.5342,-3.019811875757,1,9
mc6n,2719,-383.719889495649,-397.8098,14.089910504350996,1,4
mc6n,2720,-383.6171717563031,-399.312,15.694828243696918,1,5
mc6n,2721,-384.6582359467342,-381.6784,-2.9798359467341697,1,2
mc6n,2722,-379.36991550203146,-396.2396,16.869684497968535,1,3
mc6n,2723,-382.5318103799965,-410.9283,28.39648962000348,1,4
mc6n,2724,-387.4296508044262,-388.8014,1.3717491955737842,1,4
mc6n,2725,-380.2547008369176,-376.9586,-3.296100836917617,1,6
mc6n,2726,-382.9390875878055,-375.1449,-7.794187587805482,1,4
mc6n,2727,-384.3689475615035,-398.8341,14.465152438496489,1,0
mc6n,2728,-380.5913888173281,-386.7369,6.145511182671896,1,1
mc6n,2729,-380.5823394957232,-382.555,1.9726605042768028,1,5
mc6n,2730,-385.34410939681294,-389.3054,3.9612906031870807,1,7
mc6n,2731,-381.1983685727437,-403.9512,22.752831427256297,1,3
mc6n,2732,-378.9699575707903,-377.7559,-1.2140575707903167,1,9
mc6n,2733,-382.71160768266174,-371.6879,-11.023707682661723,1,7
mc6n,2734,-383.35283818880185,-396.8552,13.50236181119817,1,9
mc6n,2735,-382.84522275951406,-411.4037,28.558477240485956,1,7
mc6n,2736,-387.8195579079928,-393.8526,6.033042092007179,1,8
mc6n,2737,-386.02076409738106,-376.9253,-9.095464097381068,1,6
mc6n,2738,-386.0290026762218,-394.6139,8.584897323778193,1,9
mc6n,2739,-380.1909269956067,-377.6657,-2.5252269956066584,1,8
mc6n,2740,-382.2584990269872,-413.7954,31.53690097301279,1,7
mc6n,2741,-379.9899493478956,-396.6935,16.703550652104354,1,5
mc6n,2742,-378.6177619356683,-359.1688,-19.448961935668308,1,2
mc6n,2743,-382.8123970839101,-378.5721,-4.24029708391015,1,8
mc6n,2744,-382.6562318077581,-381.8907,-0.7655318077581228,1,9
mc6n,2745,-388.88613853751383,-405.8034,16.91726146248618,1,3
mc6n,2746,-383.4657573583417,-409.3158,25.85004264165832,1,1
mc6n,2747,-382.28374751928715,-376.714,-5.569747519287148,1,0
mc6n,2748,-380.90478362660883,-384.97,4.065216373391195,1,2
mc6n,2749,-382.1575276479084,-385.9744,3.8168723520915933,1,9
mc6n,2750,-397.6864147061739,-411.2057,13.519285293826101,1,9
mc6n,2751,-380.78917369425164,-369.7528,-11.036373694251665,1,3
mc6n,2752,-382.0204606385257,-377.1977,-4.822760638525722,1,1
mc6n,2753,-384.3686130987863,-387.1082,2.739586901213727,1,0
mc6n,2754,-382.8531162077951,-398.2789,15.425783792204925,1,5
mc6n,2755,-384.01653669058754,-400.4303,16.413763309412445,1,2
mc6n,2756,-379.43426853508237,-380.969,1.534731464917627,1,8
mc6n,2757,-382.5164552103146,-392.7895,10.2730447896854,1,9
mc6n,2758,-389.21296143324304,-397.1391,7.926138566756947,1,6
mc6n,2759,-389.94765641639077,-407.8067,17.859043583609207,1,0
mc6n,2760,-378.9243620666152,-376.5249,-2.399462066615172,1,2
mc6n,2761,-386.56837952427946,-389.6502,3.0818204757205194,1,0
mc6n,2762,-381.8023061596059,-396.4487,14.646393840394069,1,5
mc6n,2763,-381.82251072650536,-408.7188,26.89628927349463,1,2
mc6n,2764,-382.97441200819986,-380.6411,-2.3333120081998686,1,6
mc6n,2765,-382.2129003852952,-373.713,-8.499900385295177,1,1
mc6n,2766,-379.30916939641116,-391.9874,12.678230603588815,1,8
mc6n,2767,-381.63165042253877,-386.9086,5.27694957746121,1,6
mc6n,2768,-385.2140968548677,-408.2416,23.0275031451323,1,8
mc6n,2769,-388.43800101599356,-394.5969,6.158898984006441,1,6
mc6n,2770,-385.74903281467806,-386.7706,1.021567185321942,1,3
mc6n,2771,-378.67121512000466,-360.5686,-18.102615120004657,1,0
mc6n,2772,-383.3561552066821,-401.0916,17.735444793317924,1,6
mc6n,2773,-387.2471508160944,-405.906,18.658849183905602,1,9
mc6n,2774,-383.4382278670588,-398.9335,15.495272132941182,1,1
mc6n,2775,-386.10637277673754,-393.2541,7.14772722326245,1,9
mc6n,2776,-382.1727868085769,-394.6874,12.51461319142311,1,5
mc6n,2777,-381.3896129129066,-369.7958,-11.593812912906628,1,4
mc6n,2778,-383.37358178694063,-380.9788,-2.394781786940655,1,9
mc6n,2779,-378.99951517434704,-364.5116,-14.487915174347052,1,1
mc6n,2780,-389.6947560811705,-387.5796,-2.1151560811704826,1,4
mc6n,2781,-379.1009427530797,-376.5887,-2.512242753079704,1,5
mc6n,2782,-384.9013477533969,-386.1748,1.2734522466030853,1,5
mc6n,2783,-379.66044447439623,-385.8546,6.194155525603776,1,1
mc6n,2784,-384.17297493355636,-386.9347,2.7617250664436597,1,3
mc6n,2785,-382.75396962776006,-402.598,19.844030372239956,1,9
mc6n,2786,-389.1124186435275,-390.6798,1.567381356472481,1,1
mc6n,2787,-380.5408529270916,-370.3725,-10.168352927091576,1,1
mc6n,2788,-381.6740117401337,-391.0393,9.365288259866304,1,1
mc6n,2789,-383.0207925273586,-383.3373,0.3165074726414332,1,3
mc6n,2790,-384.07405802217806,-382.015,-2.0590580221780783,1,3
mc6n,2791,-381.18729615874923,-382.993,1.8057038412507609,1,4
mc6n,2792,-379.9038650159956,-388.1454,8.241534984004375,1,5
mc6n,2793,-385.44627304483873,-381.9139,-3.532373044838721,1,8
mc6n,2794,-383.86511790010263,-382.488,-1.3771179001026326,1,9
mc6n,2795,-384.35701671391854,-384.8401,0.48308328608146667,1,9
mc6n,2796,-382.58198670709584,-386.5504,3.968413292904188,1,2
mc6n,2797,-387.1550674886866,-376.6529,-10.50216748868661,1,1
mc6n,2798,-379.1145295995914,-383.7201,4.605570400408624,1,2
mc6n,2799,-387.78201649467195,-392.9712,5.18918350532806,1,1
mc6n,2800,-384.41913957647233,-380.0636,-4.355539576472324,1,3
mc6n,2801,-380.8663806421806,-409.9903,29.123919357819375,1,2
mc6n,2802,-387.11171345035444,-400.6198,13.508086549645554,1,6
mc6n,2803,-390.2988787835225,-390.7401,0.4412212164774587,1,7
mc6n,2804,-380.7655322550453,-385.3461,4.580567744954692,1,6
mc6n,2805,-380.83119113643625,-389.7281,8.896908863563738,1,5
mc6n,2806,-379.8342697644837,-367.5921,-12.242169764483663,1,3
mc6n,2807,-380.3825980426227,-375.3354,-5.0471980426227105,1,3
mc6n,2808,-385.8051391112018,-390.1081,4.302960888798168,1,2
mc6n,2809,-380.3502178991155,-389.0312,8.680982100884535,1,7
mc6n,2810,-383.0650401400403,-384.5885,1.5234598599597007,1,2
mc6n,2811,-388.5766455853837,-408.0349,19.458254414616306,1,9
mc6n,2812,-383.63748111740574,-383.1459,-0.49158111740575805,1,0
mc6n,2813,-386.5122958180195,-397.6131,11.100804181980493,1,7
mc6n,2814,-386.3695523531396,-397.0501,10.680547646860362,1,0
mc6n,2815,-387.4696978650745,-387.9986,0.5289021349254881,1,7
mc6n,2816,-380.453929614348,-393.5993,13.14537038565203,1,4
mc6n,2817,-384.1048355051152,-387.1528,3.047964494884809,1,6
mc6n,2818,-381.3792018944489,-393.1837,11.80449810555109,1,0
mc6n,2819,-384.93806775611114,-382.5368,-2.4012677561111104,1,1
mc6n,2820,-383.13315321291213,-393.1449,10.011746787087873,1,3
mc6n,2821,-382.85373618768176,-399.6029,16.749163812318216,1,4
mc6n,2822,-386.4870749360102,-399.9602,13.473125063989812,1,6
mc6n,2823,-383.76540530604086,-390.3579,6.592494693959111,1,2
mc6n,2824,-380.91508106581625,-360.6967,-20.21838106581623,1,4
mc6n,2825,-379.52693419174705,-379.2714,-0.2555341917470173,1,6
mc6n,2826,-379.0762157216396,-391.4015,12.325284278360414,1,6
mc6n,2827,-383.5625865439133,-381.5486,-2.0139865439132905,1,1
mc6n,2828,-383.68200106940094,-369.0672,-14.614801069400926,1,1
mc6n,2829,-381.3698337977109,-394.5526,13.182766202289088,1,3
mc6n,2830,-381.4456426533066,-383.7848,2.339157346693412,1,1
mc6n,2831,-382.1414100535067,-393.1971,11.05568994649326,1,6
mc6n,2832,-383.1770155343908,-379.5748,-3.6022155343908366,1,1
mc6n,2833,-380.96690837167273,-394.7744,13.807491628327284,1,0
mc6n,2834,-382.7569270823605,-383.2082,0.4512729176394714,1,4
mc6n,2835,-385.742059923534,-396.7045,10.96244007646601,1,7
mc6n,2836,-383.27770139644275,-383.369,0.09129860355727715,1,2
mc6n,2837,-381.39181484546697,-373.3035,-8.088314845466982,1,4
mc6n,2838,-380.39161347876063,-370.5613,-9.830313478760615,1,4
mc6n,2839,-387.454471335009,-395.4641,8.009628664990998,1,4
mc6n,2840,-384.125826969651,-411.2579,27.132073030349034,1,1
mc6n,2841,-380.1697391205205,-396.3129,16.143160879479524,1,1
mc6n,2842,-382.3626926699396,-396.4324,14.069707330060396,1,9
mc6n,2843,-383.26614077969475,-386.7879,3.5217592203052277,1,9
mc6n,2844,-380.1708347529508,-389.4917,9.320865247049198,1,3
mc6n,2845,-381.37783015768497,-382.3644,0.9865698423150207,1,8
mc6n,2846,-380.09617549564535,-395.0889,14.992724504354669,1,6
mc6n,2847,-379.75024994048056,-384.342,4.591750059519427,1,5
mc6n,2848,-379.6285142555093,-375.486,-4.1425142555092975,1,4
mc6n,2849,-379.0214033506066,-393.2941,14.272696649393424,1,3
mc6n,2850,-382.14782069564427,-380.2882,-1.859620695644253,1,5
mc6n,2851,-383.9190850151158,-406.4537,22.53461498488423,1,1
mc6n,2852,-381.6696561932,-385.8967,4.227043806799998,1,6
mc6n,2853,-386.946662632545,-396.0592,9.11253736745499,1,2
mc6n,2854,-382.1292583223122,-377.6137,-4.515558322312188,1,1
mc6n,2855,-382.7605603653605,-376.1507,-6.609860365360532,1,8
mc6n,2856,-378.3165734509455,-374.0579,-4.25867345094548,1,0
mc6n,2857,-380.4814314950549,-386.5324,6.050968504945104,1,6
mc6n,2858,-381.42601602299777,-370.4853,-10.940716022997776,1,7
mc6n,2859,-378.52895232783794,-362.7575,-15.771452327837949,1,9
mc6n,2860,-382.1093806880896,-385.4605,3.351119311910452,1,2
mc6n,2861,-388.04083111173253,-388.2739,0.23306888826749628,1,0
mc6n,2862,-383.8565410933818,-396.0261,12.169558906618192,1,9
mc6n,2863,-384.70327045690954,-414.7301,30.026829543090457,1,0
mc6n,2864,-384.66755070511556,-384.9997,0.3321492948844593,1,5
mc6n,2865,-382.9831576151804,-404.5148,21.531642384819577,1,3
mc6n,2866,-379.82437267670275,-396.1932,16.36882732329724,1,4
mc6n,2867,-384.696549824686,-393.822,9.125450175314029,1,2
mc6n,2868,-382.99503010438184,-404.4987,21.503669895618145,1,6
mc6n,2869,-383.5767576021919,-386.8044,3.227642397808097,1,5
mc6n,2870,-383.9510666897066,-401.9436,17.992533310293425,1,4
mc6n,2871,-382.79697916317843,-381.2706,-1.526379163178433,1,4
mc6n,2872,-383.7461834196821,-390.8699,7.1237165803178755,1,0
mc6n,2873,-382.0052604638868,-374.7821,-7.223160463886813,1,6
mc6n,2874,-380.4545226113047,-387.7771,7.322577388695322,1,8
mc6n,2875,-378.7450215912499,-383.1556,4.410578408750098,1,1
mc6n,2876,-382.31271651841075,-378.9964,-3.3163165184107584,1,3
mc6n,2877,-385.9886393504538,-406.4058,20.41716064954619,1,9
mc6n,2878,-381.12968258316545,-401.3255,20.19581741683453,1,8
mc6n,2879,-386.69249660962805,-406.6872,19.994703390371967,1,0
mc6n,2880,-377.9581158935527,-371.5525,-6.405615893552692,1,5
mc6n,2881,-390.2796198740372,-394.998,4.718380125962767,1,2
mc6n,2882,-391.34463988614164,-393.9245,2.5798601138583876,1,0
mc6n,2883,-379.56066285425106,-381.3547,1.7940371457489164,1,0
mc6n,2884,-384.3957058430196,-376.4522,-7.9435058430195795,1,6
mc6n,2885,-381.2697773282388,-363.3915,-17.878277328238767,1,8
mc6n,2886,-381.1949586833668,-375.2544,-5.940558683366817,1,9
mc6n,2887,-381.09056298219105,-387.8138,6.7232370178089695,1,9
mc6n,2888,-384.1888540741116,-387.1945,3.005645925888416,1,7
mc6n,2889,-378.13039876410636,-381.9979,3.8675012358936556,1,9
mc6n,2890,-382.91332704733884,-389.3496,6.43627295266117,1,2
mc6n,2891,-380.46254720921553,-375.8944,-4.56814720921551,1,2
mc6n,2892,-380.5801294054764,-395.9903,15.410170594523606,1,1
mc6n,2893,-380.02089563094984,-383.018,2.9971043690501347,1,4
mc6n,2894,-382.74518448778224,-386.9828,4.237615512217758,1,6
mc6n,2895,-380.3010775910561,-395.6589,15.357822408943889,1,6
mc6n,2896,-384.1909938832683,-402.7052,18.514206116731714,1,9
mc6n,2897,-381.34291675627424,-373.0521,-8.29081675627424,1,9
mc6n,2898,-382.55038216587906,-383.9435,1.3931178341209147,1,2
mc6n,2899,-382.1556909261581,-407.8803,25.72460907384186,1,5
mc6n,2900,-387.474707905008,-377.1147,-10.36000790500799,1,8
mc6n,2901,-384.74711960067486,-406.6345,21.88738039932514,1,3
mc6n,2902,-382.53091555064015,-400.0966,17.56568444935988,1,7
mc6n,2903,-384.17083951706593,-387.5933,3.4224604829340706,1,9
mc6n,2904,-387.33176677457107,-394.9047,7.572933225428926,1,3
mc6n,2905,-385.61151650817845,-399.2488,13.637283491821563,1,0
mc6n,2906,-383.06179340325014,-379.8543,-3.207493403250112,1,6
mc6n,2907,-388.89646986218827,-392.7583,3.8618301378117508,1,3
mc6n,2908,-378.3186454888828,-364.2756,-14.043045488882797,1,4
mc6n,2909,-388.18667573091,-390.1607,1.9740242690900232,1,8
mc6n,2910,-379.2442898824735,-371.7974,-7.446889882473499,1,1
mc6n,2911,-384.1055533766681,-383.2957,-0.8098533766681157,1,6
mc6n,2912,-379.0384314619487,-374.9016,-4.136831461948702,1,4
mc6n,2913,-381.494910973479,-381.7595,0.26458902652098004,1,3
mc6n,2914,-383.8297508089088,-400.9306,17.100849191091243,1,4
mc6n,2915,-386.71356651294036,-399.4303,12.716733487059628,1,5
mc6n,2916,-378.31174538898506,-377.9171,-0.3946453889850545,1,3
mc6n,2917,-379.65836616128263,-370.624,-9.034366161282605,1,9
mc6n,2918,-383.0790574584253,-369.3391,-13.739957458425351,1,5
mc6n,2919,-381.33509798160696,-363.8888,-17.44629798160696,1,5
mc6n,2920,-378.2018068919554,-385.5082,7.306393108044574,1,1
mc6n,2921,-381.10873504429316,-388.2653,7.15656495570687,1,3
mc6n,2922,-381.1324812777027,-397.2731,16.14061872229729,1,5
mc6n,2923,-381.65614339279864,-403.8862,22.230056607201334,1,4
mc6n,2924,-390.1761259047549,-398.6865,8.51037409524514,1,1
mc6n,2925,-380.7720282384964,-368.5386,-12.233428238496401,1,7
mc6n,2926,-388.2376759786295,-383.7894,-4.4482759786295105,1,1
mc6n,2927,-382.6112864039165,-396.5899,13.978613596083505,1,5
mc6n,2928,-378.8795503225595,-372.3095,-6.570050322559496,1,8
mc6n,2929,-385.4825920686231,-393.0416,7.559007931376925,1,8
mc6n,2930,-381.97207020497615,-388.1771,6.205029795023847,1,1
mc6n,2931,-383.29832827767177,-380.5408,-2.7575282776717813,1,3
mc6n,2932,-387.6638776970775,-403.6204,15.956522302922508,1,2
mc6n,2933,-380.36261373168685,-383.2653,2.9026862683131753,1,5
mc6n,2934,-390.038557515048,-385.2742,-4.764357515048005,1,3
mc6n,2935,-388.6462540147516,-379.7633,-8.88295401475159,1,4
mc6n,2936,-379.890057286017,-377.42,-2.4700572860169814,1,1
mc6n,2937,-382.9780942368903,-381.4724,-1.5056942368902924,1,2
mc6n,2938,-390.4676394403131,-401.8768,11.409160559686882,1,1
mc6n,2939,-384.5936984256968,-386.2252,1.6315015743031722,1,0
mc6n,2940,-382.3167758806178,-399.6507,17.333924119382175,1,6
mc6n,2941,-387.85352439684,-388.8772,1.0236756031600294,1,1
mc6n,2942,-382.4225295134835,-402.7338,20.31127048651649,1,6
mc6n,2943,-382.36944906999753,-384.1912,1.8217509300024517,1,3
mc6n,2944,-383.30318018504545,-374.3625,-8.940680185045437,1,8
mc6n,2945,-387.19684898703815,-400.3679,13.171051012961868,1,5
mc6n,2946,-380.3356408417375,-384.254,3.9183591582625468,1,3
mc6n,2947,-378.2542102521778,-359.0105,-19.243710252177834,1,2
mc6n,2948,-378.23947631724667,-365.2626,-12.97687631724665,1,4
mc6n,2949,-382.16102852612914,-385.2297,3.068671473870836,1,6
mc6n,2950,-384.4356688173611,-399.5351,15.09943118263891,1,3
mc6n,2951,-384.1237637167608,-372.6091,-11.514663716760765,1,5
mc6n,2952,-384.6087549006386,-390.173,5.564245099361415,1,5
mc6n,2953,-379.7725252904533,-369.0863,-10.686225290453308,1,4
mc6n,2954,-379.7095283065822,-364.6609,-15.048628306582145,1,0
mc6n,2955,-386.1207264403498,-379.5178,-6.6029264403497905,1,9
mc6n,2956,-382.0777830495524,-386.0927,4.014916950447571,1,9
mc6n,2957,-380.5567032022067,-378.3271,-2.229603202206704,1,4
mc6n,2958,-381.2134520306155,-370.0074,-11.206052030615467,1,8
mc6n,2959,-386.26449776658325,-384.7702,-1.4942977665832586,1,4
mc6n,2960,-379.72541936984396,-386.3844,6.658980630156066,1,4
mc6n,2961,-387.37790381985633,-383.3001,-4.077803819856342,1,1
mc6n,2962,-384.49888166467224,-410.7139,26.215018335327784,1,8
mc6n,2963,-380.9211992882473,-397.9533,17.03210071175272,1,0
mc6n,2964,-379.35872825378,-366.3055,-13.053228253779992,1,2
mc6n,2965,-379.18966262693027,-361.2634,-17.92626262693028,1,1
mc6n,2966,-384.72873857766973,-395.8475,11.118761422330294,1,4
mc6n,2967,-381.1723231426109,-373.9131,-7.259223142610892,1,2
mc6n,2968,-381.1313235217261,-376.2232,-4.908123521726054,1,3
mc6n,2969,-378.88593900179393,-371.8923,-6.993639001793952,1,0
mc6n,2970,-378.05895361298815,-379.6796,1.6206463870118455,1,6
mc6n,2971,-383.582291612856,-379.6966,-3.8856916128560215,1,5
mc6n,2972,-384.97074408434503,-390.0169,5.046155915654992,1,2
mc6n,2973,-385.8712366220098,-411.6519,25.78066337799021,1,7
mc6n,2974,-386.6006567560936,-376.3004,-10.300256756093574,1,7
mc6n,2975,-381.74880151942295,-392.7723,11.023498480577018,1,3
mc6n,2976,-383.3542802067986,-377.9794,-5.3748802067985935,1,2
mc6n,2977,-382.6508684797211,-391.962,9.311131520278877,1,1
mc6n,2978,-383.36623176227994,-381.9733,-1.392931762279943,1,3
mc6n,2979,-381.4842533436311,-395.0246,13.54034665636891,1,7
mc6n,2980,-383.84579686707093,-404.5119,20.666103132929095,1,1
mc6n,2981,-381.31375824913727,-372.0556,-9.258158249137239,1,7
mc6n,2982,-380.1618902254064,-413.996,33.83410977459357,1,8
mc6n,2983,-379.0166643951225,-383.7641,4.747435604877467,1,6
mc6n,2984,-384.43669667871467,-385.9977,1.561003321285341,1,4
mc6n,2985,-385.3517273681209,-412.4647,27.112972631879074,1,4
mc6n,2986,-380.08611023525077,-385.998,5.911889764749219,1,1
mc6n,2987,-381.8457398917213,-400.5255,18.679760108278742,1,3
mc6n,2988,-378.62951770795996,-381.8742,3.244682292040011,1,1
mc6n,2989,-386.4474194415986,-401.71,15.262580558401396,1,5
mc6n,2990,-381.0751067834688,-377.1329,-3.942206783468805,1,7
mc6n,2991,-388.2924450513597,-414.7093,26.416854948640264,1,1
mc6n,2992,-386.0986569137633,-400.2914,14.192743086236703,1,8
mc6n,2993,-380.1230787318653,-360.9425,-19.180578731865296,1,7
mc6n,2994,-382.56866780737414,-403.3273,20.75863219262584,1,0
mc6n,2995,-386.89663941783584,-394.7989,7.9022605821641605,1,6
mc6n,2996,-381.43386240809843,-392.3938,10.959937591901564,1,1
mc6n,2997,-382.3876776081158,-395.6641,13.276422391884239,1,7
mc6n,2998,-380.8367182444207,-374.2488,-6.587918244420678,1,5
mc6n,2999,-385.1292763281543,-387.3879,2.2586236718457258,1,7
mc6n,3000,-381.7631501630084,-390.2695,8.506349836991603,1,1
mc6n,3001,-381.5379424716578,-390.4153,8.877357528342202,1,0
mc6n,3002,-384.16264235387524,-385.2067,1.0440576461247701,1,5
mc6n,3003,-380.0214616449765,-383.9061,3.884638355023469,1,6
mc6n,3004,-382.48119730584745,-387.4807,4.999502694152568,1,2
mc6n,3005,-390.55184124214657,-384.944,-5.607841242146549,1,3
mc6n,3006,-387.8790621713296,-394.1261,6.247037828670386,1,1
mc6n,3007,-378.0940320494957,-363.9053,-14.188732049495684,1,8
mc6n,3008,-379.4607306317291,-387.2934,7.832669368270899,1,1
mc6n,3009,-380.71232693710584,-404.5726,23.86027306289418,1,6
mc6n,3010,-384.6525896116838,-407.9294,23.276810388316164,1,3
mc6n,3011,-386.7036631501258,-378.9845,-7.71916315012578,1,8
mc6n,3012,-383.2315863140605,-401.2795,18.047913685939477,1,4
mc6n,3013,-383.0199127583683,-395.6071,12.587187241631682,1,9
mc6n,3014,-378.7375906177991,-371.8807,-6.856890617799138,1,1
mc6n,3015,-381.38213487627553,-367.9577,-13.42443487627554,1,6
mc6n,3016,-380.78652120956764,-374.5216,-6.26492120956766,1,5
mc6n,3017,-379.56297209102814,-393.9234,14.360427908971872,1,9
mc6n,3018,-386.96057201920996,-404.7251,17.764527980790035,1,8
mc6n,3019,-380.7032518875777,-376.9174,-3.785851887577735,1,8
mc6n,3020,-378.17318239588826,-376.6252,-1.5479823958882548,1,2
mc6n,3021,-387.2693590224938,-406.8651,19.595740977506182,1,2
mc6n,3022,-380.2435305313996,-390.8841,10.640569468600404,1,8
mc6n,3023,-382.07953442998917,-388.1478,6.068265570010851,1,5
mc6n,3024,-381.3215581984183,-395.7251,14.403541801581696,1,0
mc6n,3025,-384.0006832779556,-391.5347,7.5340167220443846,1,5
mc6n,3026,-380.7649951064587,-366.8521,-13.912895106458677,1,3
mc6n,3027,-382.7531344119367,-396.3746,13.621465588063302,1,0
mc6n,3028,-390.0503007371297,-394.0211,3.970799262870287,1,3
mc6n,3029,-379.2455398824434,-377.0101,-2.235439882443359,1,5
mc6n,3030,-384.7460289882715,-370.1345,-14.611528988271516,1,0
mc6n,3031,-383.8975601670136,-412.5657,28.668139832986412,1,1
mc6n,3032,-386.9362183561237,-378.7705,-8.165718356123648,1,9
mc6n,3033,-382.1926782480162,-392.627,10.434321751983816,1,1
mc6n,3034,-381.9792859423476,-387.0597,5.080414057652433,1,7
mc6n,3035,-384.62521825296074,-375.0637,-9.561518252960752,1,5
mc6n,3036,-389.75221905437746,-391.5006,1.7483809456225572,1,7
mc6n,3037,-380.54192345910195,-398.5467,18.004776540898035,1,2
mc6n,3038,-383.83820525118955,-395.8845,12.046294748810453,1,6
mc6n,3039,-380.4320564983119,-413.2014,32.76934350168807,1,5
mc6n,3040,-380.68516140176894,-395.7384,15.053238598231076,1,5
mc6n,3041,-381.4664351971358,-370.5692,-10.897235197135785,1,9
mc6n,3042,-380.8488486402155,-384.18,3.331151359784485,1,6
mc6n,3043,-386.6852752245837,-389.0308,2.3455247754163224,1,3
mc6n,3044,-380.43013067008513,-369.8869,-10.543230670085109,1,6
mc6n,3045,-379.59789490513197,-367.1271,-12.470794905131982,1,4
mc6n,3046,-384.7882528810603,-392.8482,8.059947118939704,1,5
mc6n,3047,-379.2660651069861,-385.9398,6.6737348930138864,1,6
mc6n,3048,-381.2556112899871,-400.2479,18.99228871001293,1,3
mc6n,3049,-380.35131604155924,-390.6247,10.273383958440775,1,3
mc6n,3050,-378.9736755674578,-388.7212,9.747524432542207,1,8
mc6n,3051,-388.849323780793,-384.2959,-4.5534237807929685,1,1
mc6n,3052,-383.70728219230386,-403.8632,20.15591780769614,1,3
mc6n,3053,-382.25735884124737,-389.6043,7.3469411587526565,1,3
mc6n,3054,-382.0660329247911,-384.4709,2.4048670752088697,1,0
mc6n,3055,-381.291794771618,-383.7163,2.4245052283819746,1,9
mc6n,3056,-382.22021338682947,-384.5168,2.2965866131705184,1,0
mc6n,3057,-381.3840632145157,-380.8203,-0.5637632145157454,1,7
mc6n,3058,-382.6444082642471,-391.3304,8.685991735752907,1,2
mc6n,3059,-379.96116295410576,-376.6535,-3.3076629541057514,1,7
mc6n,3060,-386.91416639963137,-389.6791,2.764933600368636,1,1
mc6n,3061,-388.1449086652785,-389.1568,1.011891334721497,1,7
mc6n,3062,-386.02499163234444,-386.9027,0.8777083676555435,1,4
mc6n,3063,-380.5040199726305,-401.4303,20.9262800273695,1,7
mc6n,3064,-383.0435931032113,-382.543,-0.5005931032113153,1,4
mc6n,3065,-380.27153191020597,-385.3471,5.0755680897940465,1,4
mc6n,3066,-378.05581229790454,-374.5095,-3.546312297904535,1,8
mc6n,3067,-386.8804465223171,-382.5146,-4.365846522317099,1,3
mc6n,3068,-383.0087587680805,-372.7605,-10.248258768080518,1,8
mc6n,3069,-389.55843957380097,-390.5424,0.9839604261990189,1,2
mc6n,3070,-384.3403305954767,-399.4048,15.064469404523322,1,7
mc6n,3071,-381.1081702852732,-377.8244,-3.2837702852731923,1,5
mc6n,3072,-381.64777429197414,-381.1837,-0.46407429197415695,1,7
mc6n,3073,-382.07116658417135,-399.2601,17.18893341582867,1,8
mc6n,3074,-382.24261549390843,-391.0522,8.809584506091596,1,9
mc6n,3075,-384.44383899747913,-396.5721,12.128261002520844,1,3
mc6n,3076,-378.8356930211078,-378.6037,-0.23199302110776898,1,2
mc6n,3077,-381.8498682800118,-369.6291,-12.220768280011782,1,4
mc6n,3078,-384.92892556286694,-386.5905,1.6615744371330834,1,9
mc6n,3079,-380.2246656983072,-390.3383,10.113634301692798,1,7
mc6n,3080,-379.6745257986951,-365.445,-14.229525798695079,1,3
mc6n,3081,-390.01840754136924,-387.4291,-2.5893075413692372,1,3
mc6n,3082,-384.6494652393337,-404.0102,19.360734760666276,1,6
mc6n,3083,-384.2649904898875,-383.7494,-0.5155904898875292,1,9
mc6n,3084,-383.2906525753409,-391.662,8.371347424659064,1,9
mc6n,3085,-384.80844678040256,-405.7393,20.930853219597452,1,6
mc6n,3086,-383.2557040334565,-391.753,8.497295966543504,1,4
mc6n,3087,-383.2020481633934,-397.5775,14.3754518366066,1,3
mc6n,3088,-382.84159198667027,-386.931,4.089408013329717,1,8
mc6n,3089,-382.2853219419205,-376.9087,-5.376621941920462,1,1
mc6n,3090,-379.8208134399558,-389.7897,9.968886560044155,1,0
mc6n,3091,-383.5686784109177,-411.7113,28.142621589082296,1,2
mc6n,3092,-382.6930133063727,-383.7137,1.02068669362734,1,3
mc6n,3093,-383.7431349760951,-372.1454,-11.597734976095126,1,2
mc6n,3094,-383.0359707392371,-386.2498,3.213829260762907,1,0
mc6n,3095,-380.2793450372003,-384.1664,3.8870549627997093,1,6
mc6n,3096,-381.6462908583273,-400.312,18.66570914167272,1,7
mc6n,3097,-384.7477966839384,-403.873,19.125203316061572,1,1
mc6n,3098,-380.5520370378262,-385.1678,4.61576296217379,1,0
mc6n,3099,-382.35572919148865,-400.0144,17.658670808511374,1,1
mc6n,3100,-382.469021101879,-398.692,16.222978898121028,1,9
mc6n,3101,-384.84812298271055,-380.0719,-4.776222982710522,1,8
mc6n,3102,-380.30278567319004,-377.1434,-3.1593856731900587,1,0
mc6n,3103,-385.6373900005347,-388.9072,3.2698099994652807,1,9
mc6n,3104,-383.20705443816405,-409.9821,26.775045561835952,1,4
mc6n,3105,-389.3117070343482,-389.9412,0.6294929656517638,1,7
mc6n,3106,-382.8100690217468,-384.6202,1.8101309782531985,1,5
mc6n,3107,-383.6680904277292,-390.9201,7.252009572270765,1,4
mc6n,3108,-378.5360438184019,-386.2956,7.7595561815981,1,0
mc6n,3109,-379.82138510165544,-403.0125,23.19111489834455,1,7
mc6n,3110,-381.0739709902525,-361.2291,-19.844870990252502,1,8
mc6n,3111,-380.62460543166543,-399.2847,18.660094568334557,1,6
mc6n,3112,-393.32421619025814,-400.1314,6.807183809741844,1,8
mc6n,3113,-380.57366291496874,-393.09,12.516337085031239,1,2
mc6n,3114,-380.7504996255167,-375.5689,-5.1815996255166965,1,6
mc6n,3115,-380.5807449928395,-381.1498,0.5690550071605003,1,0
mc6n,3116,-378.3897241741842,-359.9386,-18.4511241741842,1,4
mc6n,3117,-379.0089002138186,-393.9161,14.907199786181366,1,3
mc6n,3118,-388.43073947030587,-395.5227,7.09196052969412,1,5
mc6n,3119,-384.5686783470468,-402.9577,18.389021652953204,1,9
mc6n,3120,-380.3516743498323,-385.2321,4.880425650167695,1,2
mc6n,3121,-382.87482052371416,-393.6345,10.75967947628584,1,3
mc6n,3122,-383.97834580443646,-405.426,21.44765419556353,1,9
mc6n,3123,-378.88619314336717,-371.6562,-7.229993143367153,1,4
mc6n,3124,-383.1702679193799,-380.6833,-2.4869679193799357,1,1
mc6n,3125,-381.8957348684937,-382.0946,0.19886513150629526,1,3
mc6n,3126,-388.0400812372227,-385.1687,-2.8713812372226926,1,4
mc6n,3127,-385.3528939092874,-373.7665,-11.58639390928738,1,9
mc6n,3128,-382.26483813302787,-397.55,15.285161866972146,1,7
mc6n,3129,-382.86505019289683,-410.403,27.53794980710319,1,9
mc6n,3130,-381.9419572550926,-382.2353,0.2933427449074202,1,7
mc6n,3131,-380.67545695966095,-389.275,8.599543040339029,1,6
mc6n,3132,-378.3153742793188,-357.0937,-21.22167427931879,1,3
mc6n,3133,-385.4758764565691,-377.9646,-7.511276456569078,1,2
mc6n,3134,-384.751563626439,-377.5148,-7.2367636264390285,1,4
mc6n,3135,-381.7492175585763,-367.4273,-14.321917558576274,1,0
mc6n,3136,-382.8296285084823,-377.4527,-5.376928508482308,1,7
mc6n,3137,-379.5142227217021,-376.9689,-2.545322721702064,1,8
mc6n,3138,-386.23988556940014,-400.4787,14.23881443059986,1,6
mc6n,3139,-382.6810780661215,-397.3926,14.711521933878544,1,7
mc6n,3140,-382.5282900488861,-397.1072,14.578909951113872,1,9
mc6n,3141,-382.5423155248148,-411.5027,28.960384475185208,1,4
mc6n,3142,-383.0123751082043,-395.1561,12.14372489179567,1,7
mc6n,3143,-384.1580828662081,-369.313,-14.845082866208088,1,0
mc6n,3144,-382.7544032371502,-392.2958,9.541396762849786,1,7
mc6n,3145,-379.68355817770913,-387.3864,7.70284182229085,1,7
mc6n,3146,-380.60660405233307,-381.7962,1.1895959476669304,1,6
mc6n,3147,-384.34674123775693,-387.654,3.307258762243066,1,1
mc6n,3148,-388.96855632845023,-404.4009,15.432343671549745,1,3
mc6n,3149,-383.05227093897247,-393.7105,10.658229061027555,1,3
mc6n,3150,-381.32618231950266,-401.3596,20.033417680497337,1,4
mc6n,3151,-383.5109681988172,-387.0702,3.5592318011828183,1,7
mc6n,3152,-382.63362450493895,-402.9791,20.345475495061066,1,4
mc6n,3153,-383.16635539452943,-389.8101,6.643744605470545,1,4
mc6n,3154,-386.17087390200913,-394.2584,8.08752609799086,1,4
mc6n,3155,-377.8216826694161,-358.2436,-19.578082669416062,1,4
mc6n,3156,-380.8242063225856,-384.3726,3.548393677414367,1,4
mc6n,3157,-384.71861244887816,-390.0051,5.286487551121866,1,2
mc6n,3158,-382.7620456815174,-381.3941,-1.3679456815174262,1,3
mc6n,3159,-381.7372107822282,-370.3733,-11.363910782228231,1,3
mc6n,3160,-386.5691576365833,-391.4305,4.861342363416668,1,3
mc6n,3161,-384.3247451296347,-381.7989,-2.5258451296347175,1,5
mc6n,3162,-379.7621312148718,-380.0437,0.28156878512822914,1,0
mc6n,3163,-382.4468467809466,-402.1763,19.729453219053426,1,4
mc6n,3164,-382.8359977349698,-391.2013,8.36530226503021,1,2
mc6n,3165,-384.1702728755359,-384.0305,-0.13977287553586848,1,2
mc6n,3166,-387.4280782644457,-391.4348,4.006721735554322,1,9
mc6n,3167,-389.0186316265093,-408.7612,19.742568373490656,1,3
mc6n,3168,-389.1719411046045,-405.0245,15.852558895395475,1,3
mc6n,3169,-379.58158968522696,-384.7117,5.130110314773049,1,1
mc6n,3170,-381.6669704504096,-380.9549,-0.7120704504096125,1,1
mc6n,3171,-379.72891020786824,-393.5676,13.838689792131788,1,0
mc6n,3172,-380.4425647807897,-382.372,1.9294352192102906,1,3
mc6n,3173,-379.8112370098181,-375.202,-4.609237009818116,1,5
mc6n,3174,-381.97239337263284,-397.9936,16.021206627367178,1,3
mc6n,3175,-382.16110508239564,-391.0657,8.904594917604356,1,8
mc6n,3176,-381.80333088344264,-393.7227,11.919369116557334,1,9
mc6n,3177,-380.07601046188586,-382.3174,2.241389538114163,1,5
mc6n,3178,-383.87904046433823,-400.2707,16.391659535661745,1,3
mc6n,3179,-384.4601799855039,-402.7958,18.3356200144961,1,0
mc6n,3180,-382.5702102269079,-395.8892,13.318989773092142,1,5
mc6n,3181,-381.0303722230403,-381.4892,0.45882777695970844,1,0
mc6n,3182,-380.22873698322087,-361.8841,-18.34463698322088,1,4
mc6n,3183,-382.1016629426053,-391.0249,8.923237057394715,1,0
mc6n,3184,-384.8895003646154,-408.1098,23.220299635384606,1,7
mc6n,3185,-383.8150940578901,-395.3322,11.517105942109879,1,5
mc6n,3186,-383.83506770112615,-387.124,3.288932298873874,1,2
mc6n,3187,-382.0270156080064,-395.6391,13.612084391993562,1,2
mc6n,3188,-377.75164690569164,-360.5514,-17.200246905691642,1,3
mc6n,3189,-384.8567010444381,-386.1611,1.304398955561851,1,0
mc6n,3190,-380.10810069570005,-391.3416,11.233499304299983,1,8
mc6n,3191,-382.24564134708896,-374.4416,-7.804041347088969,1,8
mc6n,3192,-381.1872647832957,-401.5343,20.347035216704285,1,2
mc6n,3193,-381.46583466999607,-385.8768,4.410965330003933,1,8
mc6n,3194,-385.63521254074817,-376.2622,-9.373012540748164,1,6
mc6n,3195,-380.6808177775418,-395.2082,14.527382222458186,1,6
mc6n,3196,-382.20037089308056,-378.3584,-3.8419708930805427,1,9
mc6n,3197,-380.26980814020254,-384.5494,4.279591859797449,1,2
mc6n,3198,-385.49510901062774,-412.8293,27.334190989372246,1,6
mc6n,3199,-387.40021995797576,-389.6875,2.2872800420242356,1,6
mc6n,3200,-380.6712168744876,-394.464,13.792783125512415,1,2
mc6n,3201,-380.44457846034345,-369.2118,-11.232778460343468,1,0
mc6n,3202,-381.3299329467731,-374.2153,-7.114632946773099,1,8
mc6n,3203,-382.688094882929,-390.5628,7.87470511707096,1,9
mc6n,3204,-380.613903876154,-382.9107,2.296796123846036,1,9
mc6n,3205,-381.00539920757063,-384.5252,3.5198007924293506,1,0
mc6n,3206,-380.00349603376395,-359.5553,-20.448196033763963,1,1
mc6n,3207,-378.91863854793763,-369.1736,-9.745038547937611,1,0
mc6n,3208,-380.0482011011064,-396.4085,16.36029889889363,1,7
mc6n,3209,-380.3197861740988,-384.3481,4.0283138259011935,1,4
mc6n,3210,-383.48792226658094,-384.9603,1.47237773341908,1,3
mc6n,3211,-381.62425647221454,-376.2046,-5.419656472214513,1,1
mc6n,3212,-382.0649498425708,-385.1095,3.044550157429228,1,6
mc6n,3213,-378.8603855395775,-369.7822,-9.078185539577532,1,3
mc6n,3214,-387.7528573600316,-394.1191,6.366242639968391,1,5
mc6n,3215,-383.23345315625767,-401.2295,17.996046843742306,1,6
mc6n,3216,-380.548088744856,-382.3073,1.7592112551440096,1,1
mc6n,3217,-379.77451951726005,-397.4509,17.676380482739944,1,2
mc6n,3218,-382.6525884847043,-397.77,15.117411515295657,1,5
mc6n,3219,-379.4262721751083,-373.1896,-6.2366721751083105,1,3
mc6n,3220,-381.8997333621611,-384.0587,2.158966637838887,1,3
mc6n,3221,-389.8169950291187,-393.4418,3.624804970881314,1,7
mc6n,3222,-381.37170126741137,-393.1528,11.781098732588646,1,6
mc6n,3223,-390.5995815755053,-406.2445,15.644918424494733,1,8
mc6n,3224,-383.5112330080903,-394.8644,11.353166991909688,1,2
mc6n,3225,-382.2876223935078,-394.8892,12.601577606492242,1,7
mc6n,3226,-385.12154038492974,-400.7952,15.673659615070278,1,4
mc6n,3227,-390.772477523266,-393.7892,3.016722476734003,1,2
mc6n,3228,-386.9959974687874,-379.2408,-7.755197468787401,1,9
mc6n,3229,-381.8068989052367,-373.9296,-7.877298905236728,1,1
mc6n,3230,-381.1435480441669,-400.1624,19.0188519558331,1,8
mc6n,3231,-383.6914187394754,-392.4509,8.75948126052458,1,9
mc6n,3232,-379.85865292051346,-391.8966,12.037947079486514,1,7
mc6n,3233,-384.74619778838854,-392.7289,7.982702211611468,1,6
mc6n,3234,-379.4990194094037,-383.1229,3.623880590596343,1,2
mc6n,3235,-386.8491023978499,-398.6171,11.767997602150103,1,5
mc6n,3236,-381.53264001216047,-404.1798,22.64715998783953,1,5
mc6n,3237,-379.7997830699261,-390.7888,10.989016930073888,1,3
mc6n,3238,-386.7781692948983,-382.7332,-4.044969294898294,1,6
mc6n,3239,-380.5192584254026,-374.6652,-5.85405842540257,1,6
mc6n,3240,-377.85782850041716,-371.8716,-5.986228500417155,1,9
mc6n,3241,-383.46317138958494,-402.4026,18.939428610415064,1,6
mc6n,3242,-382.7100163172949,-366.5651,-16.14491631729493,1,0
mc6n,3243,-386.95048981608187,-386.9251,-0.02538981608188351,1,6
mc6n,3244,-378.72166190390743,-376.0259,-2.695761903907453,1,5
mc6n,3245,-388.7993633171336,-392.1681,3.36873668286637,1,0
mc6n,3246,-381.2586227104476,-369.9927,-11.265922710447569,1,7
mc6n,3247,-380.97256411927356,-378.2541,-2.7184641192735626,1,6
mc6n,3248,-386.12146376464966,-395.7401,9.618636235350323,1,1
mc6n,3249,-379.5630348420779,-363.0495,-16.51353484207789,1,1
mc6n,3250,-379.2733661858137,-382.4149,3.141533814186289,1,0
mc6n,3251,-380.2132167782994,-376.8978,-3.3154167782993795,1,8
mc6n,3252,-382.4439426647028,-398.1791,15.735157335297231,1,3
mc6n,3253,-382.3050922719264,-395.8191,13.51400772807358,1,5
mc6n,3254,-380.8662996933906,-362.0879,-18.77839969339061,1,8
mc6n,3255,-380.39852801152114,-369.3972,-11.001328011521139,1,3
mc6n,3256,-391.0004205307434,-398.2875,7.287079469256639,1,0
mc6n,3257,-383.50734370100696,-395.0104,11.503056298993044,1,8
mc6n,3258,-379.5193312805198,-374.6828,-4.836531280519807,1,4
mc6n,3259,-381.3522628901092,-399.9826,18.630337109890775,1,5
mc6n,3260,-381.3580246870626,-390.4226,9.064575312937393,1,7
mc6n,3261,-387.49954977084786,-404.6256,17.126050229152156,1,4
mc6n,3262,-388.0793545780907,-396.7989,8.719545421909288,1,0
mc6n,3263,-386.6042894114475,-391.9742,5.3699105885525,1,2
mc6n,3264,-380.21220523217596,-384.5612,4.348994767824024,1,9
mc6n,3265,-380.2775327882238,-380.7137,0.4361672117761941,1,5
mc6n,3266,-386.52809965731495,-385.1061,-1.4219996573149274,1,5
mc6n,3267,-386.7414838052972,-408.4233,21.681816194702776,1,8
mc6n,3268,-382.77418988252896,-414.6078,31.83361011747104,1,9
mc6n,3269,-384.0200300387679,-411.9515,27.931469961232096,1,1
mc6n,3270,-385.376519660767,-378.2318,-7.1447196607669525,1,0
mc6n,3271,-385.24253749059443,-400.7746,15.532062509405591,1,2
mc6n,3272,-382.86538277324667,-393.3655,10.500117226753332,1,5
mc6n,3273,-382.7153112467518,-404.0161,21.300788753248185,1,9
mc6n,3274,-381.3481897228281,-386.1514,4.8032102771719,1,4
mc6n,3275,-379.0986360263161,-377.5666,-1.5320360263161206,1,2
mc6n,3276,-380.8306715580865,-394.072,13.241328441913481,1,7
mc6n,3277,-380.8403565474476,-391.5957,10.755343452552438,1,4
mc6n,3278,-386.95355080987883,-399.6939,12.740349190121151,1,3
mc6n,3279,-382.69578941064617,-385.4534,2.757610589353817,1,7
mc6n,3280,-386.08727262731543,-412.641,26.55372737268459,1,3
mc6n,3281,-387.0417134547498,-403.1124,16.07068654525017,1,4
mc6n,3282,-380.6440751845638,-374.0257,-6.618375184563831,1,2
mc6n,3283,-379.86169446142077,-391.4759,11.614205538579256,1,8
mc6n,3284,-381.2234332047032,-376.7778,-4.445633204703199,1,8
mc6n,3285,-381.2296976369875,-379.9901,-1.2395976369875257,1,9
mc6n,3286,-383.61599580258616,-393.6936,10.077604197413848,1,3
mc6n,3287,-383.8979805986904,-374.3525,-9.545480598690403,1,5
mc6n,3288,-379.85430427625937,-363.3158,-16.538504276259346,1,3
mc6n,3289,-383.8341320837658,-388.9706,5.13646791623421,1,9
mc6n,3290,-385.5111262033498,-381.4091,-4.102026203349794,1,2
mc6n,3291,-388.499820791141,-389.2687,0.7688792088590048,1,8
mc6n,3292,-380.1290664323125,-398.0151,17.88603356768749,1,6
mc6n,3293,-383.3378601526366,-385.8394,2.5015398473634036,1,9
mc6n,3294,-383.35863010620204,-389.9009,6.542269893797936,1,7
mc6n,3295,-379.9248244775745,-386.5561,6.63127552242554,1,4
mc6n,3296,-378.8217786144159,-371.7291,-7.092678614415888,1,7
mc6n,3297,-384.27467798926205,-386.647,2.372322010737946,1,0
mc6n,3298,-388.33121199173394,-397.9782,9.646988008266078,1,2
mc6n,3299,-378.0089385559654,-376.7062,-1.3027385559653908,1,5
mc6n,3300,-386.6531372999431,-413.3357,26.68256270005685,1,5
mc6n,3301,-385.1296603643506,-376.5709,-8.558760364350633,1,1
mc6n,3302,-380.1305975567857,-403.5644,23.43380244321429,1,3
mc6n,3303,-379.8589861283666,-357.5184,-22.340586128366624,1,5
mc6n,3304,-386.5106122086594,-395.5852,9.074587791340605,1,5
mc6n,3305,-386.64787249107565,-381.5857,-5.062172491075671,1,5
mc6n,3306,-383.4115141388522,-379.6271,-3.7844141388522416,1,0
mc6n,3307,-385.1235446517903,-408.8299,23.706355348209684,1,6
mc6n,3308,-387.46062030553287,-382.4838,-4.976820305532897,1,7
mc6n,3309,-384.1858188082379,-383.7852,-0.4006188082379367,1,3
mc6n,3310,-379.63341761872954,-377.6005,-2.0329176187295275,1,5
mc6n,3311,-383.3542858544715,-388.8508,5.496514145528465,1,2
mc6n,3312,-382.6875941299656,-386.9514,4.263805870034389,1,3
mc6n,3313,-379.1829049717229,-384.1748,4.991895028277099,1,0
mc6n,3314,-380.71627460257275,-372.8842,-7.832074602572732,1,9
mc6n,3315,-380.3292778904263,-383.6421,3.3128221095737445,1,4
mc6n,3316,-384.16704245397585,-376.3082,-7.8588424539758535,1,9
mc6n,3317,-389.18456095815964,-407.206,18.02143904184038,1,2
mc6n,3318,-383.9941151307616,-377.087,-6.9071151307616105,1,8
mc6n,3319,-386.79136269266314,-387.6214,0.8300373073368519,1,1
mc6n,3320,-381.468370437913,-385.3176,3.8492295620870323,1,7
mc6n,3321,-381.99809429970924,-378.2005,-3.79759429970926,1,8
mc6n,3322,-381.87199742013127,-376.9331,-4.938897420131241,1,5
mc6n,3323,-381.0805284698894,-383.4077,2.327171530110604,1,7
mc6n,3324,-379.88722094070715,-372.6987,-7.188520940707178,1,9
mc6n,3325,-383.9928099099249,-382.1735,-1.8193099099249253,1,7
mc6n,3326,-382.43145333313146,-380.034,-2.397453333131466,1,5
mc6n,3327,-385.0837950308754,-404.43,19.346204969124585,1,2
mc6n,3328,-383.3506519439682,-374.0729,-9.277751943968212,1,8
mc6n,3329,-383.64053458101966,-369.616,-14.02453458101968,1,4
mc6n,3330,-380.1486673346981,-380.4693,0.3206326653019005,1,0
mc6n,3331,-381.1046637593795,-386.1921,5.087436240620491,1,8
mc6n,3332,-383.54357863848446,-393.7973,10.253721361515545,1,7
mc6n,3333,-382.8914407535894,-389.5783,6.68685924641062,1,7
mc6n,3334,-385.1850538094911,-390.5625,5.37744619050892,1,4
mc6n,3335,-388.8955047517418,-406.859,17.963495248258198,1,7
mc6n,3336,-381.3829023208795,-379.4414,-1.941502320879522,1,9
mc6n,3337,-380.28773735593467,-391.3584,11.07066264406535,1,9
mc6n,3338,-381.8001958433927,-388.0826,6.282404156607299,1,6
mc6n,3339,-387.2079195183798,-397.4962,10.288280481620177,1,2
mc6n,3340,-381.2834884217006,-407.1904,25.9069115782994,1,9
mc6n,3341,-380.96079328675853,-380.2451,-0.715693286758551,1,4
mc6n,3342,-381.4198469722235,-390.4833,9.063453027776461,1,6
mc6n,3343,-387.12941801745677,-389.0886,1.959181982543214,1,4
mc6n,3344,-382.89951053217044,-385.6332,2.7336894678295494,1,5
mc6n,3345,-381.3045846804396,-407.6626,26.358015319560423,1,0
mc6n,3346,-383.2364037083211,-402.7321,19.495696291678883,1,2
mc6n,3347,-380.3757795188756,-412.3564,31.98062048112439,1,2
mc6n,3348,-384.0460773512681,-392.4254,8.379322648731943,1,1
mc6n,3349,-381.0169554316524,-387.9014,6.8844445683476465,1,8
mc6n,3350,-381.0943368273713,-379.852,-1.2423368273713322,1,9
mc6n,3351,-383.10586719564526,-385.3339,2.2280328043547684,1,7
mc6n,3352,-381.0180824396789,-373.7527,-7.265382439678888,1,0
mc6n,3353,-382.36432231329695,-394.6546,12.290277686703064,1,9
mc6n,3354,-379.9153089158338,-377.3461,-2.5692089158338263,1,8
mc6n,3355,-385.39480592962275,-401.2375,15.842694070377263,1,7
mc6n,3356,-384.06888106463765,-384.657,0.5881189353623313,1,2
mc6n,3357,-378.6131729550577,-366.7505,-11.86267295505769,1,6
mc6n,3358,-385.3444633124198,-391.9192,6.5747366875801845,1,9
mc6n,3359,-388.6539428947958,-411.0111,22.35715710520418,1,9
mc6n,3360,-382.6885535927391,-402.8214,20.1328464072609,1,9
mc6n,3361,-386.05473309624165,-409.7885,23.73376690375835,1,8
mc6n,3362,-380.22855437774444,-382.5407,2.3121456222555707,1,6
mc6n,3363,-380.4063511785693,-393.2085,12.802148821430706,1,8
mc6n,3364,-382.97906938753323,-402.0735,19.094430612466795,1,7
mc6n,3365,-380.8566900052893,-388.7528,7.8961099947106845,1,1
mc6n,3366,-382.97249120014277,-373.926,-9.046491200142782,1,0
mc6n,3367,-381.20331648913077,-367.7148,-13.488516489130745,1,4
mc6n,3368,-382.70429279861736,-406.7131,24.008807201382638,1,8
mc6n,3369,-392.1401807489432,-397.511,5.370819251056844,1,4
mc6n,3370,-384.1627653458187,-376.1826,-7.980165345818705,1,1
mc6n,3371,-382.0024592591934,-390.3185,8.316040740806557,1,9
mc6n,3372,-383.6958771979596,-380.3618,-3.334077197959573,1,8
mc6n,3373,-378.99799095255355,-377.5176,-1.4803909525535346,1,8
mc6n,3374,-380.2031251624782,-385.8565,5.653374837521767,1,0
mc6n,3375,-392.1616466110158,-393.4147,1.253053388984199,1,8
mc6n,3376,-378.13011199193016,-383.6148,5.484688008069838,1,1
mc6n,3377,-382.3192708603881,-369.3077,-13.011570860388076,1,9
mc6n,3378,-379.3169793858887,-365.6855,-13.631479385888724,1,1
mc6n,3379,-382.5491120856588,-412.5816,30.032487914341175,1,1
mc6n,3380,-380.31208286133455,-364.8041,-15.50798286133454,1,7
mc6n,3381,-382.1689577425299,-394.0424,11.87344225747006,1,1
mc6n,3382,-387.57651261740006,-389.4616,1.8850873825999201,1,7
mc6n,3383,-382.0837418845596,-371.0588,-11.024941884559553,1,4
mc6n,3384,-382.71792043327576,-374.0643,-8.653620433275762,1,6
mc6n,3385,-382.6595356479251,-419.3158,36.65626435207491,1,7
mc6n,3386,-381.9287161665014,-406.5996,24.670883833498635,1,2
mc6n,3387,-382.58383221403597,-370.6639,-11.919932214035953,1,6
mc6n,3388,-381.3635361073203,-392.8068,11.443263892679738,1,9
mc6n,3389,-387.0153831352363,-392.787,5.7716168647637005,1,1
mc6n,3390,-385.48062733475973,-408.1578,22.677172665240278,1,9
mc6n,3391,-382.6593078617785,-381.8436,-0.8157078617784919,1,2
mc6n,3392,-382.221099430996,-378.9035,-3.3175994309959833,1,8
mc6n,3393,-380.38675529635333,-389.8126,9.425844703646646,1,0
mc6n,3394,-381.55226099479637,-392.2528,10.70053900520361,1,9
mc6n,3395,-390.22283837661735,-394.8026,4.5797616233826375,1,6
mc6n,3396,-382.0967633445479,-397.1902,15.09343665545208,1,7
mc6n,3397,-382.58830008521323,-402.2939,19.705599914786774,1,8
mc6n,3398,-382.06879083132435,-390.7734,8.704609168675631,1,3
mc6n,3399,-380.4356339327991,-403.09,22.654366067200897,1,9
mc6n,3400,-382.47655310437005,-387.4419,4.965346895629921,1,3
mc6n,3401,-384.85135026661106,-374.3938,-10.457550266611065,1,8
mc6n,3402,-379.4857607505756,-359.1076,-20.378160750575603,1,2
mc6n,3403,-382.37763242797155,-372.6211,-9.756532427971536,1,5
mc6n,3404,-382.0581363389933,-373.6621,-8.39603633899327,1,5
mc6n,3405,-381.04880972191893,-392.5892,11.540390278081077,1,6
mc6n,3406,-382.8397960530666,-386.9401,4.100303946933366,1,5
mc6n,3407,-382.3041397118326,-373.3072,-8.996939711832567,1,9
mc6n,3408,-389.90890202622643,-386.0711,-3.837802026226427,1,6
mc6n,3409,-379.08910477699135,-388.9064,9.81729522300867,1,1
mc6n,3410,-380.4417847858331,-389.2765,8.83471521416692,1,3
mc6n,3411,-379.2579401075383,-380.0268,0.7688598924617054,1,6
mc6n,3412,-380.69776243008045,-394.1118,13.414037569919572,1,0
mc6n,3413,-382.4108741427288,-399.3754,16.964525857271212,1,6
mc6n,3414,-382.57685367521896,-395.1466,12.569746324781022,1,3
mc6n,3415,-380.66763755749025,-373.4781,-7.189537557490269,1,3
mc6n,3416,-379.3919247877243,-380.0575,0.6655752122757121,1,1
mc6n,3417,-379.5098370543215,-382.8753,3.3654629456784733,1,8
mc6n,3418,-381.9216516590101,-387.6802,5.7585483409899325,1,7
mc6n,3419,-379.69844899005074,-376.5547,-3.1437489900507103,1,9
mc6n,3420,-385.4765755027357,-386.2705,0.7939244972642996,1,7
mc6n,3421,-384.1251731042973,-395.5802,11.455026895702701,1,1
mc6n,3422,-378.02760886101754,-356.9406,-21.087008861017523,1,1
mc6n,3423,-382.44230800117583,-401.5114,19.06909199882415,1,5
mc6n,3424,-379.4079087224827,-375.6383,-3.769608722482701,1,0
mc6n,3425,-383.97326862107235,-391.9659,7.992631378927626,1,5
mc6n,3426,-380.33731064588085,-386.4826,6.145289354119143,1,5
mc6n,3427,-381.32777305736613,-404.1089,22.781126942633875,1,0
mc6n,3428,-380.79124259481483,-396.902,16.110757405185154,1,6
mc6n,3429,-383.84780866425723,-382.7941,-1.0537086642572149,1,8
mc6n,3430,-381.8009350502026,-404.8622,23.061264949797362,1,7
mc6n,3431,-384.1479504622402,-407.5798,23.431849537759774,1,5
mc6n,3432,-384.2487611987456,-395.4301,11.181338801254356,1,5
mc6n,3433,-380.44019530297635,-368.0406,-12.399595302976365,1,4
mc6n,3434,-384.89796923961626,-382.1686,-2.729369239616233,1,7
mc6n,3435,-383.7340379636638,-391.4384,7.704362036336192,1,7
mc6n,3436,-382.81964545188447,-376.0475,-6.772145451884455,1,7
mc6n,3437,-381.5540901865063,-406.1676,24.613509813493692,1,9
mc6n,3438,-392.264692538188,-393.5191,1.2544074618119794,1,9
mc6n,3439,-381.23726038742876,-398.2353,16.998039612571233,1,8
mc6n,3440,-384.00803393011967,-394.6637,10.65566606988034,1,7
mc6n,3441,-388.8776677800029,-399.2187,10.34103221999709,1,4
mc6n,3442,-385.8466093646033,-410.4657,24.61909063539673,1,4
mc6n,3443,-388.8871193356871,-391.7335,2.8463806643129033,1,4
mc6n,3444,-381.839435926297,-397.5579,15.71846407370299,1,5
mc6n,3445,-382.4837280537375,-379.1311,-3.352628053737476,1,0
mc6n,3446,-380.8199731400919,-372.8745,-7.945473140091906,1,2
mc6n,3447,-382.0646097321806,-380.6797,-1.3849097321805743,1,4
mc6n,3448,-386.0240597800043,-386.5445,0.5204402199957485,1,9
mc6n,3449,-378.4855888768127,-378.7215,0.23591112318729301,1,0
mc6n,3450,-386.5393320863793,-404.8885,18.349167913620704,1,5
mc6n,3451,-378.4701728387338,-357.9471,-20.52307283873381,1,8
mc6n,3452,-391.81032760736724,-391.4703,-0.34002760736723303,1,4
mc6n,3453,-383.45965482363744,-397.5493,14.08964517636258,1,3
mc6n,3454,-381.5763234933256,-407.9043,26.32797650667436,1,7
mc6n,3455,-383.00674320601667,-394.7735,11.766756793983348,1,1
mc6n,3456,-389.5376589526783,-387.7606,-1.777058952678317,1,0
mc6n,3457,-379.8292509395031,-407.8453,28.016049060496925,1,9
mc6n,3458,-380.9084438925388,-393.3449,12.436456107461197,1,5
mc6n,3459,-382.824797309005,-388.5885,5.7637026909949896,1,1
mc6n,3460,-383.87914714105153,-367.6101,-16.269047141051544,1,6
mc6n,3461,-383.371098729877,-384.0693,0.6982012701229792,1,5
mc6n,3462,-379.96276624217916,-397.9469,17.98413375782087,1,1
mc6n,3463,-383.7607830673239,-385.9876,2.2268169326760585,1,2
mc6n,3464,-378.1343495669474,-366.2241,-11.910249566947357,1,2
mc6n,3465,-381.9005629304542,-404.9447,23.044137069545798,1,9
mc6n,3466,-379.2044260548049,-367.4453,-11.759126054804938,1,3
mc6n,3467,-384.482705711887,-398.9346,14.45189428811301,1,9
mc6n,3468,-382.0069610159804,-387.7369,5.729938984019611,1,8
mc6n,3469,-379.0604771432647,-372.2161,-6.844377143264694,1,3
mc6n,3470,-388.52757618591784,-381.2711,-7.2564761859178475,1,8
mc6n,3471,-379.863853095821,-397.4755,17.611646904178997,1,5
mc6n,3472,-381.57595891001887,-390.0685,8.492541089981103,1,4
mc6n,3473,-382.74049949815816,-400.8506,18.110100501841828,1,3
mc6n,3474,-378.9732877663839,-388.5589,9.585612233616075,1,9
mc6n,3475,-379.4253886409552,-384.4425,5.017111359044804,1,5
mc6n,3476,-385.5920367152262,-392.3351,6.743063284773825,1,2
mc6n,3477,-379.26784096033936,-357.3588,-21.909040960339382,1,7
mc6n,3478,-379.03922275210857,-375.3412,-3.6980227521085567,1,7
mc6n,3479,-382.71073858137134,-380.0052,-2.705538581371343,1,7
mc6n,3480,-380.8620872187933,-373.8204,-7.0416872187932995,1,9
mc6n,3481,-385.1299985922307,-374.4217,-10.708298592230733,1,4
mc6n,3482,-381.19713739816,-404.0291,22.83196260184002,1,8
mc6n,3483,-381.4773676763107,-399.7874,18.310032323689313,1,0
mc6n,3484,-381.6119579036634,-404.3847,22.77274209633663,1,5
mc6n,3485,-380.7978785129428,-360.3637,-20.43417851294282,1,1
mc6n,3486,-382.02211851996253,-386.2417,4.219581480037448,1,6
mc6n,3487,-379.878125810786,-390.8495,10.971374189213975,1,9
mc6n,3488,-380.8823394765191,-384.395,3.5126605234808608,1,4
mc6n,3489,-381.8245237786984,-400.6346,18.810076221301586,1,8
mc6n,3490,-382.2580152167572,-386.6601,4.402084783242799,1,0
mc6n,3491,-388.03419833097865,-384.9799,-3.0542983309786678,1,7
mc6n,3492,-379.75512883078426,-372.7334,-7.021728830784241,1,2
mc6n,3493,-380.934248358669,-392.1871,11.252851641331006,1,8
mc6n,3494,-378.42676044187544,-372.6504,-5.776360441875454,1,1
mc6n,3495,-384.3808489162877,-372.0456,-12.335248916287696,1,6
mc6n,3496,-381.65283641511485,-382.8101,1.1572635848851291,1,6
mc6n,3497,-384.77742707859875,-382.1103,-2.667127078598753,1,1
mc6n,3498,-384.57187613800386,-384.2827,-0.28917613800388153,1,3
mc6n,3499,-380.3252411186257,-394.7544,14.429158881374292,1,7
mc6n,3500,-389.2386899707528,-392.8936,3.654910029247219,1,8
mc6n,3501,-382.7824246962068,-417.0491,34.26667530379319,1,1
mc6n,3502,-383.2867588758767,-404.3089,21.022141124123266,1,6
mc6n,3503,-387.17920528833287,-377.3389,-9.840305288332843,1,9
mc6n,3504,-382.2257216695703,-378.7931,-3.4326216695703238,1,2
mc6n,3505,-382.46352787936155,-381.371,-1.092527879361569,1,3
mc6n,3506,-386.52860919546816,-402.7962,16.267590804531835,1,7
mc6n,3507,-381.1897465853526,-364.0583,-17.13144658535265,1,6
mc6n,3508,-381.5054976945907,-377.2152,-4.29029769459072,1,0
mc6n,3509,-378.21222544059617,-366.2984,-11.913825440596156,1,3
mc6n,3510,-385.67338899417916,-410.2533,24.57991100582086,1,4
mc6n,3511,-381.4917646382258,-380.1416,-1.350164638225806,1,7
mc6n,3512,-385.11895002364946,-402.9909,17.87194997635055,1,6
mc6n,3513,-379.2392277593327,-385.2107,5.971472240667254,1,7
mc6n,3514,-388.11057069058756,-383.5337,-4.576870690587555,1,8
mc6n,3515,-387.0531554720779,-402.1475,15.09434452792209,1,8
mc6n,3516,-379.43874770146294,-373.9684,-5.47034770146297,1,9
mc6n,3517,-389.1066901046804,-413.375,24.26830989531959,1,0
mc6n,3518,-384.2123486759614,-389.9352,5.722851324038629,1,0
mc6n,3519,-379.32013136867215,-382.8963,3.576168631327846,1,5
mc6n,3520,-382.3582122485523,-371.8763,-10.481912248552305,1,6
mc6n,3521,-386.01121339516664,-401.6087,15.597486604833364,1,2
mc6n,3522,-380.4265293901848,-390.4484,10.02187060981521,1,6
mc6n,3523,-387.0676741709297,-387.6453,0.577625829070314,1,9
mc6n,3524,-380.575612588466,-382.8092,2.2335874115339607,1,1
mc6n,3525,-381.1373068296498,-410.8274,29.690093170350224,1,3
mc6n,3526,-381.18134861894526,-375.1744,-6.006948618945273,1,8
mc6n,3527,-380.0520270296365,-374.2634,-5.78862702963653,1,1
mc6n,3528,-382.7182134804856,-389.6073,6.8890865195144215,1,3
mc6n,3529,-384.59635342053696,-400.3467,15.750346579463042,1,1
mc6n,3530,-384.2491144868491,-379.7038,-4.545314486849122,1,9
mc6n,3531,-379.90767023662943,-390.5043,10.596629763370572,1,1
mc6n,3532,-380.654838863479,-365.8937,-14.761138863478948,1,5
mc6n,3533,-383.1042118242219,-379.761,-3.3432118242218962,1,5
mc6n,3534,-385.003422295089,-375.0439,-9.959522295089016,1,4
mc6n,3535,-383.61210335798603,-389.1185,5.506396642013954,1,7
mc6n,3536,-380.49912978712354,-376.2448,-4.254329787123538,1,8
mc6n,3537,-380.5002442449401,-386.384,5.8837557550598945,1,6
mc6n,3538,-381.71572860492546,-373.861,-7.854728604925469,1,0
mc6n,3539,-378.79913930863984,-374.429,-4.370139308639864,1,8
mc6n,3540,-380.2131496347261,-395.1991,14.98595036527388,1,4
mc6n,3541,-380.1989672812443,-355.8782,-24.320767281244287,1,3
mc6n,3542,-382.88130834947884,-401.3925,18.51119165052114,1,4
mc6n,3543,-385.03881260405,-392.9996,7.960787395949978,1,5
mc6n,3544,-380.5736729550226,-400.3916,19.81792704497741,1,5
mc6n,3545,-385.30151715555456,-396.6205,11.31898284444543,1,0
mc6n,3546,-379.1813769849092,-367.8135,-11.36787698490923,1,7
mc6n,3547,-384.5341960450128,-403.7588,19.22460395498723,1,4
mc6n,3548,-383.81112129200335,-386.5392,2.7280787079966444,1,1
mc6n,3549,-383.3119433621202,-391.3443,8.032356637879786,1,1
mc6n,3550,-381.3803916533825,-394.5204,13.140008346617492,1,3
mc6n,3551,-387.470790359988,-391.8119,4.341109640012007,1,5
mc6n,3552,-382.65710843923154,-397.7051,15.04799156076848,1,4
mc6n,3553,-387.30209370925394,-374.3244,-12.977693709253913,1,6
mc6n,3554,-381.2276544643476,-381.5883,0.3606455356523952,1,2
mc6n,3555,-385.5579365667358,-380.3629,-5.19503656673578,1,1
mc6n,3556,-386.58960442249213,-378.4985,-8.091104422492151,1,4
mc6n,3557,-386.79726693430695,-411.537,24.73973306569303,1,8
mc6n,3558,-382.84431475258714,-381.3696,-1.474714752587147,1,9
mc6n,3559,-378.1269110634563,-369.153,-8.973911063456285,1,0
mc6n,3560,-381.5432712865818,-399.4392,17.895928713418243,1,7
mc6n,3561,-383.1116321299728,-393.4096,10.297967870027207,1,5
mc6n,3562,-384.20466356108005,-374.9194,-9.285263561080058,1,0
mc6n,3563,-384.3545706799814,-373.074,-11.280570679981395,1,8
mc6n,3564,-384.5116471005772,-370.0166,-14.49504710057721,1,8
mc6n,3565,-380.497731694933,-384.4509,3.9531683050669812,1,7
mc6n,3566,-378.3546269122904,-383.3018,4.9471730877095865,1,8
mc6n,3567,-383.0092137128704,-394.1533,11.144086287129596,1,2
mc6n,3568,-387.74946378602755,-388.8867,1.1372362139724714,1,7
mc6n,3569,-382.56520018711706,-379.2912,-3.2740001871170534,1,4
mc6n,3570,-390.0934050265548,-415.7674,25.67399497344519,1,6
mc6n,3571,-386.84238804080263,-409.2778,22.43541195919738,1,2
mc6n,3572,-387.1016061466638,-376.319,-10.782606146663795,1,0
mc6n,3573,-385.15331309876024,-380.5973,-4.556013098760218,1,3
mc6n,3574,-381.47836165219724,-391.8841,10.405738347802753,1,0
mc6n,3575,-379.44249895623676,-371.3204,-8.122098956236755,1,6
mc6n,3576,-381.84219697020444,-370.8696,-10.97259697020445,1,3
mc6n,3577,-380.7635781888818,-394.4252,13.66162181111821,1,0
mc6n,3578,-382.62456075047135,-397.9473,15.322739249528638,1,0
mc6n,3579,-384.4965787029288,-382.395,-2.101578702928805,1,2
mc6n,3580,-382.3053915941699,-407.3452,25.03980840583006,1,1
mc6n,3581,-389.2054965743253,-392.0849,2.8794034256746954,1,1
mc6n,3582,-383.7430433596052,-392.6437,8.9006566403948,1,1
mc6n,3583,-379.86229812607735,-384.9279,5.065601873922674,1,6
mc6n,3584,-382.704203692141,-393.0954,10.39119630785899,1,6
mc6n,3585,-380.37532018156224,-386.3602,5.984879818437776,1,0
mc6n,3586,-382.0362801656907,-369.7428,-12.29348016569071,1,1
mc6n,3587,-382.20254772536373,-381.9056,-0.2969477253637365,1,0
mc6n,3588,-387.64178432493514,-406.0786,18.43681567506485,1,4
mc6n,3589,-380.9643926841488,-390.6,9.635607315851246,1,4
mc6n,3590,-384.5904071357397,-381.4441,-3.1463071357397325,1,1
mc6n,3591,-378.9528798861117,-356.5147,-22.438179886111698,1,7
mc6n,3592,-384.42603716635665,-375.5585,-8.86753716635667,1,8
mc6n,3593,-386.04307082294997,-388.291,2.2479291770500254,1,1
mc6n,3594,-381.1034865506559,-395.3343,14.230813449344112,1,6
mc6n,3595,-381.1852837342022,-371.0316,-10.153683734202161,1,1
mc6n,3596,-382.596800963171,-393.784,11.187199036828986,1,3
mc6n,3597,-379.12325951884515,-386.9148,7.791540481154868,1,5
mc6n,3598,-381.8132668767175,-372.2219,-9.591366876717473,1,5
mc6n,3599,-382.2257605752069,-378.4299,-3.795860575206916,1,4
mc6n,3600,-379.1651395362236,-386.9141,7.748960463776427,1,0
mc6n,3601,-383.78216233307626,-385.583,1.8008376669237691,1,0
mc6n,3602,-382.36632971781705,-391.6433,9.276970282182958,1,2
mc6n,3603,-383.8054103235358,-397.8221,14.016689676464182,1,3
mc6n,3604,-382.5573770199262,-380.0315,-2.525877019926213,1,3
mc6n,3605,-381.510422393068,-365.9327,-15.577722393067972,1,1
mc6n,3606,-385.6032333761708,-378.7719,-6.8313333761707895,1,5
mc6n,3607,-381.3799963221256,-380.9115,-0.46849632212558845,1,3
mc6n,3608,-384.541341501294,-401.3203,16.778958498705947,1,8
mc6n,3609,-381.8574956640129,-400.246,18.38850433598708,1,3
mc6n,3610,-383.72250809486604,-395.8712,12.148691905133944,1,2
mc6n,3611,-384.6747388321963,-409.6792,25.004461167803697,1,1
mc6n,3612,-381.86675457416686,-403.8482,21.981445425833158,1,0
mc6n,3613,-385.2821729047557,-399.0891,13.806927095244248,1,7
mc6n,3614,-383.1629298174258,-377.0806,-6.082329817425773,1,5
mc6n,3615,-383.27333329929905,-408.2128,24.93946670070096,1,2
mc6n,3616,-378.33404646688103,-357.8996,-20.434446466881013,1,5
mc6n,3617,-379.2723847602798,-400.8199,21.547515239720212,1,4
mc6n,3618,-386.97279089397784,-395.1596,8.186809106022167,1,8
mc6n,3619,-379.8068318896906,-378.0421,-1.7647318896906086,1,8
mc6n,3620,-382.0714069205279,-398.5902,16.51879307947206,1,7
mc6n,3621,-384.31591606399337,-396.0379,11.721983936006609,1,0
mc6n,3622,-381.7238573693934,-386.2475,4.523642630606616,1,6
mc6n,3623,-386.58008384072457,-399.9967,13.416616159275407,1,6
mc6n,3624,-380.5848520457303,-384.2852,3.7003479542696596,1,3
mc6n,3625,-389.4140802707804,-392.2715,2.8574197292196004,1,9
mc6n,3626,-379.28904515079836,-372.7385,-6.550545150798371,1,5
mc6n,3627,-382.8060943734926,-399.7415,16.93540562650736,1,5
mc6n,3628,-380.6400672780606,-398.7575,18.117432721939394,1,9
mc6n,3629,-386.92570630862565,-400.8185,13.892793691374322,1,4
mc6n,3630,-387.11168521227506,-399.0853,11.973614787724955,1,5
mc6n,3631,-380.40144593298163,-366.3181,-14.083345932981615,1,1
mc6n,3632,-381.6612205761628,-400.8771,19.21587942383718,1,2
mc6n,3633,-386.9744249300015,-416.3586,29.38417506999855,1,9
mc6n,3634,-379.90426473991874,-381.3652,1.4609352600812713,1,4
mc6n,3635,-386.84768673527975,-385.4356,-1.412086735279729,1,0
mc6n,3636,-382.75880270974744,-381.5483,-1.210502709747459,1,6
mc6n,3637,-382.0589627696269,-361.9977,-20.061262769626865,1,8
mc6n,3638,-384.0899754408665,-405.3034,21.2134245591335,1,8
mc6n,3639,-378.0920158599285,-371.0271,-7.064915859928476,1,8
mc6n,3640,-381.9820338086843,-396.4948,14.512766191315677,1,9
mc6n,3641,-383.7470544036252,-396.4809,12.733845596374806,1,1
mc6n,3642,-386.4500361583056,-406.7378,20.287763841694414,1,9
mc6n,3643,-381.05202633811956,-407.9423,26.89027366188043,1,6
mc6n,3644,-382.74813252968954,-387.1953,4.447167470310433,1,9
mc6n,3645,-383.0845375032294,-387.9609,4.876362496770582,1,5
mc6n,3646,-387.24875033914765,-395.0156,7.766849660852358,1,9
mc6n,3647,-385.2192462019747,-385.7971,0.5778537980252736,1,5
mc6n,3648,-382.51319027578415,-399.4571,16.94390972421587,1,0
mc6n,3649,-378.54253980199564,-354.8398,-23.70273980199562,1,8
mc6n,3650,-387.24327531437046,-411.3628,24.11952468562953,1,2
mc6n,3651,-384.6699333606423,-390.3615,5.6915666393576885,1,7
mc6n,3652,-381.80718379476014,-389.6549,7.847716205239863,1,3
mc6n,3653,-383.0852823575696,-401.3787,18.29341764243037,1,1
mc6n,3654,-380.62699122470895,-385.1525,4.52550877529103,1,6
mc6n,3655,-388.2880612666319,-388.1991,-0.08896126663194082,1,9
mc6n,3656,-388.0556403476381,-389.7815,1.725859652361919,1,2
mc6n,3657,-386.07839398833767,-398.1915,12.113106011662353,1,5
mc6n,3658,-385.4774257787825,-391.9329,6.455474221217514,1,3
mc6n,3659,-384.351696056681,-397.7917,13.44000394331897,1,7
mc6n,3660,-386.2895981665199,-399.4088,13.119201833480076,1,0
mc6n,3661,-381.02973592792347,-389.5758,8.546064072076547,1,1
mc6n,3662,-379.86547269912455,-384.4642,4.598727300875453,1,2
mc6n,3663,-385.7161468980378,-381.3119,-4.404246898037798,1,7
mc6n,3664,-382.054758452716,-374.5649,-7.489858452715964,1,7
mc6n,3665,-381.13368107683283,-379.5414,-1.592281076832819,1,5
mc6n,3666,-379.6144592864944,-381.4739,1.8594407135055917,1,5
mc6n,3667,-379.4266141680086,-387.5064,8.079785831991387,1,9
mc6n,3668,-380.9474913297703,-381.9341,0.9866086702297139,1,5
mc6n,3669,-383.7170713482221,-387.0019,3.2848286517779,1,2
mc6n,3670,-379.4593758376987,-363.181,-16.278375837698718,1,0
mc6n,3671,-386.62060090638613,-390.6538,4.0331990936138595,1,1
mc6n,3672,-383.8496190305809,-391.9843,8.134680969419094,1,9
mc6n,3673,-381.2432625205961,-392.6502,11.406937479403894,1,2
mc6n,3674,-382.7882348113473,-386.626,3.837765188652668,1,1
mc6n,3675,-379.6499512521418,-383.4484,3.798448747858174,1,9
mc6n,3676,-382.36291794593006,-374.6121,-7.750817945930066,1,0
mc6n,3677,-379.9141612000536,-367.7539,-12.16026120005364,1,9
mc6n,3678,-383.8247162962014,-396.0028,12.178083703798563,1,7
mc6n,3679,-383.1690072518528,-369.5345,-13.634507251852824,1,6
mc6n,3680,-384.3585064227417,-403.0087,18.65019357725828,1,8
mc6n,3681,-386.4829772958126,-392.1356,5.652622704187422,1,3
mc6n,3682,-391.59429222970766,-404.8142,13.219907770292366,1,8
mc6n,3683,-384.9927339172909,-390.2764,5.283666082709146,1,9
mc6n,3684,-386.80879366544525,-399.6775,12.868706334554759,1,4
mc6n,3685,-384.2756820053451,-403.5666,19.290917994654876,1,2
mc6n,3686,-379.8390507631212,-384.5022,4.663149236878837,1,4
mc6n,3687,-382.9434506647796,-400.1011,17.157649335220356,1,1
mc6n,3688,-380.1330417082128,-392.7487,12.615658291787213,1,7
mc6n,3689,-382.0161370946916,-388.0147,5.998562905308404,1,9
mc6n,3690,-379.5670803990683,-371.5651,-8.001980399068316,1,6
mc6n,3691,-384.59518311435033,-381.8169,-2.7782831143503586,1,7
mc6n,3692,-384.86067694769906,-403.017,18.156323052300934,1,7
mc6n,3693,-389.27815470214426,-411.8483,22.57014529785573,1,7
mc6n,3694,-382.2351487523379,-387.6825,5.447351247662084,1,6
mc6n,3695,-382.07933801929613,-374.6844,-7.3949380192961485,1,2
mc6n,3696,-380.77176280186256,-378.7485,-2.023262801862586,1,6
mc6n,3697,-386.0464650244574,-396.7801,10.7336349755426,1,3
mc6n,3698,-386.3773629701205,-386.0544,-0.3229629701204999,1,5
mc6n,3699,-382.9520670046404,-387.4934,4.541332995359596,1,3
mc6n,3700,-380.50218513339024,-410.1977,29.695514866609756,1,8
mc6n,3701,-382.77893762320275,-398.6802,15.901262376797263,1,0
mc6n,3702,-382.9152033022291,-385.7305,2.8152966977709184,1,6
mc6n,3703,-380.81953325566815,-385.1935,4.373966744331824,1,9
mc6n,3704,-381.8155867811944,-366.9267,-14.888886781194401,1,6
mc6n,3705,-379.51434132112195,-381.3182,1.8038586788780435,1,1
mc6n,3706,-387.9113563458772,-386.6941,-1.2172563458772174,1,1
mc6n,3707,-380.83639444926064,-388.653,7.816605550739382,1,5
mc6n,3708,-380.8785800640589,-386.3116,5.433019935941104,1,9
mc6n,3709,-390.86966376196125,-403.9692,13.099536238038752,1,4
mc6n,3710,-388.75300036835444,-387.9394,-0.8136003683544573,1,3
mc6n,3711,-378.09244695930516,-369.1114,-8.98104695930516,1,3
mc6n,3712,-383.1705515538966,-400.4489,17.278348446103394,1,5
mc6n,3713,-386.06796414463633,-390.0582,3.9902358553636645,1,2
mc6n,3714,-387.44613611965144,-390.794,3.347863880348541,1,1
mc6n,3715,-380.45564710917506,-370.5244,-9.931247109175047,1,9
mc6n,3716,-385.3064431090385,-393.1312,7.824756890961453,1,7
mc6n,3717,-379.44235462889355,-378.4269,-1.0154546288935649,1,6
mc6n,3718,-385.5385163873165,-386.0877,0.5491836126834642,1,9
mc6n,3719,-385.192905842122,-381.0338,-4.159105842122017,1,7
mc6n,3720,-381.00198931819375,-374.3212,-6.680789318193774,1,2
mc6n,3721,-385.35079928080097,-381.7315,-3.6192992808009876,1,4
mc6n,3722,-379.7411090023858,-385.7883,6.047190997614166,1,5
mc6n,3723,-382.4309544626781,-388.052,5.6210455373219474,1,9
mc6n,3724,-386.34249851454285,-405.9207,19.578201485457157,1,1
mc6n,3725,-379.9461146368504,-396.4519,16.50578536314964,1,3
mc6n,3726,-383.4048010369544,-385.4131,2.008298963045604,1,3
mc6n,3727,-379.37634371440583,-384.0582,4.681856285594165,1,8
mc6n,3728,-380.7836823542443,-392.9898,12.206117645755683,1,0
mc6n,3729,-382.0270695738664,-391.6042,9.577130426133579,1,7
mc6n,3730,-385.3111795545092,-393.4396,8.128420445490804,1,8
mc6n,3731,-383.48902417404486,-380.2407,-3.2483241740448534,1,4
mc6n,3732,-381.66206834219616,-382.563,0.9009316578038238,1,4
mc6n,3733,-386.04739248427404,-384.1724,-1.8749924842740597,1,0
mc6n,3734,-382.95444212998405,-381.782,-1.1724421299840628,1,5
mc6n,3735,-381.33690960308,-394.035,12.698090396920009,1,2
mc6n,3736,-382.25709340461356,-390.1653,7.908206595386446,1,9
mc6n,3737,-382.36543551610674,-372.5302,-9.835235516106763,1,2
mc6n,3738,-383.50475396723,-375.8812,-7.623553967230009,1,5
mc6n,3739,-382.29266129888134,-383.1748,0.882138701118663,1,9
mc6n,3740,-380.0810537596403,-376.0472,-4.033853759640351,1,2
mc6n,3741,-382.89808671191395,-393.2254,10.327313288086032,1,6
mc6n,3742,-383.2963861342149,-400.9072,17.610813865785076,1,1
mc6n,3743,-381.04937699095234,-380.554,-0.49537699095236576,1,4
mc6n,3744,-386.0114047858328,-395.4714,9.459995214167236,1,0
mc6n,3745,-381.132062728536,-392.5563,11.424237271463994,1,7
mc6n,3746,-378.95643661284527,-375.8914,-3.06503661284529,1,0
mc6n,3747,-379.0242415782838,-391.3322,12.307958421716194,1,9
mc6n,3748,-385.7958858487208,-391.4317,5.635814151279192,1,2
mc6n,3749,-382.1053991371557,-400.7242,18.618800862844296,1,5
mc6n,3750,-381.4282455659915,-393.0373,11.609054434008499,1,7
mc6n,3751,-381.8205234023782,-375.2676,-6.552923402378212,1,4
mc6n,3752,-380.79821297580276,-371.4111,-9.38711297580278,1,4
mc6n,3753,-381.75121680540997,-398.4035,16.65228319459004,1,5
mc6n,3754,-380.2034746855615,-411.8866,31.683125314438485,1,1
mc6n,3755,-388.78509373982814,-412.1978,23.41270626017183,1,7
mc6n,3756,-384.0039067968359,-403.5807,19.576793203164073,1,2
mc6n,3757,-383.0608264102936,-384.2275,1.16667358970642,1,6
mc6n,3758,-385.96067875993685,-404.6401,18.679421240063164,1,1
mc6n,3759,-383.5355245476302,-402.4404,18.904875452369822,1,1
mc6n,3760,-386.8015503174978,-390.612,3.810449682502224,1,2
mc6n,3761,-379.6475102382316,-382.0757,2.428189761768408,1,3
mc6n,3762,-380.1081841545035,-403.7188,23.61061584549651,1,0
mc6n,3763,-379.8339296539508,-385.4895,5.655570346049217,1,9
mc6n,3764,-381.2523193725267,-384.7824,3.5300806274732963,1,6
mc6n,3765,-385.7063163263268,-386.0474,0.34108367367315395,1,7
mc6n,3766,-381.79718630544227,-401.3673,19.570113694557733,1,3
mc6n,3767,-380.60531200920974,-387.4065,6.801187990790254,1,1
mc6n,3768,-384.2076417234342,-388.9802,4.772558276565803,1,4
mc6n,3769,-390.82148542668887,-404.1716,13.350114573311146,1,0
mc6n,3770,-381.4539063324246,-377.7871,-3.666806332424585,1,8
mc6n,3771,-378.5091650550985,-388.7027,10.1935349449015,1,0
mc6n,3772,-382.762381399384,-389.6562,6.893818600615987,1,4
mc6n,3773,-389.24841010073027,-387.7255,-1.5229101007302575,1,1
mc6n,3774,-380.6365714198668,-399.8971,19.26052858013321,1,6
mc6n,3775,-380.0068933729309,-365.0389,-14.967993372930891,1,0
mc6n,3776,-380.23099852917153,-385.9101,5.679101470828471,1,4
mc6n,3777,-381.67881093651147,-391.9069,10.22808906348854,1,7
mc6n,3778,-380.54479557238886,-400.8675,20.322704427611143,1,3
mc6n,3779,-378.7488776400842,-360.5157,-18.233177640084193,1,1
mc6n,3780,-390.090178997661,-397.2203,7.130121002339024,1,8
mc6n,3781,-382.3759149331445,-399.8324,17.45648506685552,1,1
mc6n,3782,-380.7029488001713,-387.3708,6.667851199828647,1,9
mc6n,3783,-382.3065537428128,-397.6879,15.381346257187204,1,6
mc6n,3784,-379.03281650249454,-371.5089,-7.523916502494558,1,6
mc6n,3785,-383.4249736008969,-393.012,9.587026399103081,1,6
mc6n,3786,-380.70275929215796,-385.4925,4.789740707842043,1,3
mc6n,3787,-380.221472927377,-380.9091,0.6876270726230018,1,7
mc6n,3788,-386.51029845369584,-388.0771,1.5668015463041343,1,6
mc6n,3789,-383.7232724020959,-383.3662,-0.3570724020959233,1,2
mc6n,3790,-381.53201689475696,-392.9786,11.446583105243008,1,2
mc6n,3791,-386.6801083072397,-401.7213,15.041191692760265,1,2
mc6n,3792,-379.8101878132075,-365.7401,-14.070087813207522,1,0
mc6n,3793,-385.7967882081175,-405.9427,20.145911791882497,1,3
mc6n,3794,-380.5372911803311,-375.2986,-5.238691180331102,1,1
mc6n,3795,-384.26349074101057,-380.0743,-4.189190741010577,1,1
mc6n,3796,-382.7588315753302,-369.1734,-13.585431575330176,1,9
mc6n,3797,-386.0312648498185,-383.5877,-2.4435648498185287,1,8
mc6n,3798,-381.615275549047,-371.0485,-10.566775549047009,1,9
mc6n,3799,-385.11897888908953,-388.3758,3.2568211109104936,1,6
mc6n,3800,-383.82227841980796,-396.5622,12.73992158019206,1,3
mc6n,3801,-383.21649532614833,-396.2719,13.055404673851683,1,9
mc6n,3802,-385.46411691925726,-388.9915,3.527383080742709,1,3
mc6n,3803,-383.07270956719486,-382.0265,-1.0462095671948646,1,4
mc6n,3804,-379.1377480971075,-366.1656,-12.972148097107493,1,5
mc6n,3805,-383.48257399876735,-400.7593,17.276726001232646,1,1
mc6n,3806,-383.3299704693758,-390.0934,6.763429530624194,1,9
mc6n,3807,-379.37063023592486,-361.9632,-17.407430235924892,1,9
mc6n,3808,-379.52093519609656,-389.8704,10.349464803903459,1,7
mc6n,3809,-381.88705703258984,-379.2042,-2.6828570325898227,1,7
mc6n,3810,-385.57348187207714,-385.8671,0.2936181279228549,1,3
mc6n,3811,-381.0678496303047,-375.5212,-5.546649630304671,1,6
mc6n,3812,-389.8063643822008,-399.763,9.95663561779918,1,0
mc6n,3813,-379.67245438826114,-359.4977,-20.174754388261135,1,0
mc6n,3814,-381.1019566813321,-380.9057,-0.19625668133210183,1,0
mc6n,3815,-384.40381327223054,-371.5135,-12.890313272230514,1,2
mc6n,3816,-378.7554056266349,-381.3727,2.617294373365098,1,3
mc6n,3817,-390.714435358319,-390.1969,-0.5175353583189803,1,6
mc6n,3818,-385.442678039972,-388.8596,3.4169219600279916,1,2
mc6n,3819,-382.5276330458729,-378.4286,-4.099033045872886,1,4
mc6n,3820,-379.1150529429613,-372.2405,-6.874552942961316,1,5
mc6n,3821,-380.6585625078194,-402.549,21.89043749218058,1,7
mc6n,3822,-387.58926236557824,-387.1552,-0.4340623655782565,1,3
mc6n,3823,-383.4946705090952,-404.5244,21.0297294909048,1,1
mc6n,3824,-384.9461952655724,-383.0442,-1.9019952655723955,1,2
mc6n,3825,-382.6639188052922,-369.9816,-12.682318805292198,1,2
mc6n,3826,-381.37141073035764,-381.1865,-0.18491073035761474,1,1
mc6n,3827,-389.8263800687329,-395.5577,5.731319931267137,1,8
mc6n,3828,-386.05795159509506,-402.2155,16.157548404904958,1,1
mc6n,3829,-382.2127052297516,-379.139,-3.0737052297515675,1,9
mc6n,3830,-379.6148295174741,-366.0631,-13.551729517474087,1,2
mc6n,3831,-381.7329738347143,-386.3479,4.614926165285681,1,9
mc6n,3832,-382.97427081851623,-393.5705,10.59622918148375,1,8
mc6n,3833,-382.62759789885513,-396.2731,13.64550210114487,1,4
mc6n,3834,-385.7730921755478,-387.5443,1.7712078244522331,1,6
mc6n,3835,-386.91040824232056,-385.749,-1.1614082423205332,1,4
mc6n,3836,-378.29592837197623,-374.8822,-3.4137283719762195,1,4
mc6n,3837,-382.4876230082084,-401.2376,18.749976991791584,1,3
mc6n,3838,-377.89082736880437,-381.004,3.1131726311956527,1,2
mc6n,3839,-383.29632777583134,-377.8476,-5.448727775831344,1,9
mc6n,3840,-382.02574803779964,-383.1312,1.105451962200334,1,3
mc6n,3841,-379.2370728899527,-374.0029,-5.234172889952674,1,0
mc6n,3842,-383.0608107225668,-414.6502,31.589389277433156,1,1
mc6n,3843,-386.604183989741,-384.2424,-2.3617839897410136,1,5
mc6n,3844,-380.4085480911028,-391.3233,10.914751908897244,1,6
mc6n,3845,-387.23160362838564,-392.6116,5.379996371614368,1,8
mc6n,3846,-381.0597817342337,-401.764,20.704218265766315,1,0
mc6n,3847,-380.2781615533003,-395.6992,15.421038446699697,1,0
mc6n,3848,-389.19161040557015,-391.9887,2.797089594429849,1,5
mc6n,3849,-381.7364094518718,-382.5933,0.8568905481282059,1,5
mc6n,3850,-380.56714183095505,-384.6655,4.098358169044957,1,9
mc6n,3851,-380.2924286205924,-377.2761,-3.0163286205923896,1,7
mc6n,3852,-382.1413542051366,-376.4372,-5.704154205136604,1,1
mc6n,3853,-390.8362450894006,-398.2224,7.386154910599373,1,1
mc6n,3854,-380.888541785257,-388.1588,7.270258214742967,1,2
mc6n,3855,-385.87447896627646,-398.306,12.431521033723527,1,1
mc6n,3856,-383.0361414220069,-381.8049,-1.2312414220069172,1,2
mc6n,3857,-382.2623431532576,-392.201,9.938656846742447,1,6
mc6n,3858,-385.28081183554895,-376.0456,-9.235211835548967,1,0
mc6n,3859,-380.77393461397617,-380.9025,0.12856538602380851,1,7
mc6n,3860,-384.6206173496435,-382.9615,-1.659117349643509,1,1
mc6n,3861,-385.25069574814853,-386.9775,1.7268042518514903,1,3
mc6n,3862,-386.67279279569203,-397.4035,10.730707204307976,1,6
mc6n,3863,-380.72558057590703,-375.0613,-5.664280575907014,1,7
mc6n,3864,-381.95838609430166,-383.727,1.7686139056983166,1,1
mc6n,3865,-388.47325201778096,-381.0702,-7.403052017780965,1,9
mc6n,3866,-382.3744327545044,-405.6676,23.293167245495567,1,7
mc6n,3867,-381.7450421069627,-386.0799,4.334857893037281,1,7
mc6n,3868,-382.6003664749516,-417.6533,35.05293352504839,1,2
mc6n,3869,-381.0643682048309,-372.6117,-8.4526682048309,1,8
mc6n,3870,-380.93788917170934,-377.5529,-3.3849891717093215,1,9
mc6n,3871,-380.75854053865766,-366.6403,-14.11824053865763,1,6
mc6n,3872,-381.9731263042665,-393.0227,11.0495736957335,1,2
mc6n,3873,-381.84233690502407,-384.0241,2.1817630949759064,1,4
mc6n,3874,-381.5138052995149,-382.4831,0.9692947004850794,1,8
mc6n,3875,-381.2290770295974,-393.804,12.574922970402554,1,6
mc6n,3876,-380.6085995341466,-382.603,1.9944004658534027,1,1
mc6n,3877,-379.3520634700692,-402.6202,23.268136529930814,1,1
mc6n,3878,-384.8949452688031,-391.5978,6.702854731196908,1,8
mc6n,3879,-384.08716482362263,-390.7499,6.662735176377396,1,5
mc6n,3880,-390.14014824636746,-392.226,2.0858517536325394,1,0
mc6n,3881,-378.13749715720735,-358.0318,-20.105697157207373,1,3
mc6n,3882,-381.9150107205698,-380.5864,-1.3286107205697704,1,8
mc6n,3883,-383.95130890857325,-381.1115,-2.839808908573275,1,8
mc6n,3884,-380.23207282634473,-395.1478,14.915727173655284,1,8
mc6n,3885,-382.1440142200037,-367.1086,-15.035414220003702,1,3
mc6n,3886,-384.05355727055195,-385.9237,1.8701427294480482,1,9
mc6n,3887,-382.1891704671158,-380.3116,-1.8775704671157882,1,0
mc6n,3888,-384.1929247315219,-383.6607,-0.5322247315218647,1,1
mc6n,3889,-381.4123513652129,-396.4561,15.043748634787107,1,6
mc6n,3890,-382.6881086882884,-379.483,-3.205108688288419,1,4
mc6n,3891,-381.40616537170513,-372.9007,-8.505465371705156,1,0
mc6n,3892,-378.23164373750535,-372.3825,-5.849143737505358,1,4
mc6n,3893,-380.59621750679196,-391.912,11.315782493208019,1,1
mc6n,3894,-386.89655093900546,-395.226,8.329449060994534,1,3
mc6n,3895,-383.46507148988843,-370.5148,-12.95027148988845,1,5
mc6n,3896,-385.53906608611305,-403.4414,17.902333913886935,1,2
mc6n,3897,-380.24819857829016,-372.0765,-8.171698578290147,1,8
mc6n,3898,-380.982183220068,-400.9925,20.010316779931998,1,5
mc6n,3899,-386.2402413675171,-386.5982,0.35795863248290516,1,0
mc6n,3900,-383.0695996277075,-371.3347,-11.734899627707478,1,8
mc6n,3901,-383.74540530723556,-399.0431,15.297694692764424,1,0
mc6n,3902,-379.1011397912762,-394.161,15.05986020872382,1,0
mc6n,3903,-381.88063760540524,-373.9311,-7.949537605405226,1,6
mc6n,3904,-386.5842072089881,-397.3233,10.739092791011899,1,1
mc6n,3905,-386.25693815365884,-388.621,2.3640618463411442,1,1
mc6n,3906,-384.0152446474642,-392.2047,8.189455352535788,1,2
mc6n,3907,-384.2022984757902,-403.5145,19.312201524209797,1,2
mc6n,3908,-379.06477307680814,-392.4364,13.371626923191855,1,1
mc6n,3909,-382.576639694289,-394.0278,11.451160305711028,1,5
mc6n,3910,-389.77871189911707,-396.9939,7.215188100882926,1,4
mc6n,3911,-381.0322955411109,-381.6543,0.6220044588890801,1,8
mc6n,3912,-379.82942350464026,-390.6504,10.82097649535973,1,0
mc6n,3913,-384.79417971311057,-397.3065,12.512320286889462,1,8
mc6n,3914,-383.1398870227064,-393.2695,10.129612977293618,1,3
mc6n,3915,-384.6053224209979,-402.9845,18.379177579002146,1,4
mc6n,3916,-382.4625207257617,-387.6174,5.154879274238283,1,9
mc6n,3917,-381.47825372047726,-377.1204,-4.357853720477237,1,8
mc6n,3918,-381.64905001972465,-395.4098,13.760749980275364,1,3
mc6n,3919,-385.4243177250059,-377.3567,-8.067617725005903,1,3
mc6n,3920,-384.3437699777971,-394.0085,9.664730022202946,1,3
mc6n,3921,-384.7549352376827,-388.7865,4.031564762317316,1,1
mc6n,3922,-381.18724031037914,-410.0487,28.861459689620858,1,6
mc6n,3923,-383.9272382525003,-393.5995,9.672261747499704,1,9
mc6n,3924,-378.9563023256986,-393.6083,14.651997674301413,1,1
mc6n,3925,-380.68115663292525,-392.6304,11.949243367074757,1,3
mc6n,3926,-378.6850184574597,-365.1613,-13.523718457459722,1,9
mc6n,3927,-381.42547510939096,-399.1014,17.675924890609053,1,5
mc6n,3928,-380.6725170752973,-362.2895,-18.383017075297346,1,2
mc6n,3929,-383.73687932885787,-395.905,12.168120671142105,1,2
mc6n,3930,-381.3601626135665,-368.4407,-12.919462613566509,1,1
mc6n,3931,-380.08964186156436,-394.2388,14.149158138435666,1,9
mc6n,3932,-388.2696658109067,-395.2016,6.931934189093283,1,0
mc6n,3933,-380.3481245257785,-385.605,5.256875474221545,1,3
mc6n,3934,-379.069998980039,-364.525,-14.544998980038997,1,0
mc6n,3935,-385.36530166442265,-387.1392,1.7738983355773712,1,2
mc6n,3936,-384.27925065464257,-385.776,1.4967493453574434,1,3
mc6n,3937,-385.68045412917377,-385.5617,-0.11875412917379435,1,2
mc6n,3938,-380.7731426963129,-380.7655,-0.00764269631292791,1,0
mc6n,3939,-381.3621574678766,-389.7439,8.381742532123383,1,7
mc6n,3940,-380.3077473947938,-367.6809,-12.6268473947938,1,0
mc6n,3941,-383.0353890374836,-380.9806,-2.0547890374836015,1,0
mc6n,3942,-381.9867100132613,-382.7787,0.791989986738713,1,5
mc6n,3943,-388.1844750533563,-401.3451,13.16062494664368,1,8
mc6n,3944,-380.23596464329887,-386.7419,6.505935356701116,1,8
mc6n,3945,-382.1321323181092,-378.83,-3.3021323181092157,1,5
mc6n,3946,-381.99064826603507,-402.9915,21.000851733964907,1,2
mc6n,3947,-387.5955167576661,-380.0115,-7.584016757666063,1,0
mc6n,3948,-380.1907249373833,-367.3807,-12.810024937383332,1,9
mc6n,3949,-379.66234708471313,-394.7267,15.064352915286861,1,7
mc6n,3950,-381.05587673942364,-379.2603,-1.795576739423666,1,5
mc6n,3951,-386.2839355163821,-385.2949,-0.9890355163821027,1,4
mc6n,3952,-385.1524766279301,-393.8921,8.7396233720699,1,8
mc6n,3953,-382.2170174783825,-376.3659,-5.851117478382491,1,7
mc6n,3954,-382.0878351322337,-408.8254,26.73756486776631,1,7
mc6n,3955,-379.81815530759883,-380.3153,0.4971446924011502,1,9
mc6n,3956,-381.61066648804336,-403.553,21.942333511956633,1,9
mc6n,3957,-381.42039039584375,-399.0736,17.653209604156245,1,7
mc6n,3958,-382.07882848128554,-401.2209,19.14207151871443,1,7
mc6n,3959,-380.4290544904018,-368.063,-12.366054490401837,1,4
mc6n,3960,-380.69772540695396,-381.9522,1.2544745930460408,1,3
mc6n,3961,-385.4069971939573,-399.0037,13.596702806042686,1,6
mc6n,3962,-383.3588999355021,-371.0542,-12.304699935502128,1,5
mc6n,3963,-383.1919734903057,-392.9658,9.773826509694288,1,9
mc6n,3964,-385.814887479116,-388.583,2.768112520884017,1,0
mc6n,3965,-385.01507327317745,-389.4026,4.387526726822557,1,7
mc6n,3966,-385.2939838979141,-384.0798,-1.214183897914097,1,6
mc6n,3967,-383.08508469186984,-404.3197,21.234615308130174,1,2
mc6n,3968,-381.0825465419667,-389.3708,8.288253458033296,1,4
mc6n,3969,-379.8960142383714,-387.4518,7.555785761628613,1,4
mc6n,3970,-385.94037755637794,-383.4747,-2.4656775563779547,1,0
mc6n,3971,-379.68819171148664,-382.3086,2.6204082885133744,1,4
mc6n,3972,-379.850278172016,-366.3125,-13.537778172015976,1,9
mc6n,3973,-381.9804625237105,-406.4627,24.48223747628947,1,9
mc6n,3974,-384.5869558307128,-393.7217,9.134744169287217,1,8
mc6n,3975,-381.6398074249435,-374.3548,-7.285007424943501,1,5
mc6n,3976,-382.54432543934837,-393.9087,11.36437456065164,1,0
mc6n,3977,-383.2156613653317,-395.8194,12.603738634668275,1,0
mc6n,3978,-382.28435055644036,-385.9003,3.615949443559657,1,6
mc6n,3979,-380.7650697802151,-395.1326,14.367530219784953,1,5
mc6n,3980,-381.06652370157167,-383.6813,2.614776298428353,1,3
mc6n,3981,-380.0525560205367,-393.8797,13.827143979463301,1,5
mc6n,3982,-380.0901620672748,-389.3899,9.299737932725236,1,8
mc6n,3983,-382.18312503578835,-391.7652,9.582074964211643,1,3
mc6n,3984,-382.0579010226636,-396.645,14.587098977336382,1,8
mc6n,3985,-379.8043074169769,-383.6996,3.8952925830230924,1,7
mc6n,3986,-381.9337274614416,-390.9424,9.008672538558415,1,7
mc6n,3987,-390.9726381530366,-392.7486,1.775961846963412,1,1
mc6n,3988,-387.149530968009,-386.9794,-0.17013096800900485,1,4
mc6n,3989,-386.2964317504904,-384.9159,-1.380531750490377,1,3
mc6n,3990,-381.18326691698894,-394.5306,13.347333083011051,1,1
mc6n,3991,-390.50963366458785,-397.4403,6.930666335412127,1,1
mc6n,3992,-382.3665399337268,-387.3835,5.016960066273214,1,1
mc6n,3993,-382.89296309273016,-408.8153,25.922336907269823,1,2
mc6n,3994,-382.8065442981129,-400.3493,17.54275570188713,1,4
mc6n,3995,-382.3436816269939,-394.592,12.2483183730061,1,6
mc6n,3996,-380.86818034080443,-401.9967,21.128519659195547,1,1
mc6n,3997,-381.47726727477374,-406.1957,24.71843272522625,1,1
mc6n,3998,-381.23468508651456,-397.666,16.431314913485437,1,5
mc6n,3999,-383.35078623111485,-394.7151,11.364313768885154,1,2
mc6n,4000,-384.56337777005956,-403.2192,18.65582222994044,1,8
mc6n,4001,-380.3553132802199,-378.3873,-1.9680132802199068,1,7
mc6n,4002,-387.48537745756255,-387.2948,-0.19057745756254008,1,1
mc6n,4003,-382.84230358290415,-410.9187,28.07639641709585,1,3
mc6n,4004,-387.1685062428349,-393.6549,6.486393757165104,1,1
mc6n,4005,-384.6531248777604,-372.172,-12.481124877760351,1,7
mc6n,4006,-380.23351233432805,-377.6501,-2.5834123343280453,1,5
mc6n,4007,-380.7414503037691,-383.7488,3.0073496962309036,1,0
mc6n,4008,-380.84689771171156,-383.1085,2.2616022882884295,1,0
mc6n,4009,-381.7721756393428,-391.2154,9.443224360657211,1,2
mc6n,4010,-380.7887118469248,-386.0781,5.289388153075208,1,1
mc6n,4011,-385.9994582503784,-383.3466,-2.652858250378358,1,5
mc6n,4012,-378.9882996880162,-372.3184,-6.669899688016187,1,6
mc6n,4013,-388.8936830902149,-392.5688,3.6751169097851175,1,5
mc6n,4014,-381.0481414237025,-395.4879,14.43975857629755,1,7
mc6n,4015,-378.3215502327727,-355.2855,-23.03605023277271,1,3
mc6n,4016,-380.90390636763203,-384.0478,3.1438936323679627,1,8
mc6n,4017,-387.5855004431046,-391.3607,3.7751995568954158,1,6
mc6n,4018,-384.7593911861534,-377.298,-7.461391186153378,1,2
mc6n,4019,-383.70045362850294,-399.1855,15.485046371497049,1,0
mc6n,4020,-383.54919736295875,-391.7002,8.151002637041245,1,6
mc6n,4021,-383.3832172029653,-376.3919,-6.991317202965263,1,4
mc6n,4022,-382.1594446909454,-392.8154,10.655955309054605,1,3
mc6n,4023,-384.03674690515993,-414.8311,30.794353094840062,1,2
mc6n,4024,-382.1052817927425,-403.2265,21.12121820725747,1,4
mc6n,4025,-386.81020242547834,-386.5824,-0.2278024254783304,1,8
mc6n,4026,-380.3505448317924,-399.3164,18.96585516820761,1,6
mc6n,4027,-382.7689570766184,-408.9644,26.19544292338162,1,1
mc6n,4028,-384.04015365687735,-389.0199,4.979746343122656,1,1
mc6n,4029,-382.0427868168416,-389.3455,7.302713183158403,1,6
mc6n,4030,-382.93255897375144,-393.2495,10.316941026248571,1,7
mc6n,4031,-388.6867635502302,-401.5993,12.912536449769846,1,1
mc6n,4032,-381.8728163207245,-371.1228,-10.750016320724512,1,8
mc6n,4033,-386.2630406883631,-401.2929,15.02985931163687,1,9
mc6n,4034,-382.15412968123815,-409.0779,26.923770318761854,1,4
mc6n,4035,-388.4062377148562,-397.2743,8.868062285143765,1,4
mc6n,4036,-381.2056596113748,-389.4735,8.267840388625189,1,1
mc6n,4037,-388.14835934280205,-401.46,13.311640657197927,1,2
mc6n,4038,-380.8885254700269,-371.7975,-9.091025470026864,1,9
mc6n,4039,-385.8269212383941,-398.4351,12.60817876160587,1,3
mc6n,4040,-383.0551449347695,-398.7256,15.670455065230499,1,5
mc6n,4041,-382.4864012463179,-390.3832,7.896798753682106,1,1
mc6n,4042,-384.08703618400625,-376.4093,-7.677736184006278,1,2
mc6n,4043,-388.0440119599561,-393.0188,4.974788040043904,1,9
mc6n,4044,-380.92822238023115,-370.1365,-10.791722380231136,1,5
mc6n,4045,-382.69786019357673,-375.3774,-7.320460193576707,1,1
mc6n,4046,-381.95232497524745,-388.6738,6.7214750247525785,1,6
mc6n,4047,-381.24457527161576,-375.9089,-5.335675271615742,1,5
mc6n,4048,-385.9484040367988,-399.7738,13.825395963201174,1,8
mc6n,4049,-381.9352046199121,-385.0105,3.07529538008788,1,5
mc6n,4050,-386.1935226204783,-394.678,8.484477379521707,1,1
mc6n,4051,-386.5544161717545,-402.0948,15.540383828245524,1,8
mc6n,4052,-380.79078953253503,-408.9427,28.151910467464972,1,6
mc6n,4053,-384.20570648265704,-380.3691,-3.8366064826570323,1,7
mc6n,4054,-385.2465077463251,-403.156,17.909492253674898,1,9
mc6n,4055,-382.0060316736537,-404.5938,22.587768326346293,1,1
mc6n,4056,-380.50614911394456,-383.0181,2.5119508860554447,1,0
mc6n,4057,-379.9756760054273,-400.7342,20.75852399457267,1,5
mc6n,4058,-379.2806158089375,-357.5866,-21.694015808937536,1,7
mc6n,4059,-382.70165788417023,-382.8722,0.1705421158297895,1,6
mc6n,4060,-381.6050772565125,-393.6003,11.995222743487489,1,3
mc6n,4061,-382.22185997306303,-387.6928,5.470940026936944,1,5
mc6n,4062,-379.61938837763796,-387.0401,7.420711622362035,1,1
mc6n,4063,-378.2354891187825,-358.6353,-19.60018911878251,1,6
mc6n,4064,-384.2231914212991,-381.2897,-2.9334914212990952,1,0
mc6n,4065,-390.587597389421,-392.0999,1.5123026105790132,1,1
mc6n,4066,-387.0357232442891,-392.4487,5.412976755710872,1,3
mc6n,4067,-384.7785860895822,-407.9109,23.13231391041785,1,8
mc6n,4068,-380.783419427624,-376.8762,-3.9072194276239998,1,3
mc6n,4069,-383.5694590333777,-391.4082,7.838740966622311,1,6
mc6n,4070,-379.180551181779,-377.2172,-1.9633511817789895,1,9
mc6n,4071,-386.07324150371375,-383.5222,-2.5510415037137477,1,0
mc6n,4072,-382.4122295642626,-392.5911,10.178870435737394,1,2
mc6n,4073,-381.8972841907071,-386.7878,4.890515809292879,1,0
mc6n,4074,-381.018960326159,-388.692,7.673039673841004,1,8
mc6n,4075,-383.05638928720913,-384.1983,1.1419107127908887,1,2
mc6n,4076,-386.3062441243184,-394.6399,8.333655875681586,1,3
mc6n,4077,-381.0839760097535,-384.2565,3.172523990246532,1,1
mc6n,4078,-384.33887602741265,-386.6838,2.3449239725873667,1,3
mc6n,4079,-379.8355963205774,-374.9921,-4.843496320577401,1,8
mc6n,4080,-388.3767077217328,-397.0458,8.669092278267158,1,7
mc6n,4081,-382.3608352402929,-418.3021,35.94126475970711,1,0
mc6n,4082,-383.14021960305615,-400.2108,17.070580396943853,1,2
mc6n,4083,-385.9145937980015,-393.2164,7.301806201998545,1,6
mc6n,4084,-384.42865827558717,-397.9028,13.474141724412846,1,8
mc6n,4085,-382.6610228465921,-397.5069,14.845877153407855,1,4
mc6n,4086,-382.1463579698938,-404.1439,21.99754203010616,1,0
mc6n,4087,-383.8793272365144,-417.156,33.27667276348558,1,3
mc6n,4088,-386.57046913245364,-386.5795,0.009030867546357513,1,7
mc6n,4089,-381.9082323576087,-385.8264,3.9181676423912677,1,8
mc6n,4090,-381.88243855903573,-376.2116,-5.670838559035758,1,6
mc6n,4091,-383.99554020588215,-396.5105,12.514959794117829,1,2
mc6n,4092,-384.1031192652949,-384.6472,0.5440807347051191,1,0
mc6n,4093,-382.25841243052423,-383.5794,1.3209875694757898,1,6
mc6n,4094,-386.76098869866934,-392.252,5.491011301330673,1,4
mc6n,4095,-378.8864830530602,-370.6222,-8.264283053060183,1,8
mc6n,4096,-381.9918292397789,-369.8455,-12.14632923977888,1,8
mc6n,4097,-381.1728571536807,-378.8024,-2.370457153680718,1,0
mc6n,4098,-381.48171883072087,-385.2005,3.7187811692791115,1,2
mc6n,4099,-381.78877265145087,-381.5624,-0.22637265145084484,1,2
mc6n,4100,-388.73196686066524,-404.5939,15.86193313933478,1,2
mc6n,4101,-380.76575941368856,-383.6182,2.8524405863114453,1,3
mc6n,4102,-384.729800324633,-382.8818,-1.8480003246330057,1,9
mc6n,4103,-386.505879528209,-392.6029,6.097020471790984,1,4
mc6n,4104,-382.7431582580185,-387.7018,4.958641741981467,1,7
mc6n,4105,-380.0196230407161,-403.0365,23.016876959283877,1,6
mc6n,4106,-381.737408447928,-382.8394,1.101991552072036,1,0
mc6n,4107,-383.058365316133,-376.7957,-6.2626653161329955,1,3
mc6n,4108,-380.7602517584511,-364.5585,-16.20175175845111,1,8
mc6n,4109,-382.8843825209891,-395.5295,12.645117479010878,1,5
mc6n,4110,-384.2659493251577,-383.4417,-0.8242493251576661,1,3
mc6n,4111,-384.2923800463509,-395.4023,11.109919953649126,1,2
mc6n,4112,-385.50627053095593,-380.2697,-5.23657053095593,1,2
mc6n,4113,-379.84888572735565,-380.4586,0.6097142726443394,1,1
mc6n,4114,-386.5810978968614,-382.7478,-3.8332978968614384,1,2
mc6n,4115,-389.6237633648287,-392.8067,3.182936635171302,1,2
mc6n,4116,-388.69512763102784,-395.3495,6.654372368972133,1,1
mc6n,4117,-379.48038675498145,-366.3492,-13.131186754981456,1,9
mc6n,4118,-383.26736630674816,-400.8696,17.602233693251833,1,7
mc6n,4119,-384.69863692298935,-387.6759,2.9772630770106616,1,4
mc6n,4120,-379.2971638750698,-359.3049,-19.992263875069852,1,5
mc6n,4121,-382.66437186742934,-414.9196,32.255228132570664,1,7
mc6n,4122,-387.499586166471,-403.8168,16.317213833529024,1,5
mc6n,4123,-379.25448378248444,-386.1459,6.891416217515541,1,6
mc6n,4124,-382.4747057149199,-387.4041,4.92939428508015,1,7
mc6n,4125,-380.3886008032934,-370.8956,-9.493000803293398,1,7
mc6n,4126,-381.1270401385352,-373.1392,-7.987840138535205,1,4
mc6n,4127,-379.08728499797456,-387.1627,8.075415002025409,1,0
mc6n,4128,-390.0291272947636,-414.7074,24.678272705236395,1,4
mc6n,4129,-384.4274785568501,-383.8317,-0.595778556850064,1,5
mc6n,4130,-385.6343836001011,-397.9852,12.350816399898918,1,9
mc6n,4131,-379.19293885666394,-365.8888,-13.30413885666394,1,3
mc6n,4132,-385.0629937018564,-392.6471,7.584106298143638,1,6
mc6n,4133,-380.69106752592285,-384.5809,3.8898324740771386,1,0
mc6n,4134,-383.3810504108786,-372.038,-11.343050410878561,1,7
mc6n,4135,-384.44532619628876,-392.9917,8.54637380371122,1,7
mc6n,4136,-378.1966318170678,-358.1995,-19.997131817067782,1,0
mc6n,4137,-384.4371026776714,-400.3177,15.880597322328583,1,4
mc6n,4138,-384.569805982434,-376.1939,-8.375905982434006,1,9
mc6n,4139,-386.4840559855093,-375.9141,-10.569955985509296,1,0
mc6n,4140,-389.06954402275915,-385.0185,-4.051044022759129,1,7
mc6n,4141,-379.9337445322023,-405.6659,25.732155467797725,1,7
mc6n,4142,-386.6254057504368,-401.2623,14.63689424956317,1,6
mc6n,4143,-382.33390815865977,-377.0613,-5.27260815865975,1,3
mc6n,4144,-381.0191805821226,-376.2636,-4.7555805821226045,1,4
mc6n,4145,-381.8132750344039,-407.0934,25.280124965596087,1,0
mc6n,4146,-387.3624758589282,-391.8841,4.521624141071811,1,4
mc6n,4147,-386.9389191591374,-400.0257,13.08678084086256,1,6
mc6n,4148,-385.1633137255949,-398.9832,13.819886274405121,1,5
mc6n,4149,-381.53427342068073,-390.1517,8.617426579319272,1,2
mc6n,4150,-379.3196789338957,-394.414,15.094321066104271,1,1
mc6n,4151,-380.1304645246458,-408.6852,28.55473547535422,1,7
mc6n,4152,-382.83672690158323,-395.0116,12.174873098416754,1,6
mc6n,4153,-382.2134751845117,-373.2003,-9.013175184511681,1,1
mc6n,4154,-383.05626880527916,-405.8346,22.778331194720863,1,4
mc6n,4155,-380.3805624001659,-384.3578,3.9772375998340976,1,4
mc6n,4156,-385.893131700949,-381.8913,-4.001831700949026,1,9
mc6n,4157,-384.201372271123,-379.9639,-4.237472271122954,1,6
mc6n,4158,-381.51284332672793,-384.246,2.733156673272049,1,6
mc6n,4159,-378.88462625091694,-370.2521,-8.632526250916953,1,1
mc6n,4160,-381.9377836859892,-429.1399,47.20211631401082,1,5
mc6n,4161,-381.6951330991499,-404.6785,22.983366900850058,1,3
mc6n,4162,-385.74910372327156,-392.7755,7.0263962767284625,1,6
mc6n,4163,-388.50911923429226,-402.1472,13.638080765707741,1,6
mc6n,4164,-380.9485493115707,-390.3476,9.399050688429327,1,5
mc6n,4165,-380.83577070435376,-388.5263,7.690529295646229,1,6
mc6n,4166,-381.1641448048065,-386.4244,5.260255195193508,1,4
mc6n,4167,-384.6095857239384,-395.286,10.676414276061621,1,2
mc6n,4168,-380.9156031540368,-378.7529,-2.1627031540367625,1,1
mc6n,4169,-385.4735157639455,-375.4285,-10.045015763945514,1,0
mc6n,4170,-388.37634251092277,-398.5531,10.176757489077204,1,9
mc6n,4171,-378.9657632939332,-369.487,-9.478763293933184,1,4
mc6n,4172,-379.4996839424573,-384.977,5.47731605754268,1,4
mc6n,4173,-382.4875734350146,-411.0068,28.519226564985388,1,7
mc6n,4174,-381.9443951313433,-394.916,12.971604868656698,1,6
mc6n,4175,-382.11150229936334,-370.0666,-12.044902299363343,1,8
mc6n,4176,-381.22325373674363,-388.5484,7.325146263256386,1,0
mc6n,4177,-378.7481459634573,-370.0703,-8.677845963457344,1,4
mc6n,4178,-382.6537920488546,-364.7872,-17.866592048854613,1,5
mc6n,4179,-380.25821112783143,-386.8058,6.5475888721685465,1,0
mc6n,4180,-383.3622000105062,-381.2443,-2.1179000105062187,1,5
mc6n,4181,-382.15737641802826,-391.4192,9.261823581971726,1,0
mc6n,4182,-380.9655554601524,-379.2218,-1.7437554601524425,1,7
mc6n,4183,-379.4750962181907,-375.411,-4.064096218190684,1,9
mc6n,4184,-381.58150860840976,-396.3367,14.755191391590245,1,2
mc6n,4185,-385.88633765026117,-381.0187,-4.867637650261145,1,4
mc6n,4186,-386.7370560947632,-395.3637,8.62664390523679,1,9
mc6n,4187,-381.8402397665242,-397.7785,15.93826023347583,1,9
mc6n,4188,-382.5015217273162,-390.6542,8.15267827268383,1,3
mc6n,4189,-382.82886922142205,-380.7006,-2.1282692214220447,1,6
mc6n,4190,-386.18334378083347,-405.1514,18.968056219166556,1,8
mc6n,4191,-380.0118588595549,-375.3847,-4.627158859554868,1,8
mc6n,4192,-385.4215234228495,-405.022,19.600476577150516,1,3
mc6n,4193,-390.46352109221914,-396.6699,6.206378907780845,1,5
mc6n,4194,-380.79792683127255,-404.5034,23.70547316872745,1,5
mc6n,4195,-381.7997986296257,-385.2859,3.4861013703743424,1,6
mc6n,4196,-379.45334797660814,-390.5691,11.115752023391849,1,5
mc6n,4197,-385.12949909427397,-403.032,17.902500905726015,1,4
mc6n,4198,-389.7837451568177,-393.2675,3.4837548431822825,1,3
mc6n,4199,-386.046241630977,-418.6435,32.597258369022995,1,1
mc6n,4200,-382.18840929754543,-394.6452,12.456790702454555,1,2
mc6n,4201,-382.23678153335476,-377.952,-4.28478153335476,1,4
mc6n,4202,-382.1156444928705,-369.892,-12.223644492870505,1,3
mc6n,4203,-388.9227443333317,-411.4591,22.53635566666827,1,5
mc6n,4204,-380.5224580988698,-380.0013,-0.5211580988697619,1,3
mc6n,4205,-384.9038766186342,-394.4963,9.592423381365847,1,3
mc6n,4206,-386.15392360194016,-396.9691,10.815176398059862,1,7
mc6n,4207,-389.1924230309871,-399.6141,10.421676969012935,1,8
mc6n,4208,-386.02620209903176,-381.5456,-4.480602099031785,1,0
mc6n,4209,-381.8642432791665,-383.6379,1.7736567208335146,1,4
mc6n,4210,-388.8461197148023,-389.4409,0.5947802851977144,1,0
mc6n,4211,-384.48315187148705,-378.6765,-5.806651871487077,1,0
mc6n,4212,-381.96074678692526,-398.3278,16.36705321307477,1,5
mc6n,4213,-383.31009973783284,-399.4693,16.159200262167133,1,9
mc6n,4214,-383.094548797764,-388.6438,5.549251202236007,1,0
mc6n,4215,-383.9712838069587,-392.4877,8.516416193041323,1,0
mc6n,4216,-383.13974395051264,-404.6567,21.516956049487362,1,9
mc6n,4217,-378.87374522758864,-370.2995,-8.57424522758862,1,7
mc6n,4218,-381.6148620199072,-384.3933,2.7784379800928036,1,2
mc6n,4219,-384.92258645682625,-393.5599,8.637313543173775,1,6
mc6n,4220,-380.71209224842227,-395.6202,14.908107751577745,1,8
mc6n,4221,-381.2635128958118,-387.1505,5.886987104188222,1,5
mc6n,4222,-378.25698133628174,-377.0057,-1.2512813362817496,1,5
mc6n,4223,-385.3940020893956,-383.1392,-2.2548020893955822,1,4
mc6n,4224,-389.2604802554888,-392.0675,2.8070197445111944,1,4
mc6n,4225,-383.75233364521273,-392.0154,8.26306635478727,1,5
mc6n,4226,-387.4962773061344,-403.6948,16.198522693865584,1,4
mc6n,4227,-385.9080482412139,-379.9669,-5.941148241213909,1,4
mc6n,4228,-382.7036351681008,-399.3621,16.65846483189921,1,3
mc6n,4229,-378.97614795696427,-368.3185,-10.657647956964297,1,4
mc6n,4230,-390.8656282451674,-403.408,12.54237175483263,1,1
mc6n,4231,-385.309170267479,-386.6203,1.3111297325210103,1,7
mc6n,4232,-381.5505089869989,-396.8169,15.266391013001055,1,0
mc6n,4233,-379.36899368974514,-376.4091,-2.9598936897451154,1,2
mc6n,4234,-383.5518774582189,-383.0533,-0.49857745821890376,1,5
mc6n,4235,-386.9872079361433,-413.0779,26.090692063856693,1,6
mc6n,4236,-379.23899934568277,-372.1263,-7.112699345682756,1,1
mc6n,4237,-388.0574845995714,-409.0363,20.978815400428573,1,6
mc6n,4238,-383.143291264553,-390.6781,7.534808735446973,1,2
mc6n,4239,-378.0088594896855,-367.0264,-10.982459489685482,1,4
mc6n,4240,-382.8359807922363,-365.8303,-17.005680792236262,1,6
mc6n,4241,-381.8284808567157,-413.2838,31.45531914328427,1,3
mc6n,4242,-381.3014885460262,-364.7323,-16.56918854602617,1,7
mc6n,4243,-378.28966958722225,-372.0785,-6.21116958722223,1,6
mc6n,4244,-382.6111935325626,-403.1164,20.505206467437404,1,0
mc6n,4245,-380.4135487183431,-387.233,6.819451281656882,1,8
mc6n,4246,-380.0960123430586,-393.485,13.388987656941424,1,5
mc6n,4247,-379.044507013723,-382.293,3.2484929862770286,1,6
mc6n,4248,-378.9619342278862,-365.7965,-13.165434227886237,1,7
mc6n,4249,-384.37798747055797,-408.0723,23.694312529442016,1,0
mc6n,4250,-381.6969553881802,-390.9097,9.2127446118198,1,5
mc6n,4251,-381.02545066207983,-398.0527,17.027249337920182,1,7
mc6n,4252,-379.84765329776525,-376.6188,-3.2288532977652267,1,3
mc6n,4253,-384.1274390429142,-397.0869,12.95946095708581,1,4
mc6n,4254,-385.321916250637,-377.1088,-8.213116250637029,1,9
mc6n,4255,-378.8429363690552,-374.0371,-4.805836369055214,1,4
mc6n,4256,-380.32623321185946,-391.4034,11.077166788140516,1,9
mc6n,4257,-381.15285213484844,-379.2594,-1.8934521348484168,1,7
mc6n,4258,-378.8536197268264,-367.1032,-11.750419726826408,1,4
mc6n,4259,-381.70581143689424,-383.1937,1.4878885631057415,1,0
mc6n,4260,-385.68193317029704,-386.2932,0.61126682970297,1,8
mc6n,4261,-380.4443443990205,-378.571,-1.8733443990204819,1,8
mc6n,4262,-380.2910449611218,-370.1293,-10.161744961121826,1,5
mc6n,4263,-382.6465430533769,-380.351,-2.295543053376889,1,4
mc6n,4264,-383.8047934811659,-373.8569,-9.94789348116592,1,6
mc6n,4265,-382.5435134414348,-367.7272,-14.81631344143483,1,1
mc6n,4266,-392.1750251242705,-410.0682,17.89317487572947,1,2
mc6n,4267,-381.1424298213302,-385.4086,4.266170178669768,1,4
mc6n,4268,-378.0809252481938,-360.4038,-17.677125248193818,1,9
mc6n,4269,-388.74769100617743,-410.6841,21.936408993822567,1,1
mc6n,4270,-383.99625180225877,-414.1779,30.181648197741254,1,1
mc6n,4271,-379.13075010568616,-362.363,-16.76775010568616,1,4
mc6n,4272,-379.69367865897044,-403.3194,23.625721341029532,1,3
mc6n,4273,-380.93745681732594,-386.4131,5.475643182674048,1,6
mc6n,4274,-381.4529813827641,-413.0356,31.58261861723588,1,8
mc6n,4275,-382.34406942806777,-398.6151,16.271030571932215,1,0
mc6n,4276,-387.38205103339044,-382.3277,-5.0543510333904464,1,6
mc6n,4277,-379.3866254657438,-376.2726,-3.1140254657437936,1,9
mc6n,4278,-382.6336809808124,-413.702,31.068319019187584,1,1
mc6n,4279,-379.76858641017617,-355.1892,-24.57938641017614,1,9
mc6n,4280,-380.0959389244516,-376.0559,-4.040038924451608,1,3
mc6n,4281,-378.7303849204815,-374.0765,-4.6538849204815165,1,6
mc6n,4282,-383.5669439733571,-390.6023,7.035356026642887,1,9
mc6n,4283,-382.0459005214919,-390.1848,8.138899478508108,1,4
mc6n,4284,-377.93316923350966,-361.2789,-16.654269233509638,1,6
mc6n,4285,-382.01669495103187,-383.3187,1.3020050489681125,1,7
mc6n,4286,-381.37169122735753,-390.3182,8.94650877264246,1,5
mc6n,4287,-379.85116547118923,-401.3243,21.47313452881076,1,3
mc6n,4288,-381.5748068015725,-405.1139,23.53909319842751,1,0
mc6n,4289,-385.305463565872,-400.1365,14.83103643412801,1,9
mc6n,4290,-383.9515002990967,-388.9562,5.004699700903302,1,0
mc6n,4291,-382.7042827584209,-374.6633,-8.04098275842091,1,4
mc6n,4292,-380.852552831809,-397.7937,16.94114716819098,1,0
mc6n,4293,-378.250782164918,-361.1908,-17.059982164917983,1,3
mc6n,4294,-383.53673062179394,-380.3403,-3.1964306217939225,1,4
mc6n,4295,-386.45232719734236,-388.9111,2.45877280265762,1,5
mc6n,4296,-378.83124397517406,-360.9489,-17.88234397517408,1,6
mc6n,4297,-378.6481497348788,-368.5031,-10.145049734878796,1,6
mc6n,4298,-384.04541721073804,-375.2106,-8.834817210738038,1,5
mc6n,4299,-382.89330947829666,-392.9064,10.013090521703361,1,7
mc6n,4300,-387.10443433428725,-399.1156,12.011165665712724,1,4
mc6n,4301,-383.6322577241883,-401.4549,17.82264227581169,1,6
mc6n,4302,-385.60746593116113,-397.6716,12.064134068838882,1,2
mc6n,4303,-380.2356515158387,-401.6255,21.38984848416129,1,4
mc6n,4304,-384.7129705063513,-382.6299,-2.083070506351305,1,6
mc6n,4305,-383.689081892265,-369.9239,-13.765181892264991,1,1
mc6n,4306,-382.44357117871635,-387.1927,4.749128821283648,1,5
mc6n,4307,-385.0646214628464,-373.1525,-11.912121462846414,1,9
mc6n,4308,-384.51011095621976,-410.5705,26.06038904378022,1,0
mc6n,4309,-379.4586918517555,-374.1481,-5.3105918517554755,1,1
mc6n,4310,-382.4787588019507,-374.3908,-8.087958801950663,1,9
mc6n,4311,-382.9684142676988,-381.9556,-1.0128142676987864,1,8
mc6n,4312,-381.0834520388802,-372.244,-8.839452038880154,1,1
mc6n,4313,-381.23300147715446,-405.2031,23.970098522845547,1,5
mc6n,4314,-380.8254230644492,-376.7462,-4.079223064449195,1,0
mc6n,4315,-380.33527123840383,-384.4926,4.157328761596148,1,2
mc6n,4316,-389.77894345028386,-384.1959,-5.583043450283867,1,2
mc6n,4317,-383.6259870167277,-402.5032,18.877212983272273,1,6
mc6n,4318,-380.1897918300364,-386.888,6.69820816996355,1,7
mc6n,4319,-383.70744534489063,-376.9436,-6.763845344890626,1,1
mc6n,4320,-380.3770746995158,-384.0924,3.71532530048421,1,3
mc6n,4321,-377.4031943677997,-370.3627,-7.040494367799681,1,5
mc6n,4322,-381.19439329684343,-387.4795,6.2851067031565435,1,9
mc6n,4323,-387.2610514175696,-383.63,-3.6310514175696085,1,3
mc6n,4324,-385.49454111409096,-385.4602,-0.03434111409097795,1,4
mc6n,4325,-380.3400428244908,-373.6318,-6.70824282449081,1,8
mc6n,4326,-383.78250307096977,-381.8641,-1.9184030709697595,1,9
mc6n,4327,-384.035193190423,-385.3568,1.3216068095770197,1,3
mc6n,4328,-385.5470009500441,-382.1748,-3.372200950044089,1,6
mc6n,4329,-381.2271442988337,-372.3303,-8.896844298833685,1,0
mc6n,4330,-385.1317104395275,-379.5732,-5.558510439527538,1,6
mc6n,4331,-385.69746969044866,-387.7038,2.0063303095513447,1,7
mc6n,4332,-381.93653180365186,-385.3665,3.4299681963481135,1,1
mc6n,4333,-382.42866467864803,-399.9058,17.477135321351966,1,3
mc6n,4334,-383.0184399924214,-395.515,12.49656000757858,1,0
mc6n,4335,-388.0662791522424,-405.685,17.61872084775763,1,5
mc6n,4336,-381.8147452903374,-397.4572,15.642454709662616,1,3
mc6n,4337,-384.5139908504673,-402.4757,17.961709149532737,1,7
mc6n,4338,-379.2200046179672,-372.057,-7.163004617967204,1,1
mc6n,4339,-379.61905014975787,-393.4248,13.805749850242137,1,1
mc6n,4340,-382.7644904604478,-372.6708,-10.093690460447817,1,4
mc6n,4341,-380.56771161000194,-369.1494,-11.418311610001922,1,1
mc6n,4342,-378.4695440736573,-362.1381,-16.33144407365728,1,7
mc6n,4343,-383.114569504323,-403.9511,20.836530495676982,1,4
mc6n,4344,-384.3607955791257,-390.8662,6.505404420874299,1,6
mc6n,4345,-383.919601455806,-405.1513,21.23169854419399,1,4
mc6n,4346,-385.5219934214614,-388.9186,3.3966065785386377,1,8
mc6n,4347,-383.462054421755,-394.1843,10.722245578245008,1,9
mc6n,4348,-380.27198873736324,-384.8769,4.604911262636733,1,1
mc6n,4349,-384.3572639528121,-395.717,11.35973604718788,1,7
mc6n,4350,-379.04038364560205,-382.4242,3.3838163543979363,1,0
mc6n,4351,-379.31057564628816,-358.5177,-20.792875646288167,1,9
mc6n,4352,-379.9078735498595,-401.0646,21.156726450140468,1,5
mc6n,4353,-386.42993262044644,-383.729,-2.7009326204464514,1,0
mc6n,4354,-381.90818654943513,-386.302,4.393813450564892,1,1
mc6n,4355,-382.04179409610447,-380.1133,-1.9284940961044867,1,1
mc6n,4356,-381.10381662099223,-413.2187,32.11488337900778,1,3
mc6n,4357,-383.1271717876412,-390.6926,7.565428212358825,1,5
mc6n,4358,-378.9642735851101,-379.0172,0.05292641488989602,1,3
mc6n,4359,-379.58766711951137,-377.9523,-1.6353671195113861,1,8
mc6n,4360,-379.58798840465795,-393.8355,14.247511595342075,1,6
mc6n,4361,-384.98470241670043,-395.3567,10.37199758329956,1,2
mc6n,4362,-378.80258810351063,-379.985,1.1824118964893842,1,5
mc6n,4363,-382.9535742837004,-396.1233,13.169725716299581,1,7
mc6n,4364,-388.4451659251645,-389.4883,1.043134074835507,1,5
mc6n,4365,-383.5446303452512,-413.9483,30.403669654748796,1,3
mc6n,4366,-379.62496882397903,-382.354,2.7290311760209534,1,4
mc6n,4367,-379.09740359672577,-362.4908,-16.60660359672579,1,4
mc6n,4368,-385.4979371981085,-384.0384,-1.4595371981084782,1,0
mc6n,4369,-382.6863246772487,-406.1314,23.44507532275128,1,7
mc6n,4370,-383.92473448754026,-375.917,-8.00773448754029,1,7
mc6n,4371,-382.0558634976967,-392.2906,10.234736502303292,1,5
mc6n,4372,-382.7354769080147,-391.6909,8.955423091985324,1,2
mc6n,4373,-384.1146516441061,-385.7014,1.5867483558938602,1,1
mc6n,4374,-388.1420823603078,-401.3406,13.19851763969217,1,5
mc6n,4375,-384.42540589126673,-375.4462,-8.979205891266758,1,1
mc6n,4376,-379.43867804773345,-367.3353,-12.103378047733429,1,4
mc6n,4377,-392.4382693342324,-409.647,17.208730665767575,1,7
mc6n,4378,-378.95625777238905,-381.9907,3.0344422276109526,1,2
mc6n,4379,-382.64547001121036,-371.4071,-11.23837001121035,1,9
mc6n,4380,-384.133680884792,-391.092,6.958319115207985,1,6
mc6n,4381,-383.7965072116414,-377.0885,-6.708007211641416,1,3
mc6n,4382,-384.0116521527536,-387.6001,3.588447847246414,1,2
mc6n,4383,-384.21950605509187,-371.6134,-12.606106055091857,1,3
mc6n,4384,-379.8723815843548,-377.7475,-2.124881584354796,1,8
mc6n,4385,-383.38976903492915,-387.1128,3.7230309650708477,1,6
mc6n,4386,-380.7138844170057,-360.9917,-19.722184417005735,1,9
mc6n,4387,-383.7902578395806,-409.478,25.68774216041942,1,3
mc6n,4388,-380.8658962044473,-377.3544,-3.511496204447326,1,4
mc6n,4389,-378.4888738917361,-383.7266,5.237726108263928,1,5
mc6n,4390,-379.0330587213612,-363.4682,-15.56485872136119,1,7
mc6n,4391,-389.6558717965258,-411.5518,21.895928203474227,1,4
mc6n,4392,-381.51433742793193,-379.2889,-2.2254374279319222,1,6
mc6n,4393,-387.5023101873946,-395.8655,8.363189812605412,1,9
mc6n,4394,-379.50717829446114,-388.3372,8.830021705538854,1,0
mc6n,4395,-381.45048263797366,-366.262,-15.188482637973664,1,4
mc6n,4396,-382.62125377278755,-411.7355,29.114246227212448,1,4
mc6n,4397,-379.934209517046,-383.679,3.744790482953988,1,7
mc6n,4398,-379.98029008645784,-389.2586,9.27830991354216,1,0
mc6n,4399,-380.6207412251447,-385.5843,4.963558774855301,1,1
mc6n,4400,-382.6032090952951,-374.2508,-8.352409095295059,1,4
mc6n,4401,-385.2068114637668,-407.349,22.142188536233164,1,2
mc6n,4402,-380.3340582615604,-365.8968,-14.43725826156043,1,3
mc6n,4403,-385.2858789788593,-397.3203,12.034421021140702,1,2
mc6n,4404,-384.49042973254757,-387.7877,3.2972702674524044,1,5
mc6n,4405,-386.36608096786233,-396.0444,9.678319032137665,1,0
mc6n,4406,-381.48252204344465,-382.8668,1.3842779565553656,1,8
mc6n,4407,-378.9280838284455,-365.422,-13.506083828445469,1,6
mc6n,4408,-380.115199088801,-373.3671,-6.748099088800984,1,5
mc6n,4409,-382.64168549847295,-395.8153,13.173614501527027,1,0
mc6n,4410,-381.03348906520733,-400.1126,19.079110934792652,1,4
mc6n,4411,-387.06800298625933,-399.5425,12.474497013740688,1,9
mc6n,4412,-383.2316829505773,-403.9468,20.7151170494227,1,5
mc6n,4413,-378.9002725852986,-366.8677,-12.032572585298567,1,4
mc6n,4414,-378.4882689720728,-384.86,6.37173102792724,1,4
mc6n,4415,-379.80969019776086,-370.0365,-9.773190197760869,1,5
mc6n,4416,-383.19522210960594,-404.9001,21.704877890394073,1,8
mc6n,4417,-380.84764193854846,-391.8108,10.963158061451509,1,6
mc6n,4418,-381.9043449331782,-379.6125,-2.291844933178197,1,3
mc6n,4419,-380.1828402742921,-388.1646,7.981759725707889,1,9
mc6n,4420,-385.97707057616213,-393.2023,7.225229423837845,1,5
mc6n,4421,-386.2841350644493,-378.717,-7.567135064449303,1,6
mc6n,4422,-387.2276026245621,-391.3484,4.120797375437917,1,3
mc6n,4423,-383.91688684757554,-387.6155,3.698613152424457,1,5
mc6n,4424,-382.8680572208338,-396.5288,13.660742779166185,1,2
mc6n,4425,-386.06012842723555,-383.3763,-2.6838284272355395,1,0
mc6n,4426,-381.35270591219245,-392.3958,11.04309408780756,1,3
mc6n,4427,-384.2816628031127,-390.1241,5.842437196887317,1,3
mc6n,4428,-381.87856870484205,-379.2075,-2.671068704842071,1,0
mc6n,4429,-384.186311403515,-396.3461,12.159788596484987,1,5
mc6n,4430,-381.421095717044,-381.2486,-0.17249571704400068,1,8
mc6n,4431,-383.358917505739,-371.0077,-12.351217505738987,1,5
mc6n,4432,-383.27936429790645,-366.4763,-16.803064297906474,1,5
mc6n,4433,-379.39428610785126,-390.1855,10.791213892148733,1,4
mc6n,4434,-387.15511392436355,-389.556,2.4008860756364356,1,8
mc6n,4435,-382.84846071111446,-385.9506,3.102139288885553,1,2
mc6n,4436,-381.4657599963824,-374.7725,-6.693259996382437,1,2
mc6n,4437,-382.0417489152916,-364.2053,-17.836448915291555,1,3
mc6n,4438,-384.22495095927957,-382.5826,-1.642350959279554,1,0
mc6n,4439,-381.7956294531885,-396.6704,14.874770546811476,1,6
mc6n,4440,-384.4003582021834,-392.8084,8.408041797816622,1,0
mc6n,4441,-387.97859090490823,-404.6654,16.686809095091746,1,5
mc6n,4442,-383.22919863850694,-383.7615,0.5323013614930687,1,6
mc6n,4443,-382.9143229057355,-370.6851,-12.229222905735526,1,5
mc6n,4444,-380.7723802717358,-398.1942,17.42181972826421,1,1
mc6n,4445,-382.5898669776635,-364.1368,-18.453066977663525,1,1
mc6n,4446,-382.7142884054252,-364.0916,-18.62268840542515,1,9
mc6n,4447,-388.2456961838741,-397.7042,9.458503816125926,1,4
mc6n,4448,-379.2627154586455,-385.8074,6.5446845413544565,1,0
mc6n,4449,-383.712951117618,-386.4388,2.7258488823820244,1,9
mc6n,4450,-384.99875926822534,-386.4437,1.4449407317746363,1,1
mc6n,4451,-383.2270839297702,-389.1721,5.945016070229826,1,5
mc6n,4452,-381.2654600594383,-381.0057,-0.2597600594382925,1,8
mc6n,4453,-385.1867631467744,-390.6222,5.43543685322561,1,0
mc6n,4454,-385.51231847229684,-380.7767,-4.735618472296835,1,6
mc6n,4455,-382.70726594094464,-400.9978,18.290534059055346,1,0
mc6n,4456,-380.69396536699037,-394.1197,13.425734633009654,1,7
mc6n,4457,-380.89440774876755,-389.0983,8.203892251232446,1,1
mc6n,4458,-382.7486370478159,-390.8449,8.096262952184077,1,2
mc6n,4459,-379.7393011460756,-390.4404,10.701098853924407,1,1
mc6n,4460,-383.8449421985006,-383.572,-0.2729421985005729,1,8
mc6n,4461,-378.4528184220755,-381.3724,2.919581577924532,1,5
mc6n,4462,-383.74005327454444,-387.6899,3.9498467254555862,1,2
mc6n,4463,-378.1070635496805,-370.7749,-7.3321635496805015,1,9
mc6n,4464,-380.2689315087291,-380.3224,0.05346849127090536,1,4
mc6n,4465,-379.43752029189943,-363.9381,-15.499420291899412,1,9
mc6n,4466,-379.16844714141075,-388.7654,9.596952858589248,1,1
mc6n,4467,-379.8133165780811,-385.1028,5.289483421918874,1,1
mc6n,4468,-383.54764113820835,-371.9921,-11.555541138208355,1,7
mc6n,4469,-383.09870856150803,-376.3985,-6.7002085615080205,1,3
mc6n,4470,-381.12367040980166,-379.9721,-1.15157040980165,1,6
mc6n,4471,-380.26671514344866,-395.4636,15.196884856551321,1,5
mc6n,4472,-379.2571130494013,-396.638,17.380886950598665,1,4
mc6n,4473,-387.79287994790604,-385.8167,-1.9761799479060187,1,2
mc6n,4474,-377.7358098084325,-362.3465,-15.389309808432529,1,9
mc6n,4475,-380.74389320018946,-407.3478,26.603906799810545,1,8
mc6n,4476,-378.60534665035,-373.3214,-5.283946650350003,1,7
mc6n,4477,-383.85034380452817,-380.7586,-3.091743804528164,1,4
mc6n,4478,-383.3320199170493,-375.6824,-7.6496199170493355,1,7
mc6n,4479,-385.2671283525205,-378.0919,-7.175228352520492,1,5
mc6n,4480,-383.22359309174595,-399.9131,16.68950690825403,1,3
mc6n,4481,-383.1006695303511,-392.7537,9.653030469648854,1,5
mc6n,4482,-387.2245736338648,-405.9699,18.745326366135203,1,4
mc6n,4483,-384.6275689053878,-386.2852,1.6576310946121566,1,3
mc6n,4484,-386.3233211814936,-417.9644,31.6410788185064,1,6
mc6n,4485,-385.37943067969053,-382.4938,-2.8856306796905073,1,6
mc6n,4486,-380.1867421314427,-384.2113,4.024557868557281,1,3
mc6n,4487,-382.9923192611716,-387.8403,4.847980738828426,1,2
mc6n,4488,-387.2027318932822,-374.2928,-12.909931893282192,1,7
mc6n,4489,-381.32884860954607,-388.6263,7.2974513904539435,1,9
mc6n,4490,-384.0233759220883,-419.6137,35.5903240779117,1,8
mc6n,4491,-385.25008078828876,-396.3522,11.102119211711226,1,0
mc6n,4492,-380.02145599744625,-367.8629,-12.158555997446229,1,7
mc6n,4493,-379.7828258671775,-370.8286,-8.954225867177513,1,1
mc6n,4494,-385.7701767641007,-381.0992,-4.670976764100715,1,3
mc6n,4495,-380.94584223352325,-367.995,-12.950842233523247,1,5
mc6n,4496,-379.762930035072,-378.7274,-1.0355300350719858,1,6
mc6n,4497,-381.74346580181935,-394.819,13.075534198180662,1,8
mc6n,4498,-381.97936626363423,-372.118,-9.861366263634238,1,5
mc6n,4499,-381.0529393652161,-382.8887,1.8357606347838669,1,9
mc6n,4500,-381.43905630837236,-407.7533,26.314243691627667,1,7
mc6n,4501,-385.4935333329877,-395.502,10.008466667012328,1,0
mc6n,4502,-383.8892582097624,-406.9929,23.103641790237646,1,6
mc6n,4503,-383.431334669698,-376.1489,-7.282434669697977,1,9
mc6n,4504,-379.30502406538716,-383.9708,4.665775934612839,1,4
mc6n,4505,-391.44152868524617,-389.858,-1.583528685246165,1,4
mc6n,4506,-380.2669705400287,-369.1596,-11.107370540028683,1,9
mc6n,4507,-381.0627699367844,-390.3415,9.278730063215619,1,4
mc6n,4508,-378.3377217928917,-357.7286,-20.609121792891756,1,5
mc6n,4509,-383.27470127118545,-373.9853,-9.289401271185454,1,4
mc6n,4510,-379.64019347167715,-380.6691,1.0289065283228638,1,1
mc6n,4511,-381.5218782156128,-391.5654,10.043521784387224,1,0
mc6n,4512,-379.27069173822656,-389.593,10.322308261773458,1,1
mc6n,4513,-385.72852516022954,-387.1925,1.463974839770458,1,2
mc6n,4514,-384.93350324827435,-403.6006,18.667096751725637,1,5
mc6n,4515,-382.31014184499986,-373.4382,-8.871941844999867,1,2
mc6n,4516,-384.27884026316224,-388.361,4.0821597368377525,1,3
mc6n,4517,-380.4193337330637,-390.2192,9.799866266936306,1,0
mc6n,4518,-384.2420800998047,-374.4863,-9.755780099804667,1,1
mc6n,4519,-383.9110666922386,-384.1153,0.20423330776139892,1,0
mc6n,4520,-381.2204054688699,-377.8928,-3.3276054688698764,1,0
mc6n,4521,-382.4230779571306,-414.9933,32.570222042869375,1,2
mc6n,4522,-385.77849127156185,-374.554,-11.224491271561874,1,7
mc6n,4523,-382.9574755133476,-387.8449,4.887424486652378,1,9
mc6n,4524,-381.3212162053754,-385.1019,3.780683794624622,1,2
mc6n,4525,-381.19408142439,-383.392,2.1979185756100037,1,2
mc6n,4526,-380.72633233278424,-393.926,13.19966766721575,1,5
mc6n,4527,-380.9563662037279,-386.0041,5.047733796272098,1,1
mc6n,4528,-385.8436876779799,-397.1295,11.285812322020092,1,0
mc6n,4529,-382.5962261639545,-390.6789,8.082673836045501,1,3
mc6n,4530,-381.94272218968314,-382.8717,0.9289778103168373,1,6
mc6n,4531,-381.4493844953873,-387.0312,5.5818155046127345,1,2
mc6n,4532,-383.4283251317476,-394.1861,10.757774868252397,1,2
mc6n,4533,-380.541393213195,-377.6205,-2.920893213195029,1,0
mc6n,4534,-382.3283264571693,-375.2143,-7.114026457169302,1,4
mc6n,4535,-384.0863459230294,-386.5443,2.4579540769706227,1,3
mc6n,4536,-380.77583973430654,-373.0574,-7.718439734306571,1,3
mc6n,4537,-383.1415323539332,-390.2663,7.1247676460668,1,0
mc6n,4538,-384.6488490246099,-383.9948,-0.6540490246098898,1,1
mc6n,4539,-383.7319464728369,-390.5617,6.829753527163064,1,3
mc6n,4540,-379.7660945680654,-384.5602,4.794105431934611,1,0
mc6n,4541,-380.1543469277121,-396.9126,16.758253072287914,1,6
mc6n,4542,-386.85775638819786,-386.4075,-0.450256388197829,1,7
mc6n,4543,-383.1381958833059,-387.948,4.8098041166940675,1,4
mc6n,4544,-380.86012122992327,-375.4072,-5.452921229923277,1,1
mc6n,4545,-382.6344961163855,-381.1769,-1.4575961163855027,1,6
mc6n,4546,-379.94461551547676,-399.8065,19.861884484523273,1,8
mc6n,4547,-389.1494229082618,-398.3475,9.198077091738242,1,1
mc6n,4548,-390.3780121870389,-412.6906,22.312587812961112,1,7
mc6n,4549,-386.73462574855284,-403.1263,16.39167425144717,1,2
mc6n,4550,-380.99796760661656,-384.519,3.52103239338345,1,5
mc6n,4551,-381.1398218896703,-392.5733,11.433478110329702,1,9
mc6n,4552,-382.60398281507537,-394.7483,12.144317184924603,1,0
mc6n,4553,-383.5650589332771,-394.7585,11.193441066722926,1,7
mc6n,4554,-382.7621316503343,-384.5868,1.8246683496656715,1,1
mc6n,4555,-386.7512183679947,-395.8364,9.085181632005344,1,7
mc6n,4556,-387.6322417804071,-387.6158,-0.016441780407149054,1,6
mc6n,4557,-385.31404037259284,-369.1297,-16.18434037259283,1,7
mc6n,4558,-382.0925947956141,-407.5008,25.408205204385922,1,7
mc6n,4559,-383.7333759406237,-373.4692,-10.264175940623716,1,0
mc6n,4560,-378.9761328965982,-392.9429,13.966767103401821,1,9
mc6n,4561,-381.9450998251829,-373.3423,-8.602799825182899,1,1
mc6n,4562,-383.43902731490505,-367.3509,-16.088127314905023,1,0
mc6n,4563,-377.525602743511,-371.963,-5.562602743510979,1,5
mc6n,4564,-380.8154964837248,-377.5053,-3.3101964837248374,1,3
mc6n,4565,-382.1698218237934,-401.8973,19.727478176206546,1,3
mc6n,4566,-382.32213042346507,-399.5543,17.232169576534943,1,9
mc6n,4567,-383.31886542492106,-400.6873,17.368434575078936,1,5
mc6n,4568,-381.1966837083769,-376.981,-4.2156837083769005,1,3
mc6n,4569,-381.94860697857996,-367.4526,-14.496006978579942,1,3
mc6n,4570,-382.70302962093416,-369.5461,-13.156929620934136,1,6
mc6n,4571,-378.7378347191759,-382.1035,3.3656652808240892,1,7
mc6n,4572,-378.829889808647,-394.4273,15.597410191352992,1,8
mc6n,4573,-381.1244466397381,-381.8243,0.6998533602618977,1,7
mc6n,4574,-388.4506233797048,-413.4629,25.01227662029521,1,5
mc6n,4575,-382.1016823954949,-395.528,13.42631760450513,1,1
mc6n,4576,-388.54502786659623,-401.3163,12.771272133403784,1,7
mc6n,4577,-380.17217323175106,-396.2828,16.11062676824895,1,1
mc6n,4578,-379.20011694354815,-372.0043,-7.195816943548152,1,2
mc6n,4579,-384.97217166947905,-393.4024,8.430228330520947,1,8
mc6n,4580,-380.2602919509585,-367.9864,-12.2738919509585,1,2
mc6n,4581,-384.14473886606646,-399.3147,15.169961133933555,1,4
mc6n,4582,-383.86909380336357,-386.8981,3.0290061966364306,1,6
mc6n,4583,-382.9938767409287,-409.3858,26.39192325907129,1,0
mc6n,4584,-381.7910774955617,-374.4858,-7.305277495561711,1,6
mc6n,4585,-380.174716529851,-364.9777,-15.197016529850998,1,6
mc6n,4586,-384.99401403756497,-391.7054,6.711385962435031,1,6
mc6n,4587,-389.53526249193493,-387.0491,-2.4861624919349197,1,0
mc6n,4588,-383.52924003495286,-409.9686,26.439359965047117,1,6
mc6n,4589,-387.86986538472206,-384.7322,-3.1376653847220837,1,8
mc6n,4590,-383.5394195022438,-406.0705,22.531080497756193,1,4
mc6n,4591,-387.2714624360273,-381.9338,-5.337662436027301,1,1
mc6n,4592,-380.6205937602847,-389.6688,9.048206239715284,1,7
mc6n,4593,-380.60710668780666,-377.4551,-3.1520066878066473,1,1
mc6n,4594,-382.2142118811655,-384.5944,2.3801881188344964,1,7
mc6n,4595,-381.52639315011305,-396.0515,14.525106849886924,1,4
mc6n,4596,-381.5762362693593,-397.1691,15.592863730640715,1,5
mc6n,4597,-384.4933658517483,-393.8185,9.325134148251664,1,7
mc6n,4598,-380.40489723800863,-383.4637,3.0588027619913873,1,5
mc6n,4599,-383.57324605627133,-376.1546,-7.418646056271314,1,5
mc6n,4600,-378.70562086577223,-357.7977,-20.907920865772212,1,2
mc6n,4601,-378.5920616360953,-371.5704,-7.021661636095303,1,2
mc6n,4602,-382.33829006102013,-392.0149,9.67660993897988,1,2
mc6n,4603,-382.20314260483053,-388.3489,6.145757395169483,1,8
mc6n,4604,-382.6674912196098,-361.565,-21.102491219609817,1,7
mc6n,4605,-390.44717947683364,-396.8827,6.43552052316636,1,0
mc6n,4606,-383.39090106298255,-401.3489,17.957998937017464,1,8
mc6n,4607,-382.6034782970917,-410.0047,27.401221702908288,1,4
mc6n,4608,-388.299645101147,-392.3308,4.0311548988530035,1,3
mc6n,4609,-379.51751714917594,-377.7132,-1.8043171491759722,1,6
mc6n,4610,-380.1247334757852,-400.4262,20.30146652421479,1,4
mc6n,4611,-379.97210610098045,-378.0415,-1.9306061009804694,1,2
mc6n,4612,-384.0457667338214,-401.0446,16.99883326617862,1,6
mc6n,4613,-385.0041709144494,-369.355,-15.649170914449371,1,2
mc6n,4614,-382.10319783209866,-376.1323,-5.970897832098672,1,4
mc6n,4615,-383.08481423506646,-391.6591,8.574285764933563,1,6
mc6n,4616,-380.46070483979224,-386.7347,6.273995160207733,1,2
mc6n,4617,-385.6763414287527,-406.2754,20.59905857124727,1,9
mc6n,4618,-381.0458234017356,-373.2336,-7.812223401735594,1,6
mc6n,4619,-381.1380673717168,-391.1264,9.988332628283217,1,5
mc6n,4620,-382.1365173581291,-380.6384,-1.4981173581290932,1,7
mc6n,4621,-379.20995379029273,-373.36,-5.849953790292716,1,7
mc6n,4622,-385.8789317772303,-378.6148,-7.264131777230318,1,2
mc6n,4623,-381.67663284936424,-403.6359,21.959267150635753,1,0
mc6n,4624,-383.93296365368786,-400.5831,16.650136346312138,1,5
mc6n,4625,-382.0254549907325,-373.1999,-8.825554990732485,1,2
mc6n,4626,-384.63037575775417,-408.1913,23.560924242245846,1,6
mc6n,4627,-382.22419242774987,-388.4376,6.213407572250105,1,8
mc6n,4628,-388.7720170588304,-397.717,8.944982941169599,1,9
mc6n,4629,-382.85669991745857,-410.9433,28.08660008254145,1,0
mc6n,4630,-379.0133549072826,-376.5786,-2.4347549072825814,1,3
mc6n,4631,-383.52367527633857,-401.7194,18.195724723661442,1,3
mc6n,4632,-380.53929607469513,-388.1861,7.64680392530488,1,3
mc6n,4633,-390.4003314626751,-405.3969,14.99656853732489,1,7
mc6n,4634,-379.2629024566454,-365.1563,-14.106602456645419,1,7
mc6n,4635,-380.41061636416254,-415.3921,34.98148363583749,1,0
mc6n,4636,-378.7186555034739,-374.5753,-4.143355503473856,1,4
mc6n,4637,-385.29950975103446,-392.9354,7.635890248965552,1,8
mc6n,4638,-384.4791245123796,-398.2234,13.744275487620428,1,7
mc6n,4639,-386.95462447940605,-394.0989,7.144275520593965,1,9
mc6n,4640,-381.8557311060055,-385.4906,3.634868893994451,1,1
mc6n,4641,-381.2078747216485,-382.2523,1.0444252783514685,1,1
mc6n,4642,-386.63769365128815,-390.7177,4.080006348711834,1,1
mc6n,4643,-379.312032097005,-373.152,-6.160032097005001,1,3
mc6n,4644,-381.5531156635094,-392.8665,11.313384336490572,1,3
mc6n,4645,-384.7032127258867,-381.7052,-2.998012725886724,1,3
mc6n,4646,-382.07395523851216,-399.2365,17.162544761487823,1,3
mc6n,4647,-385.49934658564496,-393.8585,8.359153414355035,1,2
mc6n,4648,-381.690079761199,-391.3269,9.636820238801022,1,1
mc6n,4649,-383.3556237057685,-384.2336,0.8779762942315301,1,2
mc6n,4650,-385.9728104107384,-395.04,9.067189589261602,1,4
mc6n,4651,-379.5618789686113,-370.5455,-9.01637896861132,1,6
mc6n,4652,-384.0818774243487,-377.3869,-6.694977424348679,1,2
mc6n,4653,-382.55459777813587,-381.4478,-1.106797778135899,1,5
mc6n,4654,-384.6758576825364,-396.3373,11.661442317463639,1,8
mc6n,4655,-385.57546166602117,-384.9206,-0.6548616660211906,1,5
mc6n,4656,-383.5313252507462,-393.3726,9.841274749253785,1,3
mc6n,4657,-387.1240095087495,-386.8976,-0.22640950874949795,1,0
mc6n,4658,-385.3053970498021,-398.4069,13.101502950197926,1,4
mc6n,4659,-384.8033150036751,-403.8868,19.0834849963249,1,9
mc6n,4660,-382.4254857130772,-385.1478,2.722314286922824,1,7
mc6n,4661,-379.2412734419861,-363.2044,-16.036873441986074,1,8
mc6n,4662,-381.87790981931875,-373.3486,-8.529309819318769,1,0
mc6n,4663,-379.00780395388495,-371.1201,-7.887703953884966,1,2
mc6n,4664,-377.5403693089024,-369.107,-8.4333693089024,1,2
mc6n,4665,-381.6696411329766,-412.3872,30.7175588670234,1,2
mc6n,4666,-381.53294623708365,-397.2874,15.754453762916341,1,8
mc6n,4667,-380.9653521469223,-383.7055,2.7401478530776444,1,2
mc6n,4668,-385.6579961738674,-402.6508,16.992803826132615,1,6
mc6n,4669,-383.80540906852906,-384.8503,1.0448909314709454,1,1
mc6n,4670,-378.53566542987846,-371.6269,-6.9087654298784855,1,8
mc6n,4671,-383.9219100650797,-391.2085,7.2865899349203005,1,9
mc6n,4672,-380.2522121323236,-376.027,-4.225212132323634,1,4
mc6n,4673,-381.2052780853346,-374.55,-6.655278085334601,1,0
mc6n,4674,-381.0761214671091,-374.7113,-6.3648214671090955,1,7
mc6n,4675,-381.8011076154825,-381.8285,0.027392384517497703,1,0
mc6n,4676,-380.15663545659277,-404.941,24.784364543407207,1,4
mc6n,4677,-381.35547887894916,-391.8835,10.52802112105087,1,6
mc6n,4678,-381.680295625165,-374.5849,-7.095395625164997,1,1
mc6n,4679,-382.3762744962816,-399.5423,17.1660255037184,1,8
mc6n,4680,-380.61722716921065,-396.9283,16.31107283078933,1,1
mc6n,4681,-382.5863259386568,-391.6941,9.107774061343207,1,0
mc6n,4682,-383.99858300193887,-397.8406,13.842016998061126,1,7
mc6n,4683,-378.8850523302667,-377.5189,-1.3661523302667433,1,7
mc6n,4684,-385.3749816337568,-411.5023,26.127318366243173,1,4
mc6n,4685,-382.65643386598146,-366.5525,-16.103933865981446,1,6
mc6n,4686,-382.43041731409147,-377.7318,-4.69861731409145,1,8
mc6n,4687,-381.4219585433008,-382.2312,0.8092414566992261,1,7
mc6n,4688,-378.8591135768472,-362.7256,-16.133513576847236,1,3
mc6n,4689,-386.3555695478677,-390.2037,3.8481304521323523,1,7
mc6n,4690,-383.9581217846474,-383.0378,-0.920321784647399,1,0
mc6n,4691,-379.3567020238736,-365.1414,-14.215302023873619,1,9
mc6n,4692,-386.23698961070005,-392.3994,6.162410389299964,1,8
mc6n,4693,-382.41821412719304,-376.7346,-5.683614127193039,1,8
mc6n,4694,-379.6076018572534,-381.175,1.5673981427465833,1,8
mc6n,4695,-379.9507764085646,-397.245,17.29422359143541,1,8
mc6n,4696,-385.7684329137043,-377.524,-8.244432913704316,1,0
mc6n,4697,-378.0498904860239,-382.4458,4.3959095139761075,1,8
mc6n,4698,-382.71976154769226,-380.265,-2.4547615476922715,1,1
mc6n,4699,-386.50264847928827,-396.9849,10.482251520711714,1,6
mc6n,4700,-386.38673357701464,-387.3488,0.9620664229853446,1,5
mc6n,4701,-379.3951112834781,-362.6295,-16.76561128347811,1,9
mc6n,4702,-382.8519540592948,-399.4024,16.550445940705174,1,3
mc6n,4703,-379.2165934735836,-375.3171,-3.899493473583618,1,0
mc6n,4704,-378.238103325476,-364.1081,-14.130003325476025,1,2
mc6n,4705,-383.1772621459237,-410.8665,27.689237854076282,1,3
mc6n,4706,-383.27337659760184,-405.2681,21.994723402398165,1,0
mc6n,4707,-383.681423760171,-381.4265,-2.254923760171039,1,2
mc6n,4708,-381.5178527390154,-399.2174,17.699547260984616,1,3
mc6n,4709,-390.2556383244407,-410.7768,20.521161675559256,1,2
mc6n,4710,-388.7930505665196,-381.9504,-6.8426505665195805,1,9
mc6n,4711,-385.1643478621248,-405.8658,20.70145213787515,1,9
mc6n,4712,-384.8102690694329,-387.7064,2.8961309305670966,1,2
mc6n,4713,-385.06625549886996,-393.603,8.536744501130045,1,3
mc6n,4714,-384.46234928746134,-404.9777,20.51535071253869,1,1
mc6n,4715,-384.0600005431497,-376.4688,-7.591200543149739,1,9
mc6n,4716,-381.2075390039246,-361.9505,-19.257039003924604,1,1
mc6n,4717,-380.85137938810556,-385.5445,4.6931206118944715,1,3
mc6n,4718,-384.4210679147125,-398.7917,14.370632085287468,1,0
mc6n,4719,-380.3947416161309,-364.3676,-16.027141616130905,1,6
mc6n,4720,-379.63367678032967,-365.4883,-14.145376780329684,1,7
mc6n,4721,-383.8672809270264,-386.5269,2.659619072973612,1,3
mc6n,4722,-380.2316818876114,-379.9138,-0.31788188761140646,1,5
mc6n,4723,-380.02711676521665,-390.7003,10.67318323478338,1,1
mc6n,4724,-380.4732788851737,-391.9109,11.4376211148263,1,8
mc6n,4725,-381.45074619209737,-390.6396,9.188853807902603,1,2
mc6n,4726,-382.7866089328674,-409.3606,26.573991067132567,1,4
mc6n,4727,-381.37391700518845,-385.3573,3.9833829948115635,1,2
mc6n,4728,-381.4171166761236,-386.0574,4.6402833238763606,1,1
mc6n,4729,-381.0065513158744,-387.04,6.033448684125631,1,1
mc6n,4730,-380.46349725929593,-391.0073,10.543802740704052,1,1
mc6n,4731,-383.6178268766635,-395.9741,12.356273123336507,1,5
mc6n,4732,-381.0269297032031,-379.2215,-1.8054297032031172,1,1
mc6n,4733,-380.20439963536467,-375.1954,-5.00899963536466,1,3
mc6n,4734,-387.2496401483344,-386.7294,-0.5202401483343806,1,4
mc6n,4735,-382.3114508308567,-407.5496,25.2381491691433,1,8
mc6n,4736,-381.19809937094703,-376.4725,-4.725599370947009,1,9
mc6n,4737,-384.1644903708288,-410.8384,26.67390962917119,1,0
mc6n,4738,-381.6964514976999,-398.1939,16.497448502300074,1,3
mc6n,4739,-385.99863244724816,-406.3541,20.35546755275186,1,7
mc6n,4740,-385.0104033437768,-386.3307,1.3202966562232064,1,4
mc6n,4741,-381.5155535424348,-387.839,6.323446457565183,1,3
mc6n,4742,-383.4017274929475,-389.2157,5.81397250705254,1,5
mc6n,4743,-385.34239503936004,-383.0198,-2.322595039360067,1,6
mc6n,4744,-379.4433071891301,-386.6946,7.25129281086987,1,1
mc6n,4745,-385.2081348823437,-394.787,9.578865117656278,1,7
mc6n,4746,-381.56736453306115,-405.2976,23.730235466938836,1,7
mc6n,4747,-382.5241208724489,-393.8531,11.328979127551065,1,6
mc6n,4748,-382.30371802500633,-393.6176,11.313881974993649,1,7
mc6n,4749,-383.6798505926871,-389.8564,6.176549407312905,1,1
mc6n,4750,-389.05863099633126,-405.5175,16.458869003668724,1,8
mc6n,4751,-382.5972132371614,-383.7157,1.1184867628386428,1,3
mc6n,4752,-380.9541874889346,-384.4921,3.5379125110653717,1,6
mc6n,4753,-384.0451662068243,-376.1699,-7.875266206824335,1,6
mc6n,4754,-380.70985643025216,-368.1373,-12.572556430252178,1,1
mc6n,4755,-382.6699692566466,-392.2569,9.586930743353378,1,3
mc6n,4756,-382.8558276785087,-392.6835,9.827672321491264,1,4
mc6n,4757,-385.33610111413225,-410.0585,24.722398885867733,1,3
mc6n,4758,-382.23759478627505,-413.59,31.35240521372492,1,1
mc6n,4759,-381.24550210378635,-395.3611,14.115597896213671,1,3
mc6n,4760,-387.0104866746957,-397.0877,10.077213325304285,1,2
mc6n,4761,-380.66620495218666,-395.0177,14.35149504781333,1,3
mc6n,4762,-382.3755484673277,-402.1501,19.77455153267232,1,0
mc6n,4763,-383.13643132515585,-385.0608,1.9243686748441178,1,7
mc6n,4764,-385.43017364831996,-390.6558,5.2256263516800345,1,5
mc6n,4765,-384.74009337117417,-388.6096,3.8695066288258317,1,2
mc6n,4766,-381.3133484850176,-393.5899,12.276551514982373,1,4
mc6n,4767,-379.3247065440661,-372.6547,-6.670006544066098,1,2
mc6n,4768,-378.23355701552214,-383.2769,5.043342984477874,1,5
mc6n,4769,-386.50894867969237,-410.7455,24.236551320307626,1,0
mc6n,4770,-379.40421582609247,-365.2921,-14.112115826092463,1,9
mc6n,4771,-384.17544920543025,-409.7183,25.542850794569745,1,6
mc6n,4772,-381.36985889813076,-394.5776,13.20774110186926,1,1
mc6n,4773,-384.0212486631416,-400.4798,16.45855133685842,1,1
mc6n,4774,-382.6596260092656,-365.5008,-17.158826009265567,1,6
mc6n,4775,-378.8052569035675,-376.2374,-2.567856903567531,1,8
mc6n,4776,-381.4385078645825,-376.9343,-4.504207864582497,1,7
mc6n,4777,-378.7160011362797,-374.0633,-4.652701136279688,1,2
mc6n,4778,-382.2145883871788,-393.3374,11.122811612821181,1,1
mc6n,4779,-383.89783752649663,-391.5193,7.621462473503357,1,5
mc6n,4780,-385.743190696438,-406.3777,20.634509303562027,1,1
mc6n,4781,-383.5245920684553,-385.0035,1.4789079315446543,1,5
mc6n,4782,-382.44409765960313,-400.1566,17.712502340396895,1,2
mc6n,4783,-380.4100390549326,-382.5264,2.116360945067413,1,7
mc6n,4784,-382.3416233941306,-411.4691,29.127476605869447,1,8
mc6n,4785,-385.5129861430099,-382.502,-3.010986143009916,1,9
mc6n,4786,-380.12935947952235,-381.9883,1.8589405204776313,1,8
mc6n,4787,-388.5799833111604,-389.46,0.8800166888395893,1,3
mc6n,4788,-389.90276937107535,-401.7286,11.82583062892462,1,8
mc6n,4789,-381.35807928042595,-375.1481,-6.209979280425955,1,2
mc6n,4790,-381.55000760638944,-381.8276,0.2775923936105755,1,9
mc6n,4791,-385.56434971902945,-397.547,11.982650280970574,1,1
mc6n,4792,-382.0175753476682,-380.0001,-2.01747534766821,1,5
mc6n,4793,-382.48996111056823,-386.2149,3.724938889431769,1,5
mc6n,4794,-380.11912479136475,-366.5665,-13.552624791364735,1,8
mc6n,4795,-386.25815615052915,-378.9813,-7.27685615052917,1,3
mc6n,4796,-381.23391324910165,-391.0927,9.858786750898332,1,5
mc6n,4797,-380.89229115752073,-375.3374,-5.5548911575207285,1,2
mc6n,4798,-385.7369344218401,-390.6148,4.877865578159913,1,1
mc6n,4799,-380.2672297016288,-373.8854,-6.381829701628817,1,7
mc6n,4800,-380.27452638793295,-378.4554,-1.819126387932954,1,0
mc6n,4801,-383.3197420563945,-391.8323,8.512557943605486,1,2
mc6n,4802,-383.6126078759697,-379.8846,-3.728007875969695,1,7
mc6n,4803,-384.5115818396566,-386.4583,1.94671816034338,1,5
mc6n,4804,-381.4599116031087,-405.6734,24.213488396891307,1,7
mc6n,4805,-384.4098267004584,-391.3479,6.9380732995416,1,7
mc6n,4806,-381.33854050144413,-384.9495,3.6109594985558715,1,6
mc6n,4807,-381.20354364763136,-377.5305,-3.6730436476313457,1,5
mc6n,4808,-384.2107140124344,-409.5156,25.304885987565626,1,6
mc6n,4809,-383.38820716250575,-371.421,-11.967207162505758,1,4
mc6n,4810,-383.67773274643355,-405.0939,21.41616725356647,1,0
mc6n,4811,-382.24249689448857,-387.4964,5.2539031055114265,1,4
mc6n,4812,-383.5633370459265,-388.6253,5.061962954073465,1,3
mc6n,4813,-382.1157794075205,-400.0891,17.973320592479467,1,2
mc6n,4814,-378.8015414169135,-361.7157,-17.085841416913468,1,8
mc6n,4815,-380.9890324917653,-382.3572,1.3681675082347056,1,1
mc6n,4816,-380.03150054994444,-372.162,-7.869500549944462,1,5
mc6n,4817,-382.3740562484911,-408.7335,26.359443751508877,1,8
mc6n,4818,-383.99690064758556,-386.4906,2.49369935241441,1,6
mc6n,4819,-380.43408963061256,-358.251,-22.183089630612585,1,5
mc6n,4820,-379.8008717996767,-376.7068,-3.094071799676726,1,7
mc6n,4821,-382.8388930661666,-373.141,-9.697893066166557,1,1
mc6n,4822,-381.119498723351,-394.7044,13.58490127664902,1,0
mc6n,4823,-384.6645323819754,-384.3041,-0.36043238197538585,1,4
mc6n,4824,-382.38109691071185,-395.341,12.959903089288161,1,0
mc6n,4825,-389.87094959392186,-387.7744,-2.09654959392185,1,5
mc6n,4826,-384.35919982123534,-403.2781,18.91890017876466,1,7
mc6n,4827,-379.8749775931654,-385.6527,5.7777224068345845,1,7
mc6n,4828,-381.59845075093494,-390.7172,9.118749249065047,1,2
mc6n,4829,-380.398800978338,-389.702,9.30319902166201,1,2
mc6n,4830,-387.3323415737875,-383.5288,-3.803541573787527,1,4
mc6n,4831,-385.05045416958797,-381.9318,-3.1186541695879555,1,5
mc6n,4832,-384.5317882890662,-405.8676,21.335811710933797,1,2
mc6n,4833,-380.56563329688834,-383.0294,2.4637667031116735,1,2
mc6n,4834,-384.15852588829136,-383.2195,-0.9390258882913827,1,2
mc6n,4835,-383.61182286098614,-373.9211,-9.690722860986114,1,1
mc6n,4836,-382.1004167077982,-381.5563,-0.5441167077981959,1,5
mc6n,4837,-389.32721531656307,-411.1381,21.81088468343694,1,8
mc6n,4838,-379.2050165416055,-366.0392,-13.165816541605523,1,7
mc6n,4839,-380.46981942260305,-358.6137,-21.856119422603058,1,4
mc6n,4840,-385.54826914775424,-409.5302,23.98193085224574,1,6
mc6n,4841,-381.78149981056,-397.1209,15.339400189440028,1,2
mc6n,4842,-384.90738251702453,-392.8329,7.925517482975465,1,1
mc6n,4843,-385.76346554457024,-382.4588,-3.3046655445702413,1,2
mc6n,4844,-381.44814202560036,-403.1729,21.724757974399665,1,0
mc6n,4845,-382.80835466443654,-373.6589,-9.149454664436519,1,5
mc6n,4846,-382.29777864288883,-406.767,24.469221357111167,1,8
mc6n,4847,-385.2250531794557,-404.8116,19.5865468205443,1,3
mc6n,4848,-381.3681319906106,-393.4854,12.11726800938942,1,1
mc6n,4849,-381.4600979736053,-396.9992,15.539102026394687,1,9
mc6n,4850,-382.8374629708764,-418.4722,35.634737029123585,1,2
mc6n,4851,-384.05229974039895,-406.582,22.529700259601043,1,1
mc6n,4852,-380.8261321508123,-401.5641,20.73796784918767,1,3
mc6n,4853,-382.3817639537789,-406.4295,24.047736046221132,1,7
mc6n,4854,-384.64505447167596,-396.779,12.133945528324034,1,5
mc6n,4855,-382.38372303996925,-401.3753,18.991576960030727,1,4
mc6n,4856,-381.18956837254245,-370.7772,-10.41236837254246,1,4
mc6n,4857,-384.32397893989474,-385.1085,0.7845210601052486,1,2
mc6n,4858,-388.1220309056559,-413.1468,25.024769094344094,1,3
mc6n,4859,-383.3322596259025,-374.6564,-8.67585962590249,1,6
mc6n,4860,-381.44372435526293,-395.7159,14.272175644737047,1,1
mc6n,4861,-386.06406040483296,-401.9426,15.87853959516707,1,1
mc6n,4862,-379.7086868155825,-393.889,14.180313184417514,1,5
mc6n,4863,-383.9870481131142,-376.8354,-7.15164811311422,1,1
mc6n,4864,-379.7294009207779,-371.4209,-8.308500920777874,1,4
mc6n,4865,-381.8000383384789,-383.383,1.5829616615210966,1,8
mc6n,4866,-382.19378329313963,-369.5227,-12.671083293139645,1,4
mc6n,4867,-383.7402045044246,-392.3537,8.613495495575421,1,6
mc6n,4868,-382.5691591476445,-392.7963,10.22714085235549,1,5
mc6n,4869,-381.94332522683635,-388.9724,7.029074773163643,1,4
mc6n,4870,-383.6203858624903,-387.9084,4.288014137509663,1,8
mc6n,4871,-382.9386188377989,-379.3661,-3.5725188377988957,1,2
mc6n,4872,-388.4577625609524,-392.9392,4.481437439047625,1,5
mc6n,4873,-382.0739263730721,-376.032,-6.041926373072101,1,6
mc6n,4874,-382.1572063627618,-376.7134,-5.443806362761848,1,0
mc6n,4875,-382.90811996935156,-385.1806,2.2724800306484667,1,2
mc6n,4876,-385.4171923488323,-405.786,20.368807651167685,1,4
mc6n,4877,-383.431126336441,-401.9082,18.477073663558997,1,9
mc6n,4878,-381.5607399099937,-383.075,1.514260090006303,1,0
mc6n,4879,-381.82959468688625,-375.7362,-6.093394686886256,1,7
mc6n,4880,-384.45063179330293,-383.2547,-1.1959317933029183,1,8
mc6n,4881,-383.64901851624387,-395.0726,11.423581483756152,1,2
mc6n,4882,-386.27516606413104,-393.4431,7.167933935868973,1,7
mc6n,4883,-381.2160016037491,-394.3007,13.084698396250928,1,2
mc6n,4884,-383.05551328323907,-385.1401,2.0845867167609526,1,5
mc6n,4885,-380.46808435739644,-384.8456,4.377515642603555,1,9
mc6n,4886,-382.9893298034715,-375.4999,-7.489429803471467,1,9
mc6n,4887,-384.65121410975706,-390.3993,5.748085890242919,1,7
mc6n,4888,-383.67722760080386,-376.1605,-7.516727600803847,1,8
mc6n,4889,-380.57122503857534,-382.113,1.5417749614246645,1,8
mc6n,4890,-381.44701376256717,-399.7435,18.296486237432816,1,1
mc6n,4891,-382.73451807274455,-373.0635,-9.671018072744573,1,8
mc6n,4892,-380.0985518759957,-367.6679,-12.43065187599575,1,3
mc6n,4893,-385.01649207340705,-398.5244,13.507907926592964,1,3
mc6n,4894,-384.3502446259911,-406.6432,22.292955374008898,1,3
mc6n,4895,-384.03363571052313,-399.565,15.531364289476869,1,8
mc6n,4896,-380.6711817340138,-387.849,7.177818265986161,1,0
mc6n,4897,-386.99511456213764,-412.3222,25.327085437862365,1,8
mc6n,4898,-385.86623285725267,-387.071,1.2047671427473574,1,8
mc6n,4899,-381.15746684338234,-392.9124,11.754933156617653,1,4
mc6n,4900,-378.7573873032317,-365.2714,-13.485987303231695,1,5
mc6n,4901,-386.17791519173323,-391.8693,5.6913848082667755,1,0
mc6n,4902,-381.2125892043587,-379.179,-2.033589204358748,1,3
mc6n,4903,-381.85109757208534,-382.1934,0.34230242791466026,1,2
mc6n,4904,-386.7744230602941,-411.7034,24.928976939705876,1,2
mc6n,4905,-383.77537079225914,-376.5468,-7.22857079225912,1,6
mc6n,4906,-378.8318633275574,-368.1501,-10.681763327557405,1,3
mc6n,4907,-381.89747934625075,-384.5656,2.66812065374927,1,7
mc6n,4908,-385.1294363432242,-406.5465,21.41706365677578,1,6
mc6n,4909,-380.0182764042294,-387.2024,7.184123595770586,1,6
mc6n,4910,-384.47472315727225,-417.6256,33.15087684272777,1,6
mc6n,4911,-382.730677711637,-382.2001,-0.5305777116369654,1,2
mc6n,4912,-381.33548327281005,-370.686,-10.649483272810073,1,8
mc6n,4913,-385.00446207914916,-390.4422,5.43773792085085,1,0
mc6n,4914,-379.5307638852974,-395.2487,15.717936114702582,1,8
mc6n,4915,-388.06340515644536,-388.3501,0.2866948435546419,1,0
mc6n,4916,-378.87764331957635,-382.9128,4.035156680423654,1,6
mc6n,4917,-379.393614672118,-371.102,-8.291614672118044,1,3
mc6n,4918,-382.86041540411264,-412.3031,29.44268459588733,1,7
mc6n,4919,-384.6486695566503,-369.9529,-14.695769556650305,1,9
mc6n,4920,-379.4912244801496,-400.6398,21.148575519850397,1,9
mc6n,4921,-384.6976040416089,-408.8806,24.182995958391132,1,0
mc6n,4922,-377.9422060050473,-364.4368,-13.505406005047291,1,5
mc6n,4923,-383.92153732408656,-387.1693,3.2477626759134637,1,1
mc6n,4924,-387.7262170505747,-408.479,20.752782949425296,1,5
mc6n,4925,-389.39525371582124,-398.8448,9.44954628417878,1,6
mc6n,4926,-384.130517606948,-402.0885,17.95798239305202,1,4
mc6n,4927,-379.1676947568875,-388.0785,8.91080524311252,1,5
mc6n,4928,-385.81825218768,-410.2865,24.468247812319987,1,6
mc6n,4929,-381.2450427664729,-367.8938,-13.351242766472922,1,4
mc6n,4930,-380.52371123635646,-393.0086,12.48488876364354,1,8
mc6n,4931,-381.3952416775774,-385.5328,4.137558322422592,1,3
mc6n,4932,-380.67304355618404,-378.5725,-2.10054355618405,1,2
mc6n,4933,-380.4327210313655,-378.0326,-2.4001210313654724,1,0
mc6n,4934,-385.81719546088635,-393.3808,7.563604539113669,1,3
mc6n,4935,-378.4608336072932,-374.5871,-3.873733607293161,1,4
mc6n,4936,-379.5433153402725,-364.1028,-15.440515340272498,1,2
mc6n,4937,-378.7411718173065,-352.8596,-25.881571817306508,1,8
mc6n,4938,-380.4645571237491,-391.8573,11.392742876250907,1,7
mc6n,4939,-380.389844528087,-394.3922,14.002355471913006,1,8
mc6n,4940,-381.25633543643096,-367.6718,-13.58453543643094,1,2
mc6n,4941,-389.51132235798843,-396.2432,6.731877642011568,1,9
mc6n,4942,-382.9858621832144,-402.4747,19.488837816785576,1,9
mc6n,4943,-378.2530512411944,-358.0281,-20.22495124119439,1,6
mc6n,4944,-381.96590052655586,-372.6475,-9.318400526555877,1,7
mc6n,4945,-379.69785222793115,-381.4449,1.7470477720688677,1,9
mc6n,4946,-381.59823174997814,-386.2917,4.693468250021851,1,2
mc6n,4947,-381.4371392653354,-404.7034,23.26626073466457,1,6
mc6n,4948,-382.5050144479932,-397.6472,15.142185552006822,1,7
mc6n,4949,-381.8443455645509,-372.6798,-9.164545564550906,1,1
mc6n,4950,-381.01816087845543,-390.9004,9.882239121544558,1,4
mc6n,4951,-384.63081250466115,-386.4216,1.7907874953388614,1,2
mc6n,4952,-380.14453769140084,-357.2928,-22.851737691400842,1,0
mc6n,4953,-385.8435402131199,-392.1306,6.287059786880093,1,9
mc6n,4954,-378.8587979393736,-392.7472,13.888402060626447,1,3
mc6n,4955,-379.13602809226694,-376.3123,-2.823728092266947,1,0
mc6n,4956,-384.000347560089,-376.4566,-7.5437475600890025,1,6
mc6n,4957,-385.7345436087697,-409.9826,24.248056391230307,1,9
mc6n,4958,-381.8149617812808,-399.0833,17.268338218719236,1,4
mc6n,4959,-381.09384109443477,-399.0616,17.967758905565233,1,9
mc6n,4960,-379.43944360997006,-386.2022,6.762756390029949,1,9
mc6n,4961,-381.9648908630852,-385.6998,3.73490913691478,1,9
mc6n,4962,-379.0563481274708,-369.14,-9.916348127470826,1,5
mc6n,4963,-385.24984358959165,-385.0996,-0.1502435895916392,1,1
mc6n,4964,-387.0950430196394,-403.3699,16.274856980360596,1,4
mc6n,4965,-381.3360536793603,-398.617,17.280946320639714,1,8
mc6n,4966,-378.99786733296406,-379.1212,0.12333266703592471,1,3
mc6n,4967,-380.6736177277545,-363.381,-17.292617727754532,1,3
mc6n,4968,-379.3824261688598,-373.5889,-5.793526168859785,1,8
mc6n,4969,-383.0167068097249,-395.4522,12.43549319027511,1,8
mc6n,4970,-379.1474274389383,-388.467,9.319572561061705,1,4
mc6n,4971,-379.26600423858906,-380.4686,1.2025957614109188,1,8
mc6n,4972,-382.2650094431583,-391.9742,9.70919055684169,1,4
mc6n,4973,-382.12355739404114,-403.1645,21.040942605958833,1,3
mc6n,4974,-379.98492173772524,-376.6335,-3.351421737725218,1,6
mc6n,4975,-381.73600157040494,-389.7504,8.014398429595076,1,6
mc6n,4976,-381.9726274338131,-398.062,16.08937256618691,1,0
mc6n,4977,-379.64260813016074,-369.1759,-10.466708130160725,1,3
mc6n,4978,-381.93535584979224,-383.3774,1.4420441502077779,1,9
mc6n,4979,-379.5723257550461,-378.3574,-1.2149257550461243,1,4
mc6n,4980,-382.74406563744213,-395.6062,12.862134362557867,1,9
mc6n,4981,-384.1063672570918,-407.1731,23.066732742908187,1,5
mc6n,4982,-378.22333111255426,-367.521,-10.702331112554248,1,5
mc6n,4983,-382.3277114974522,-365.6117,-16.7160114974522,1,6
mc6n,4984,-384.49271637891815,-385.6959,1.2031836210818483,1,0
mc6n,4985,-378.2533317380516,-369.6049,-8.648431738051613,1,1
mc6n,4986,-380.8079450284868,-404.0738,23.265854971513193,1,2
mc6n,4987,-382.0324492171336,-383.4849,1.4524507828663786,1,7
mc6n,4988,-385.46362055881735,-378.1375,-7.326120558817365,1,6
mc6n,4989,-379.1840420199459,-384.9753,5.791257980054127,1,3
mc6n,4990,-387.6631780234075,-380.5746,-7.0885780234075355,1,9
mc6n,4991,-379.96689463046965,-404.3766,24.409705369530343,1,6
mc6n,4992,-386.11312101925176,-398.5979,12.484778980748217,1,8
mc6n,4993,-384.14616080367017,-398.9781,14.831939196329813,1,5
mc6n,4994,-386.38339271372115,-391.4026,5.019207286278856,1,1
mc6n,4995,-380.5801971765531,-381.2147,0.6345028234468941,1,8
mc6n,4996,-379.1340275904265,-368.1559,-10.978127590426539,1,3
mc6n,4997,-382.1417583215833,-376.3697,-5.772058321583302,1,3
mc6n,4998,-385.5528813462747,-396.094,10.541118653725277,1,3
mc6n,4999,-381.16657703352695,-395.653,14.486422966473071,1,4
